decoded /scratch/cmarti/issue103_ad8da4f/external/shuttleset-sources/21 An_Se_Young_Ratchanok_Intanon_YONEX_Thailand_Open_2021_QuarterFinals.mp4 to frame 90835 in 439s
shuttleset_21_scene_0039 pair 0 [0, 1] combined 262144 players 73688 retained 256 seconds 3.6509332647547126
shuttleset_21_scene_0039 pair 1 [0, 2] combined 262144 players 84250 retained 256 seconds 3.7781149740330875
shuttleset_21_scene_0039 pair 5 [0, 6] combined 43008 players 12858 retained 256 seconds 1.0287115471437573
shuttleset_21_scene_0039 pair 6 [0, 7] combined 243712 players 66158 retained 256 seconds 3.113581774290651
shuttleset_21_scene_0039 pair 7 [0, 8] combined 124928 players 22760 retained 256 seconds 1.4142484092153609
shuttleset_21_scene_0039 pair 8 [0, 9] combined 65536 players 21100 retained 256 seconds 1.3475930206477642
shuttleset_21_scene_0039 pair 11 [0, 12] combined 94208 players 29542 retained 256 seconds 1.6181161990389228
shuttleset_21_scene_0039 pair 12 [0, 13] combined 36864 players 10336 retained 256 seconds 0.8529059970751405
shuttleset_21_scene_0039 pair 13 [0, 14] combined 0 players 0 retained 0 seconds 0.3268322739750147
shuttleset_21_scene_0039 pair 15 [1, 0] combined 262144 players 92374 retained 256 seconds 4.156625866889954
shuttleset_21_scene_0039 pair 16 [1, 2] combined 262144 players 1032 retained 256 seconds 1.027267029043287
shuttleset_21_scene_0039 pair 17 [1, 3] combined 262144 players 117298 retained 256 seconds 4.739646068774164
shuttleset_21_scene_0039 pair 18 [1, 4] combined 262144 players 95514 retained 256 seconds 4.0403926889412105
shuttleset_21_scene_0039 pair 20 [1, 6] combined 80896 players 224 retained 114 seconds 0.42310770601034164
shuttleset_21_scene_0039 pair 22 [1, 8] combined 62464 players 9162 retained 256 seconds 0.6533039538189769
shuttleset_21_scene_0039 pair 24 [1, 10] combined 262144 players 87378 retained 256 seconds 3.906983151100576
shuttleset_21_scene_0039 pair 25 [1, 11] combined 158720 players 67166 retained 256 seconds 2.853747139684856
shuttleset_21_scene_0039 pair 27 [1, 13] combined 31744 players 1412 retained 256 seconds 0.3538704211823642
shuttleset_21_scene_0039 pair 30 [2, 0] combined 262144 players 105804 retained 256 seconds 4.33154920488596
shuttleset_21_scene_0039 pair 31 [2, 1] combined 262144 players 12066 retained 256 seconds 1.3611818766221404
shuttleset_21_scene_0039 pair 32 [2, 3] combined 262144 players 116112 retained 256 seconds 4.634189799893647
shuttleset_21_scene_0039 pair 33 [2, 4] combined 262144 players 100044 retained 256 seconds 4.227714352775365
shuttleset_21_scene_0039 pair 34 [2, 5] combined 37888 players 0 retained 0 seconds 0.2657569171860814
shuttleset_21_scene_0039 pair 38 [2, 9] combined 83968 players 1150 retained 256 seconds 0.38715425366535783
shuttleset_21_scene_0039 pair 41 [2, 12] combined 204800 players 3806 retained 256 seconds 0.8136198418214917
shuttleset_21_scene_0039 pair 43 [2, 14] combined 1024 players 0 retained 0 seconds 0.06968443980440497
shuttleset_21_scene_0039 pair 46 [3, 1] combined 262144 players 88712 retained 256 seconds 3.998163147829473
shuttleset_21_scene_0039 pair 47 [3, 2] combined 262144 players 101102 retained 256 seconds 4.069369365926832
shuttleset_21_scene_0039 pair 50 [3, 6] combined 40960 players 15746 retained 256 seconds 0.7304510520771146
shuttleset_21_scene_0039 pair 51 [3, 7] combined 262144 players 29750 retained 256 seconds 1.7944528688676655
shuttleset_21_scene_0039 pair 52 [3, 8] combined 126976 players 7524 retained 256 seconds 0.6904295068234205
shuttleset_21_scene_0039 pair 53 [3, 9] combined 64512 players 24846 retained 256 seconds 1.0795772979035974
shuttleset_21_scene_0039 pair 57 [3, 13] combined 48128 players 3258 retained 256 seconds 0.3427256979048252
shuttleset_21_scene_0039 pair 58 [3, 14] combined 1024 players 478 retained 239 seconds 0.20339648984372616
shuttleset_21_scene_0039 pair 61 [4, 1] combined 262144 players 90118 retained 256 seconds 4.032364204991609
shuttleset_21_scene_0039 pair 62 [4, 2] combined 262144 players 91464 retained 256 seconds 3.6866918210871518
shuttleset_21_scene_0039 pair 64 [4, 5] combined 29696 players 7742 retained 256 seconds 0.47329703578725457
shuttleset_21_scene_0039 pair 65 [4, 6] combined 41984 players 16150 retained 256 seconds 0.8258163323625922
shuttleset_21_scene_0039 pair 69 [4, 10] combined 262144 players 11042 retained 256 seconds 1.1854357938282192
shuttleset_21_scene_0039 pair 70 [4, 11] combined 262144 players 46806 retained 256 seconds 2.2147290352731943
shuttleset_21_scene_0039 pair 71 [4, 12] combined 101376 players 38482 retained 256 seconds 1.8181945839896798
shuttleset_21_scene_0039 pair 74 [4, 15] combined 262144 players 36308 retained 256 seconds 1.9801627499982715
shuttleset_21_scene_0039 pair 77 [5, 2] combined 23552 players 106 retained 53 seconds 0.15284916292876005
shuttleset_21_scene_0039 pair 79 [5, 4] combined 22528 players 9112 retained 256 seconds 0.4472811408340931
shuttleset_21_scene_0039 pair 80 [5, 6] combined 4428 players 0 retained 0 seconds 0.03306181589141488
shuttleset_21_scene_0039 pair 82 [5, 8] combined 1692 players 98 retained 49 seconds 0.05791423097252846
shuttleset_21_scene_0039 pair 87 [5, 13] combined 328 players 98 retained 49 seconds 0.0461647710762918
shuttleset_21_scene_0039 pair 90 [6, 0] combined 66560 players 22124 retained 256 seconds 1.142601243685931
shuttleset_21_scene_0039 pair 91 [6, 1] combined 27648 players 350 retained 176 seconds 0.24683650629594922
shuttleset_21_scene_0039 pair 93 [6, 3] combined 70656 players 27658 retained 256 seconds 1.267204336822033
shuttleset_21_scene_0039 pair 94 [6, 4] combined 70656 players 24512 retained 256 seconds 1.0834973650053144
shuttleset_21_scene_0039 pair 95 [6, 5] combined 7696 players 6 retained 3 seconds 0.06892902590334415
shuttleset_21_scene_0039 pair 98 [6, 9] combined 36764 players 4 retained 2 seconds 0.14965391717851162
shuttleset_21_scene_0039 pair 101 [6, 12] combined 73260 players 640 retained 256 seconds 0.2920004799962044
shuttleset_21_scene_0039 pair 103 [6, 14] combined 0 players 0 retained 0 seconds 0.01555752707645297
shuttleset_21_scene_0039 pair 105 [7, 0] combined 159744 players 29162 retained 256 seconds 1.661019705235958
shuttleset_21_scene_0039 pair 108 [7, 3] combined 178176 players 25502 retained 256 seconds 1.5302091888152063
shuttleset_21_scene_0039 pair 114 [7, 10] combined 151552 players 7498 retained 256 seconds 0.7379718963056803
shuttleset_21_scene_0039 pair 115 [7, 11] combined 158340 players 3560 retained 256 seconds 0.6235277010127902
shuttleset_21_scene_0039 pair 120 [8, 0] combined 72704 players 11206 retained 256 seconds 0.858328424859792
shuttleset_21_scene_0039 pair 121 [8, 1] combined 64512 players 7514 retained 256 seconds 0.5762800415977836
shuttleset_21_scene_0039 pair 123 [8, 3] combined 165888 players 5254 retained 256 seconds 0.7153198779560626
shuttleset_21_scene_0039 pair 125 [8, 5] combined 12672 players 492 retained 246 seconds 0.12309114122763276
shuttleset_21_scene_0039 pair 128 [8, 9] combined 26520 players 4974 retained 256 seconds 0.30725323036313057
shuttleset_21_scene_0039 pair 129 [8, 10] combined 164864 players 11374 retained 256 seconds 0.8928675376810133
shuttleset_21_scene_0039 pair 130 [8, 11] combined 89088 players 4136 retained 256 seconds 0.44400571705773473
shuttleset_21_scene_0039 pair 131 [8, 12] combined 77880 players 2876 retained 256 seconds 0.399263815023005
shuttleset_21_scene_0039 pair 135 [9, 0] combined 100352 players 38938 retained 256 seconds 1.9237578050233424
shuttleset_21_scene_0039 pair 137 [9, 2] combined 110592 players 270 retained 136 seconds 0.41203165985643864
shuttleset_21_scene_0039 pair 138 [9, 3] combined 99328 players 43862 retained 256 seconds 1.7572310408577323
shuttleset_21_scene_0039 pair 141 [9, 6] combined 36472 players 210 retained 105 seconds 0.17095416504889727
shuttleset_21_scene_0039 pair 143 [9, 8] combined 12760 players 1620 retained 256 seconds 0.16195394797250628
shuttleset_21_scene_0039 pair 144 [9, 10] combined 67584 players 20658 retained 256 seconds 0.9337842976674438
shuttleset_21_scene_0039 pair 145 [9, 11] combined 47360 players 5686 retained 256 seconds 0.38819211395457387
shuttleset_21_scene_0039 pair 147 [9, 13] combined 6324 players 486 retained 243 seconds 0.1062907730229199
shuttleset_21_scene_0039 pair 151 [10, 1] combined 262144 players 72440 retained 256 seconds 3.45594319421798
shuttleset_21_scene_0039 pair 154 [10, 4] combined 262144 players 4368 retained 256 seconds 1.02200966514647
shuttleset_21_scene_0039 pair 157 [10, 7] combined 201728 players 7328 retained 256 seconds 0.900607205927372
shuttleset_21_scene_0039 pair 158 [10, 8] combined 124928 players 4590 retained 256 seconds 0.5953734195791185
shuttleset_21_scene_0039 pair 159 [10, 9] combined 67584 players 14452 retained 256 seconds 0.7937343749217689
shuttleset_21_scene_0039 pair 162 [10, 13] combined 48128 players 298 retained 149 seconds 0.23265597689896822
shuttleset_21_scene_0039 pair 163 [10, 14] combined 0 players 0 retained 0 seconds 0.05177208501845598
shuttleset_21_scene_0039 pair 166 [11, 1] combined 220160 players 57744 retained 256 seconds 3.022202660795301
shuttleset_21_scene_0039 pair 169 [11, 4] combined 119808 players 18358 retained 256 seconds 0.9895070157945156
shuttleset_21_scene_0039 pair 172 [11, 7] combined 106920 players 1628 retained 256 seconds 0.4249602388590574
shuttleset_21_scene_0039 pair 173 [11, 8] combined 25112 players 1442 retained 256 seconds 0.1926931170746684
shuttleset_21_scene_0039 pair 174 [11, 9] combined 55776 players 9990 retained 256 seconds 0.5565348300151527
shuttleset_21_scene_0039 pair 176 [11, 12] combined 144628 players 44864 retained 256 seconds 2.0082932729274035
shuttleset_21_scene_0039 pair 177 [11, 13] combined 22880 players 1378 retained 256 seconds 0.18369176238775253
shuttleset_21_scene_0039 pair 178 [11, 14] combined 1184 players 0 retained 0 seconds 0.02880602004006505
shuttleset_21_scene_0039 pair 180 [12, 0] combined 167936 players 65976 retained 256 seconds 2.950989617034793
shuttleset_21_scene_0039 pair 182 [12, 2] combined 262144 players 5418 retained 256 seconds 1.0417692852206528
shuttleset_21_scene_0039 pair 184 [12, 4] combined 169984 players 70600 retained 256 seconds 2.8242196976207197
shuttleset_21_scene_0039 pair 186 [12, 6] combined 79872 players 516 retained 256 seconds 0.3319214968942106
shuttleset_21_scene_0039 pair 188 [12, 8] combined 83616 players 10010 retained 256 seconds 0.6007794197648764
shuttleset_21_scene_0039 pair 191 [12, 11] combined 137984 players 33736 retained 256 seconds 1.6631205240264535
shuttleset_21_scene_0039 pair 192 [12, 13] combined 26880 players 2646 retained 256 seconds 0.25105529371649027
shuttleset_21_scene_0039 pair 195 [13, 0] combined 30720 players 1398 retained 256 seconds 0.4497444680891931
shuttleset_21_scene_0039 pair 196 [13, 1] combined 36864 players 1398 retained 256 seconds 0.3228495782241225
shuttleset_21_scene_0039 pair 198 [13, 3] combined 63488 players 1504 retained 256 seconds 0.3114379830658436
shuttleset_21_scene_0039 pair 200 [13, 5] combined 3500 players 248 retained 124 seconds 0.06529938569292426
shuttleset_21_scene_0039 pair 204 [13, 9] combined 23120 players 1260 retained 256 seconds 0.17227065283805132
shuttleset_21_scene_0039 pair 205 [13, 10] combined 64512 players 780 retained 256 seconds 0.2868104316294193
shuttleset_21_scene_0039 pair 206 [13, 11] combined 76096 players 3056 retained 256 seconds 0.3794216522946954
shuttleset_21_scene_0039 pair 207 [13, 12] combined 18228 players 1140 retained 256 seconds 0.16906629782170057
shuttleset_21_scene_0039 pair 210 [14, 0] combined 0 players 0 retained 0 seconds 0.2893448118120432
shuttleset_21_scene_0039 pair 212 [14, 2] combined 0 players 0 retained 0 seconds 0.04655693890526891
shuttleset_21_scene_0039 pair 213 [14, 3] combined 0 players 0 retained 0 seconds 0.04343888582661748
shuttleset_21_scene_0039 pair 216 [14, 6] combined 0 players 0 retained 0 seconds 0.011390849016606808
shuttleset_21_scene_0039 pair 220 [14, 10] combined 0 players 0 retained 0 seconds 0.03918793611228466
shuttleset_21_scene_0039 pair 221 [14, 11] combined 600 players 0 retained 0 seconds 0.020552223082631826
shuttleset_21_scene_0039 pair 229 [15, 4] combined 253952 players 31100 retained 256 seconds 1.8299507112242281
shuttleset_21_scene_0039 pair 0 [0, 1] combined 84992 players 18978 retained 256 seconds 1.2120904861949384
shuttleset_21_scene_0039 pair 1 [0, 2] combined 48128 players 13260 retained 256 seconds 0.6936468691565096
shuttleset_21_scene_0039 pair 5 [0, 6] combined 5120 players 1878 retained 256 seconds 0.21619558008387685
shuttleset_21_scene_0039 pair 6 [0, 7] combined 0 players 0 retained 0 seconds 0.08671064209192991
shuttleset_21_scene_0039 pair 7 [0, 8] combined 4096 players 966 retained 256 seconds 0.1683055879548192
shuttleset_21_scene_0039 pair 8 [0, 9] combined 0 players 0 retained 0 seconds 0.0867806882597506
shuttleset_21_scene_0039 pair 11 [0, 12] combined 2048 players 572 retained 230 seconds 0.15708562219515443
shuttleset_21_scene_0039 pair 12 [0, 13] combined 0 players 0 retained 0 seconds 0.07642728695645928
shuttleset_21_scene_0039 pair 13 [0, 14] combined 0 players 0 retained 0 seconds 0.08054310409352183
shuttleset_21_scene_0039 pair 15 [1, 0] combined 107520 players 32272 retained 256 seconds 1.4285607570782304
shuttleset_21_scene_0039 pair 16 [1, 2] combined 28776 players 0 retained 0 seconds 0.11081225518137217
shuttleset_21_scene_0039 pair 17 [1, 3] combined 7632 players 3432 retained 256 seconds 0.2033255542628467
shuttleset_21_scene_0039 pair 18 [1, 4] combined 26400 players 11550 retained 256 seconds 0.5090780640020967
shuttleset_21_scene_0039 pair 20 [1, 6] combined 664 players 0 retained 0 seconds 0.02263777982443571
shuttleset_21_scene_0039 pair 22 [1, 8] combined 0 players 0 retained 0 seconds 0.023861562833189964
shuttleset_21_scene_0039 pair 24 [1, 10] combined 18984 players 6264 retained 256 seconds 0.3214474800042808
shuttleset_21_scene_0039 pair 25 [1, 11] combined 9880 players 4488 retained 256 seconds 0.2390796598047018
shuttleset_21_scene_0039 pair 27 [1, 13] combined 1952 players 20 retained 10 seconds 0.055449401028454304
shuttleset_21_scene_0039 pair 30 [2, 0] combined 50176 players 16982 retained 256 seconds 0.8026368077844381
shuttleset_21_scene_0039 pair 31 [2, 1] combined 28200 players 612 retained 256 seconds 0.17256783228367567
shuttleset_21_scene_0039 pair 32 [2, 3] combined 4860 players 2356 retained 256 seconds 0.15314128063619137
shuttleset_21_scene_0039 pair 33 [2, 4] combined 10332 players 4760 retained 256 seconds 0.25154098588973284
shuttleset_21_scene_0039 pair 34 [2, 5] combined 792 players 0 retained 0 seconds 0.020982128102332354
shuttleset_21_scene_0039 pair 38 [2, 9] combined 0 players 0 retained 0 seconds 0.01456468366086483
shuttleset_21_scene_0039 pair 41 [2, 12] combined 720 players 12 retained 6 seconds 0.044057505670934916
shuttleset_21_scene_0039 pair 43 [2, 14] combined 0 players 0 retained 0 seconds 0.016088915057480335
shuttleset_21_scene_0039 pair 46 [3, 1] combined 14448 players 4170 retained 256 seconds 0.2429815400391817
shuttleset_21_scene_0039 pair 47 [3, 2] combined 9180 players 3360 retained 256 seconds 0.20138646522536874
shuttleset_21_scene_0039 pair 50 [3, 6] combined 624 players 304 retained 148 seconds 0.05854422319680452
shuttleset_21_scene_0039 pair 51 [3, 7] combined 0 players 0 retained 0 seconds 0.009813334792852402
shuttleset_21_scene_0039 pair 52 [3, 8] combined 304 players 2 retained 1 seconds 0.037236751057207584
shuttleset_21_scene_0039 pair 53 [3, 9] combined 0 players 0 retained 0 seconds 0.011121998075395823
shuttleset_21_scene_0039 pair 57 [3, 13] combined 912 players 6 retained 3 seconds 0.03799047693610191
shuttleset_21_scene_0039 pair 58 [3, 14] combined 0 players 0 retained 0 seconds 0.009371309075504541
shuttleset_21_scene_0039 pair 61 [4, 1] combined 28864 players 8550 retained 256 seconds 0.6513483100570738
shuttleset_21_scene_0039 pair 62 [4, 2] combined 13760 players 4734 retained 256 seconds 0.26511871395632625
shuttleset_21_scene_0039 pair 64 [4, 5] combined 1840 players 110 retained 55 seconds 0.055156698916107416
shuttleset_21_scene_0039 pair 65 [4, 6] combined 1620 players 760 retained 256 seconds 0.09484336571767926
shuttleset_21_scene_0039 pair 69 [4, 10] combined 24576 players 2612 retained 256 seconds 0.2185467081144452
shuttleset_21_scene_0039 pair 70 [4, 11] combined 7564 players 1038 retained 256 seconds 0.12215480115264654
shuttleset_21_scene_0039 pair 71 [4, 12] combined 656 players 132 retained 66 seconds 0.05417158780619502
shuttleset_21_scene_0039 pair 74 [4, 15] combined 0 players 0 retained 0 seconds 0.01606276724487543
shuttleset_21_scene_0039 pair 77 [5, 2] combined 244 players 8 retained 4 seconds 0.039422395173460245
shuttleset_21_scene_0039 pair 79 [5, 4] combined 1560 players 644 retained 256 seconds 0.08658674312755466
shuttleset_21_scene_0039 pair 80 [5, 6] combined 0 players 0 retained 0 seconds 0.006150923669338226
shuttleset_21_scene_0039 pair 82 [5, 8] combined 0 players 0 retained 0 seconds 0.0068845138885080814
shuttleset_21_scene_0039 pair 87 [5, 13] combined 0 players 0 retained 0 seconds 0.005076608154922724
shuttleset_21_scene_0039 pair 90 [6, 0] combined 6144 players 1660 retained 256 seconds 0.18798654014244676
shuttleset_21_scene_0039 pair 91 [6, 1] combined 0 players 0 retained 0 seconds 0.01755693880841136
shuttleset_21_scene_0039 pair 93 [6, 3] combined 624 players 266 retained 133 seconds 0.05077850678935647
shuttleset_21_scene_0039 pair 94 [6, 4] combined 1988 players 644 retained 256 seconds 0.08549955487251282
shuttleset_21_scene_0039 pair 95 [6, 5] combined 0 players 0 retained 0 seconds 0.005804652813822031
shuttleset_21_scene_0039 pair 98 [6, 9] combined 0 players 0 retained 0 seconds 0.0038722329773008823
shuttleset_21_scene_0039 pair 101 [6, 12] combined 96 players 0 retained 0 seconds 0.005595892667770386
shuttleset_21_scene_0039 pair 103 [6, 14] combined 0 players 0 retained 0 seconds 0.0037202807143330574
shuttleset_21_scene_0039 pair 105 [7, 0] combined 0 players 0 retained 0 seconds 0.07295734528452158
shuttleset_21_scene_0039 pair 108 [7, 3] combined 0 players 0 retained 0 seconds 0.00934630911797285
shuttleset_21_scene_0039 pair 114 [7, 10] combined 0 players 0 retained 0 seconds 0.008260357193648815
shuttleset_21_scene_0039 pair 115 [7, 11] combined 0 players 0 retained 0 seconds 0.006007316987961531
shuttleset_21_scene_0039 pair 120 [8, 0] combined 2048 players 220 retained 102 seconds 0.11128872307017446
shuttleset_21_scene_0039 pair 121 [8, 1] combined 0 players 0 retained 0 seconds 0.017680650111287832
shuttleset_21_scene_0039 pair 123 [8, 3] combined 640 players 6 retained 3 seconds 0.03599818702787161
shuttleset_21_scene_0039 pair 125 [8, 5] combined 144 players 0 retained 0 seconds 0.00835396908223629
shuttleset_21_scene_0039 pair 128 [8, 9] combined 0 players 0 retained 0 seconds 0.003832253161817789
shuttleset_21_scene_0039 pair 129 [8, 10] combined 488 players 0 retained 0 seconds 0.01193942315876484
shuttleset_21_scene_0039 pair 130 [8, 11] combined 176 players 0 retained 0 seconds 0.008156219962984324
shuttleset_21_scene_0039 pair 131 [8, 12] combined 100 players 0 retained 0 seconds 0.006717377807945013
shuttleset_21_scene_0039 pair 135 [9, 0] combined 0 players 0 retained 0 seconds 0.06681153597310185
shuttleset_21_scene_0039 pair 137 [9, 2] combined 0 players 0 retained 0 seconds 0.011387030128389597
shuttleset_21_scene_0039 pair 138 [9, 3] combined 0 players 0 retained 0 seconds 0.007567700929939747
shuttleset_21_scene_0039 pair 141 [9, 6] combined 0 players 0 retained 0 seconds 0.003309626132249832
shuttleset_21_scene_0039 pair 143 [9, 8] combined 0 players 0 retained 0 seconds 0.0029041441157460213
shuttleset_21_scene_0039 pair 144 [9, 10] combined 0 players 0 retained 0 seconds 0.00834029633551836
shuttleset_21_scene_0039 pair 145 [9, 11] combined 0 players 0 retained 0 seconds 0.006336565595120192
shuttleset_21_scene_0039 pair 147 [9, 13] combined 0 players 0 retained 0 seconds 0.0028111329302191734
shuttleset_21_scene_0039 pair 151 [10, 1] combined 19968 players 4264 retained 256 seconds 0.2618703995831311
shuttleset_21_scene_0039 pair 154 [10, 4] combined 20984 players 822 retained 256 seconds 0.1503285663202405
shuttleset_21_scene_0039 pair 157 [10, 7] combined 0 players 0 retained 0 seconds 0.011011279188096523
shuttleset_21_scene_0039 pair 158 [10, 8] combined 588 players 0 retained 0 seconds 0.014259534887969494
shuttleset_21_scene_0039 pair 159 [10, 9] combined 0 players 0 retained 0 seconds 0.010955526027828455
shuttleset_21_scene_0039 pair 162 [10, 13] combined 980 players 0 retained 0 seconds 0.01445798296481371
shuttleset_21_scene_0039 pair 163 [10, 14] combined 0 players 0 retained 0 seconds 0.010530531872063875
shuttleset_21_scene_0039 pair 166 [11, 1] combined 11448 players 3698 retained 256 seconds 0.21918977610766888
shuttleset_21_scene_0039 pair 169 [11, 4] combined 2184 players 244 retained 122 seconds 0.06406499911099672
shuttleset_21_scene_0039 pair 172 [11, 7] combined 0 players 0 retained 0 seconds 0.008067592047154903
shuttleset_21_scene_0039 pair 173 [11, 8] combined 0 players 0 retained 0 seconds 0.007743135094642639
shuttleset_21_scene_0039 pair 174 [11, 9] combined 0 players 0 retained 0 seconds 0.008121808059513569
shuttleset_21_scene_0039 pair 176 [11, 12] combined 176 players 88 retained 44 seconds 0.03919265093281865
shuttleset_21_scene_0039 pair 177 [11, 13] combined 0 players 0 retained 0 seconds 0.008573964703828096
shuttleset_21_scene_0039 pair 178 [11, 14] combined 0 players 0 retained 0 seconds 0.00763746676966548
shuttleset_21_scene_0039 pair 180 [12, 0] combined 3072 players 980 retained 256 seconds 0.16626052325591445
shuttleset_21_scene_0039 pair 182 [12, 2] combined 1704 players 6 retained 3 seconds 0.04641099600121379
shuttleset_21_scene_0039 pair 184 [12, 4] combined 992 players 406 retained 203 seconds 0.07066847896203399
shuttleset_21_scene_0039 pair 186 [12, 6] combined 64 players 0 retained 0 seconds 0.0067460909485816956
shuttleset_21_scene_0039 pair 188 [12, 8] combined 64 players 8 retained 4 seconds 0.029548554681241512
shuttleset_21_scene_0039 pair 191 [12, 11] combined 320 players 138 retained 69 seconds 0.04107150295749307
shuttleset_21_scene_0039 pair 192 [12, 13] combined 48 players 6 retained 3 seconds 0.029260007198899984
shuttleset_21_scene_0039 pair 195 [13, 0] combined 0 players 0 retained 0 seconds 0.06264188326895237
shuttleset_21_scene_0039 pair 196 [13, 1] combined 3108 players 18 retained 9 seconds 0.05007018707692623
shuttleset_21_scene_0039 pair 198 [13, 3] combined 1024 players 6 retained 3 seconds 0.03523123590275645
shuttleset_21_scene_0039 pair 200 [13, 5] combined 28 players 0 retained 0 seconds 0.00509048905223608
shuttleset_21_scene_0039 pair 204 [13, 9] combined 0 players 0 retained 0 seconds 0.003133158665150404
shuttleset_21_scene_0039 pair 205 [13, 10] combined 1984 players 0 retained 0 seconds 0.01516131591051817
shuttleset_21_scene_0039 pair 206 [13, 11] combined 0 players 0 retained 0 seconds 0.00670324033126235
shuttleset_21_scene_0039 pair 207 [13, 12] combined 96 players 0 retained 0 seconds 0.005297994241118431
shuttleset_21_scene_0039 pair 210 [14, 0] combined 0 players 0 retained 0 seconds 0.06750621041283011
shuttleset_21_scene_0039 pair 212 [14, 2] combined 0 players 0 retained 0 seconds 0.011504095047712326
shuttleset_21_scene_0039 pair 213 [14, 3] combined 0 players 0 retained 0 seconds 0.007846661377698183
shuttleset_21_scene_0039 pair 216 [14, 6] combined 0 players 0 retained 0 seconds 0.003184414003044367
shuttleset_21_scene_0039 pair 220 [14, 10] combined 0 players 0 retained 0 seconds 0.007976575288921595
shuttleset_21_scene_0039 pair 221 [14, 11] combined 0 players 0 retained 0 seconds 0.006199914030730724
shuttleset_21_scene_0039 pair 229 [15, 4] combined 0 players 0 retained 0 seconds 0.013111960142850876
[shuttleset_21_scene_0039] line-template: preparing rectangles
[shuttleset_21_scene_0039] measuring 750 parents (G0=256, G1=256, line_template=256; conflicting geometry groups=0)
[shuttleset_21_scene_0039] parents 250/750
[shuttleset_21_scene_0039] parents 500/750
[shuttleset_21_scene_0039] parents 750/750
[shuttleset_21_scene_0039] refitting 750 parents
[shuttleset_21_scene_0039] refits 250/750; valid children=240
[shuttleset_21_scene_0039] refits 500/750; valid children=483
[shuttleset_21_scene_0039] refits 750/750; valid children=712
{"view_id": "shuttleset_21_scene_0039", "chosen_key": "G1:1:1480/child", "no_court_reason": null, "all_checks_equal": true, "error": null}
sset_21_gloiZ_gTJaE_frame_00000001 pair 0 [0, 1] combined 262144 players 80370 retained 256 seconds 2.212813613936305
sset_21_gloiZ_gTJaE_frame_00000001 pair 1 [0, 2] combined 225280 players 75868 retained 256 seconds 2.071558185853064
sset_21_gloiZ_gTJaE_frame_00000001 pair 2 [0, 3] combined 262144 players 73116 retained 256 seconds 2.028188796248287
sset_21_gloiZ_gTJaE_frame_00000001 pair 6 [0, 7] combined 6144 players 3072 retained 256 seconds 0.21388052683323622
sset_21_gloiZ_gTJaE_frame_00000001 pair 7 [0, 8] combined 16384 players 412 retained 179 seconds 0.15008866926655173
sset_21_gloiZ_gTJaE_frame_00000001 pair 11 [0, 12] combined 262144 players 42374 retained 256 seconds 1.4436673098243773
sset_21_gloiZ_gTJaE_frame_00000001 pair 15 [1, 0] combined 262144 players 71517 retained 256 seconds 2.0427439105696976
sset_21_gloiZ_gTJaE_frame_00000001 pair 17 [1, 3] combined 262144 players 62398 retained 256 seconds 1.8204277893528342
sset_21_gloiZ_gTJaE_frame_00000001 pair 18 [1, 4] combined 262144 players 18824 retained 256 seconds 0.832586192060262
sset_21_gloiZ_gTJaE_frame_00000001 pair 19 [1, 5] combined 262144 players 87338 retained 256 seconds 2.3143359129317105
sset_21_gloiZ_gTJaE_frame_00000001 pair 20 [1, 6] combined 116736 players 4404 retained 256 seconds 0.3369186348281801
sset_21_gloiZ_gTJaE_frame_00000001 pair 23 [1, 9] combined 245760 players 18530 retained 256 seconds 0.7990827532485127
sset_21_gloiZ_gTJaE_frame_00000001 pair 24 [1, 10] combined 0 players 0 retained 0 seconds 0.049395348876714706
sset_21_gloiZ_gTJaE_frame_00000001 pair 25 [1, 11] combined 262144 players 30088 retained 256 seconds 1.1646886933594942
sset_21_gloiZ_gTJaE_frame_00000001 pair 27 [1, 13] combined 39936 players 2196 retained 256 seconds 0.17969584511592984
sset_21_gloiZ_gTJaE_frame_00000001 pair 28 [1, 14] combined 1024 players 374 retained 181 seconds 0.0762737886980176
sset_21_gloiZ_gTJaE_frame_00000001 pair 29 [1, 15] combined 22528 players 342 retained 160 seconds 0.11982667073607445
sset_21_gloiZ_gTJaE_frame_00000001 pair 30 [2, 0] combined 262144 players 85028 retained 256 seconds 4.241194756701589
sset_21_gloiZ_gTJaE_frame_00000001 pair 32 [2, 3] combined 262144 players 12180 retained 256 seconds 1.2826817859895527
sset_21_gloiZ_gTJaE_frame_00000001 pair 33 [2, 4] combined 262144 players 56842 retained 256 seconds 2.769746341276914
sset_21_gloiZ_gTJaE_frame_00000001 pair 34 [2, 5] combined 262144 players 74734 retained 256 seconds 3.2997297341935337
sset_21_gloiZ_gTJaE_frame_00000001 pair 35 [2, 6] combined 76800 players 24464 retained 256 seconds 1.2559548267163336
sset_21_gloiZ_gTJaE_frame_00000001 pair 38 [2, 9] combined 142336 players 51722 retained 256 seconds 2.173661378212273
sset_21_gloiZ_gTJaE_frame_00000001 pair 40 [2, 11] combined 262144 players 57928 retained 256 seconds 2.922967502847314
sset_21_gloiZ_gTJaE_frame_00000001 pair 42 [2, 13] combined 60416 players 12616 retained 256 seconds 0.6504402020946145
sset_21_gloiZ_gTJaE_frame_00000001 pair 44 [2, 15] combined 35840 players 5134 retained 256 seconds 0.3407564661465585
sset_21_gloiZ_gTJaE_frame_00000001 pair 45 [3, 0] combined 262144 players 64032 retained 256 seconds 3.23205190198496
sset_21_gloiZ_gTJaE_frame_00000001 pair 46 [3, 1] combined 262144 players 76690 retained 256 seconds 3.3341569332405925
sset_21_gloiZ_gTJaE_frame_00000001 pair 47 [3, 2] combined 221184 players 4716 retained 256 seconds 0.847881777677685
sset_21_gloiZ_gTJaE_frame_00000001 pair 49 [3, 5] combined 262144 players 52622 retained 256 seconds 2.791687222663313
sset_21_gloiZ_gTJaE_frame_00000001 pair 52 [3, 8] combined 5120 players 668 retained 256 seconds 0.13483033794909716
sset_21_gloiZ_gTJaE_frame_00000001 pair 54 [3, 10] combined 6144 players 2074 retained 256 seconds 0.1699877199716866
sset_21_gloiZ_gTJaE_frame_00000001 pair 55 [3, 11] combined 262144 players 29150 retained 256 seconds 1.7522751311771572
sset_21_gloiZ_gTJaE_frame_00000001 pair 56 [3, 12] combined 216064 players 27932 retained 256 seconds 1.8068847400136292
sset_21_gloiZ_gTJaE_frame_00000001 pair 58 [3, 14] combined 3072 players 4 retained 2 seconds 0.07539681298658252
sset_21_gloiZ_gTJaE_frame_00000001 pair 61 [4, 1] combined 146432 players 35268 retained 256 seconds 1.731734856031835
sset_21_gloiZ_gTJaE_frame_00000001 pair 62 [4, 2] combined 214016 players 64232 retained 256 seconds 2.6793022099882364
sset_21_gloiZ_gTJaE_frame_00000001 pair 66 [4, 7] combined 5100 players 2436 retained 256 seconds 0.17836802499368787
sset_21_gloiZ_gTJaE_frame_00000001 pair 67 [4, 8] combined 15360 players 32 retained 18 seconds 0.09108600579202175
sset_21_gloiZ_gTJaE_frame_00000001 pair 71 [4, 12] combined 193440 players 11446 retained 256 seconds 1.1678933501243591
sset_21_gloiZ_gTJaE_frame_00000001 pair 76 [5, 1] combined 262144 players 85992 retained 256 seconds 3.6826270571909845
sset_21_gloiZ_gTJaE_frame_00000001 pair 77 [5, 2] combined 220160 players 70740 retained 256 seconds 3.4017606461420655
sset_21_gloiZ_gTJaE_frame_00000001 pair 78 [5, 3] combined 262144 players 57190 retained 256 seconds 2.846508495043963
sset_21_gloiZ_gTJaE_frame_00000001 pair 81 [5, 7] combined 4096 players 1874 retained 256 seconds 0.2776083122007549
sset_21_gloiZ_gTJaE_frame_00000001 pair 82 [5, 8] combined 12288 players 466 retained 230 seconds 0.19459358090534806
sset_21_gloiZ_gTJaE_frame_00000001 pair 86 [5, 12] combined 262144 players 45846 retained 256 seconds 2.4858871209435165
sset_21_gloiZ_gTJaE_frame_00000001 pair 91 [6, 1] combined 52224 players 1762 retained 256 seconds 0.3247068361379206
sset_21_gloiZ_gTJaE_frame_00000001 pair 92 [6, 2] combined 63440 players 19314 retained 256 seconds 0.9047341858968139
sset_21_gloiZ_gTJaE_frame_00000001 pair 96 [6, 7] combined 1168 players 538 retained 256 seconds 0.0849691778421402
sset_21_gloiZ_gTJaE_frame_00000001 pair 97 [6, 8] combined 2684 players 0 retained 0 seconds 0.01582750864326954
sset_21_gloiZ_gTJaE_frame_00000001 pair 99 [6, 10] combined 1464 players 474 retained 198 seconds 0.07065866701304913
sset_21_gloiZ_gTJaE_frame_00000001 pair 101 [6, 12] combined 53248 players 1182 retained 256 seconds 0.24668189091607928
sset_21_gloiZ_gTJaE_frame_00000001 pair 105 [7, 0] combined 13312 players 4570 retained 256 seconds 0.4009701507166028
sset_21_gloiZ_gTJaE_frame_00000001 pair 109 [7, 4] combined 10240 players 2654 retained 256 seconds 0.19015669310465455
sset_21_gloiZ_gTJaE_frame_00000001 pair 110 [7, 5] combined 9216 players 3200 retained 256 seconds 0.2973064808174968
sset_21_gloiZ_gTJaE_frame_00000001 pair 111 [7, 6] combined 9088 players 4234 retained 256 seconds 0.2277024039067328
sset_21_gloiZ_gTJaE_frame_00000001 pair 115 [7, 11] combined 6144 players 1380 retained 256 seconds 0.14872380392625928
sset_21_gloiZ_gTJaE_frame_00000001 pair 117 [7, 13] combined 240 players 16 retained 8 seconds 0.034879247192293406
sset_21_gloiZ_gTJaE_frame_00000001 pair 119 [7, 15] combined 448 players 42 retained 21 seconds 0.03662062110379338
sset_21_gloiZ_gTJaE_frame_00000001 pair 120 [8, 0] combined 1024 players 262 retained 124 seconds 0.20219757361337543
sset_21_gloiZ_gTJaE_frame_00000001 pair 123 [8, 3] combined 9216 players 1742 retained 256 seconds 0.16491734702140093
sset_21_gloiZ_gTJaE_frame_00000001 pair 124 [8, 4] combined 29696 players 242 retained 121 seconds 0.1450857170857489
sset_21_gloiZ_gTJaE_frame_00000001 pair 125 [8, 5] combined 13312 players 128 retained 62 seconds 0.18248711712658405
sset_21_gloiZ_gTJaE_frame_00000001 pair 126 [8, 6] combined 2232 players 0 retained 0 seconds 0.013955882750451565
sset_21_gloiZ_gTJaE_frame_00000001 pair 128 [8, 9] combined 10752 players 144 retained 72 seconds 0.07859715400263667
sset_21_gloiZ_gTJaE_frame_00000001 pair 129 [8, 10] combined 0 players 0 retained 0 seconds 0.005866018123924732
sset_21_gloiZ_gTJaE_frame_00000001 pair 130 [8, 11] combined 13312 players 72 retained 36 seconds 0.3101503597572446
sset_21_gloiZ_gTJaE_frame_00000001 pair 136 [9, 1] combined 46080 players 13058 retained 256 seconds 0.6451290650293231
sset_21_gloiZ_gTJaE_frame_00000001 pair 137 [9, 2] combined 123516 players 47194 retained 256 seconds 2.0005005947314203
sset_21_gloiZ_gTJaE_frame_00000001 pair 143 [9, 8] combined 3120 players 316 retained 159 seconds 0.07999502401798964
sset_21_gloiZ_gTJaE_frame_00000001 pair 146 [9, 12] combined 72288 players 11576 retained 256 seconds 0.5939125972799957
sset_21_gloiZ_gTJaE_frame_00000001 pair 151 [10, 1] combined 3072 players 656 retained 256 seconds 0.14477479318156838
sset_21_gloiZ_gTJaE_frame_00000001 pair 153 [10, 3] combined 0 players 0 retained 0 seconds 0.03380044503137469
sset_21_gloiZ_gTJaE_frame_00000001 pair 156 [10, 6] combined 0 players 0 retained 0 seconds 0.008969279937446117
sset_21_gloiZ_gTJaE_frame_00000001 pair 158 [10, 8] combined 20 players 10 retained 5 seconds 0.03029004903510213
sset_21_gloiZ_gTJaE_frame_00000001 pair 161 [10, 12] combined 936 players 420 retained 208 seconds 0.07538213487714529
sset_21_gloiZ_gTJaE_frame_00000001 pair 162 [10, 13] combined 312 players 0 retained 0 seconds 0.007948397193104029
sset_21_gloiZ_gTJaE_frame_00000001 pair 164 [10, 15] combined 1064 players 38 retained 19 seconds 0.0361888250336051
sset_21_gloiZ_gTJaE_frame_00000001 pair 166 [11, 1] combined 262144 players 61486 retained 256 seconds 2.987821768037975
sset_21_gloiZ_gTJaE_frame_00000001 pair 167 [11, 2] combined 217088 players 77370 retained 256 seconds 3.1438846099190414
sset_21_gloiZ_gTJaE_frame_00000001 pair 168 [11, 3] combined 262144 players 69922 retained 256 seconds 3.413988335058093
sset_21_gloiZ_gTJaE_frame_00000001 pair 172 [11, 7] combined 7168 players 1838 retained 256 seconds 0.17144711408764124
sset_21_gloiZ_gTJaE_frame_00000001 pair 173 [11, 8] combined 32768 players 714 retained 256 seconds 0.1918713147751987
sset_21_gloiZ_gTJaE_frame_00000001 pair 176 [11, 12] combined 262144 players 14640 retained 256 seconds 1.253768763039261
sset_21_gloiZ_gTJaE_frame_00000001 pair 180 [12, 0] combined 217088 players 24310 retained 256 seconds 1.603805993217975
sset_21_gloiZ_gTJaE_frame_00000001 pair 183 [12, 3] combined 247808 players 48476 retained 256 seconds 2.302616416942328
sset_21_gloiZ_gTJaE_frame_00000001 pair 184 [12, 4] combined 204800 players 7728 retained 256 seconds 0.8699724390171468
sset_21_gloiZ_gTJaE_frame_00000001 pair 185 [12, 5] combined 203776 players 55212 retained 256 seconds 2.57088434509933
sset_21_gloiZ_gTJaE_frame_00000001 pair 186 [12, 6] combined 113664 players 2240 retained 256 seconds 0.44612457882612944
sset_21_gloiZ_gTJaE_frame_00000001 pair 189 [12, 9] combined 151200 players 4242 retained 256 seconds 0.6207497343420982
sset_21_gloiZ_gTJaE_frame_00000001 pair 190 [12, 10] combined 0 players 0 retained 0 seconds 0.022430209908634424
sset_21_gloiZ_gTJaE_frame_00000001 pair 191 [12, 11] combined 212992 players 12458 retained 256 seconds 1.037057253997773
sset_21_gloiZ_gTJaE_frame_00000001 pair 194 [12, 15] combined 21504 players 262 retained 84 seconds 0.12157835904508829
sset_21_gloiZ_gTJaE_frame_00000001 pair 196 [13, 1] combined 46080 players 3072 retained 256 seconds 0.3283884674310684
sset_21_gloiZ_gTJaE_frame_00000001 pair 197 [13, 2] combined 48952 players 3230 retained 256 seconds 0.299528309609741
sset_21_gloiZ_gTJaE_frame_00000001 pair 202 [13, 7] combined 324 players 6 retained 3 seconds 0.033819541335105896
sset_21_gloiZ_gTJaE_frame_00000001 pair 205 [13, 10] combined 1204 players 0 retained 0 seconds 0.009794522076845169
sset_21_gloiZ_gTJaE_frame_00000001 pair 211 [14, 1] combined 2048 players 536 retained 256 seconds 0.13745394675061107
sset_21_gloiZ_gTJaE_frame_00000001 pair 213 [14, 3] combined 0 players 0 retained 0 seconds 0.03355705598369241
sset_21_gloiZ_gTJaE_frame_00000001 pair 226 [15, 1] combined 20480 players 506 retained 254 seconds 0.18449939601123333
sset_21_gloiZ_gTJaE_frame_00000001 pair 227 [15, 2] combined 35948 players 94 retained 47 seconds 0.14962086081504822
sset_21_gloiZ_gTJaE_frame_00000001 pair 232 [15, 7] combined 2288 players 0 retained 0 seconds 0.015237196814268827
sset_21_gloiZ_gTJaE_frame_00000001 pair 235 [15, 10] combined 864 players 34 retained 17 seconds 0.03676272090524435
sset_21_gloiZ_gTJaE_frame_00000001 pair 237 [15, 12] combined 13680 players 338 retained 128 seconds 0.10159413609653711
sset_21_gloiZ_gTJaE_frame_00000001 pair 0 [0, 1] combined 61600 players 12770 retained 256 seconds 0.670331432018429
sset_21_gloiZ_gTJaE_frame_00000001 pair 1 [0, 2] combined 2024 players 706 retained 256 seconds 0.10653365077450871
sset_21_gloiZ_gTJaE_frame_00000001 pair 2 [0, 3] combined 0 players 0 retained 0 seconds 0.023349519819021225
sset_21_gloiZ_gTJaE_frame_00000001 pair 6 [0, 7] combined 2048 players 1024 retained 256 seconds 0.1208905940875411
sset_21_gloiZ_gTJaE_frame_00000001 pair 7 [0, 8] combined 0 players 0 retained 0 seconds 0.021165015175938606
sset_21_gloiZ_gTJaE_frame_00000001 pair 11 [0, 12] combined 35680 players 7896 retained 256 seconds 0.411418286152184
sset_21_gloiZ_gTJaE_frame_00000001 pair 15 [1, 0] combined 81700 players 21864 retained 256 seconds 1.0411847541108727
sset_21_gloiZ_gTJaE_frame_00000001 pair 17 [1, 3] combined 0 players 0 retained 0 seconds 0.013635192066431046
sset_21_gloiZ_gTJaE_frame_00000001 pair 18 [1, 4] combined 5712 players 0 retained 0 seconds 0.027270177844911814
sset_21_gloiZ_gTJaE_frame_00000001 pair 19 [1, 5] combined 50752 players 18196 retained 256 seconds 0.7958934470079839
sset_21_gloiZ_gTJaE_frame_00000001 pair 20 [1, 6] combined 0 players 0 retained 0 seconds 0.012064976152032614
sset_21_gloiZ_gTJaE_frame_00000001 pair 23 [1, 9] combined 2328 players 0 retained 0 seconds 0.016992018092423677
sset_21_gloiZ_gTJaE_frame_00000001 pair 24 [1, 10] combined 0 players 0 retained 0 seconds 0.010369892232120037
sset_21_gloiZ_gTJaE_frame_00000001 pair 25 [1, 11] combined 1552 players 114 retained 56 seconds 0.047436509281396866
sset_21_gloiZ_gTJaE_frame_00000001 pair 27 [1, 13] combined 0 players 0 retained 0 seconds 0.00952627882361412
sset_21_gloiZ_gTJaE_frame_00000001 pair 28 [1, 14] combined 0 players 0 retained 0 seconds 0.01100111985579133
sset_21_gloiZ_gTJaE_frame_00000001 pair 29 [1, 15] combined 0 players 0 retained 0 seconds 0.010084731038659811
sset_21_gloiZ_gTJaE_frame_00000001 pair 30 [2, 0] combined 4800 players 1534 retained 256 seconds 0.13335447059944272
sset_21_gloiZ_gTJaE_frame_00000001 pair 32 [2, 3] combined 0 players 0 retained 0 seconds 0.0037413001991808414
sset_21_gloiZ_gTJaE_frame_00000001 pair 33 [2, 4] combined 96 players 0 retained 0 seconds 0.004812239203602076
sset_21_gloiZ_gTJaE_frame_00000001 pair 34 [2, 5] combined 2048 players 576 retained 256 seconds 0.08468548813834786
sset_21_gloiZ_gTJaE_frame_00000001 pair 35 [2, 6] combined 0 players 0 retained 0 seconds 0.0035361982882022858
sset_21_gloiZ_gTJaE_frame_00000001 pair 38 [2, 9] combined 40 players 0 retained 0 seconds 0.003908274229615927
sset_21_gloiZ_gTJaE_frame_00000001 pair 40 [2, 11] combined 96 players 8 retained 4 seconds 0.02927827090024948
sset_21_gloiZ_gTJaE_frame_00000001 pair 42 [2, 13] combined 0 players 0 retained 0 seconds 0.003316824324429035
sset_21_gloiZ_gTJaE_frame_00000001 pair 44 [2, 15] combined 0 players 0 retained 0 seconds 0.003025829792022705
sset_21_gloiZ_gTJaE_frame_00000001 pair 45 [3, 0] combined 0 players 0 retained 0 seconds 0.01779383234679699
sset_21_gloiZ_gTJaE_frame_00000001 pair 46 [3, 1] combined 0 players 0 retained 0 seconds 0.008067618124186993
sset_21_gloiZ_gTJaE_frame_00000001 pair 47 [3, 2] combined 0 players 0 retained 0 seconds 0.0029594660736620426
sset_21_gloiZ_gTJaE_frame_00000001 pair 49 [3, 5] combined 0 players 0 retained 0 seconds 0.010894396807998419
sset_21_gloiZ_gTJaE_frame_00000001 pair 52 [3, 8] combined 0 players 0 retained 0 seconds 0.002179842907935381
sset_21_gloiZ_gTJaE_frame_00000001 pair 54 [3, 10] combined 0 players 0 retained 0 seconds 0.0020799320191144943
sset_21_gloiZ_gTJaE_frame_00000001 pair 55 [3, 11] combined 0 players 0 retained 0 seconds 0.0032728910446166992
sset_21_gloiZ_gTJaE_frame_00000001 pair 56 [3, 12] combined 0 players 0 retained 0 seconds 0.005529033951461315
sset_21_gloiZ_gTJaE_frame_00000001 pair 58 [3, 14] combined 0 players 0 retained 0 seconds 0.0022744988091289997
sset_21_gloiZ_gTJaE_frame_00000001 pair 61 [4, 1] combined 236 players 0 retained 0 seconds 0.009419796988368034
sset_21_gloiZ_gTJaE_frame_00000001 pair 62 [4, 2] combined 0 players 0 retained 0 seconds 0.004234780091792345
sset_21_gloiZ_gTJaE_frame_00000001 pair 66 [4, 7] combined 12 players 6 retained 3 seconds 0.030168720986694098
sset_21_gloiZ_gTJaE_frame_00000001 pair 67 [4, 8] combined 0 players 0 retained 0 seconds 0.004055424127727747
sset_21_gloiZ_gTJaE_frame_00000001 pair 71 [4, 12] combined 492 players 0 retained 0 seconds 0.008409094996750355
sset_21_gloiZ_gTJaE_frame_00000001 pair 76 [5, 1] combined 38280 players 8270 retained 256 seconds 0.7361716632731259
sset_21_gloiZ_gTJaE_frame_00000001 pair 77 [5, 2] combined 728 players 248 retained 121 seconds 0.06038818135857582
sset_21_gloiZ_gTJaE_frame_00000001 pair 78 [5, 3] combined 0 players 0 retained 0 seconds 0.01526192482560873
sset_21_gloiZ_gTJaE_frame_00000001 pair 81 [5, 7] combined 0 players 0 retained 0 seconds 0.015005509369075298
sset_21_gloiZ_gTJaE_frame_00000001 pair 82 [5, 8] combined 0 players 0 retained 0 seconds 0.010606583673506975
sset_21_gloiZ_gTJaE_frame_00000001 pair 86 [5, 12] combined 13580 players 2996 retained 256 seconds 0.20081048272550106
sset_21_gloiZ_gTJaE_frame_00000001 pair 91 [6, 1] combined 0 players 0 retained 0 seconds 0.009880017954856157
sset_21_gloiZ_gTJaE_frame_00000001 pair 92 [6, 2] combined 0 players 0 retained 0 seconds 0.003027124796062708
sset_21_gloiZ_gTJaE_frame_00000001 pair 96 [6, 7] combined 0 players 0 retained 0 seconds 0.003044127020984888
sset_21_gloiZ_gTJaE_frame_00000001 pair 97 [6, 8] combined 0 players 0 retained 0 seconds 0.0016653942875564098
sset_21_gloiZ_gTJaE_frame_00000001 pair 99 [6, 10] combined 0 players 0 retained 0 seconds 0.0020389249548316
sset_21_gloiZ_gTJaE_frame_00000001 pair 101 [6, 12] combined 0 players 0 retained 0 seconds 0.006701427977532148
sset_21_gloiZ_gTJaE_frame_00000001 pair 105 [7, 0] combined 856 players 266 retained 133 seconds 0.06522613391280174
sset_21_gloiZ_gTJaE_frame_00000001 pair 109 [7, 4] combined 0 players 0 retained 0 seconds 0.005214642733335495
sset_21_gloiZ_gTJaE_frame_00000001 pair 110 [7, 5] combined 0 players 0 retained 0 seconds 0.011737385299056768
sset_21_gloiZ_gTJaE_frame_00000001 pair 111 [7, 6] combined 0 players 0 retained 0 seconds 0.0038137221708893776
sset_21_gloiZ_gTJaE_frame_00000001 pair 115 [7, 11] combined 0 players 0 retained 0 seconds 0.004311878699809313
sset_21_gloiZ_gTJaE_frame_00000001 pair 117 [7, 13] combined 0 players 0 retained 0 seconds 0.0031938469037413597
sset_21_gloiZ_gTJaE_frame_00000001 pair 119 [7, 15] combined 0 players 0 retained 0 seconds 0.0030768578872084618
sset_21_gloiZ_gTJaE_frame_00000001 pair 120 [8, 0] combined 0 players 0 retained 0 seconds 0.017779463902115822
sset_21_gloiZ_gTJaE_frame_00000001 pair 123 [8, 3] combined 0 players 0 retained 0 seconds 0.002281698863953352
sset_21_gloiZ_gTJaE_frame_00000001 pair 124 [8, 4] combined 0 players 0 retained 0 seconds 0.0034184278920292854
sset_21_gloiZ_gTJaE_frame_00000001 pair 125 [8, 5] combined 0 players 0 retained 0 seconds 0.009500891901552677
sset_21_gloiZ_gTJaE_frame_00000001 pair 126 [8, 6] combined 0 players 0 retained 0 seconds 0.0019175689667463303
sset_21_gloiZ_gTJaE_frame_00000001 pair 128 [8, 9] combined 0 players 0 retained 0 seconds 0.00277545303106308
sset_21_gloiZ_gTJaE_frame_00000001 pair 129 [8, 10] combined 0 players 0 retained 0 seconds 0.0016634953208267689
sset_21_gloiZ_gTJaE_frame_00000001 pair 130 [8, 11] combined 0 players 0 retained 0 seconds 0.0028734966181218624
sset_21_gloiZ_gTJaE_frame_00000001 pair 136 [9, 1] combined 0 players 0 retained 0 seconds 0.008354112040251493
sset_21_gloiZ_gTJaE_frame_00000001 pair 137 [9, 2] combined 0 players 0 retained 0 seconds 0.0038214237429201603
sset_21_gloiZ_gTJaE_frame_00000001 pair 143 [9, 8] combined 0 players 0 retained 0 seconds 0.0032115504145622253
sset_21_gloiZ_gTJaE_frame_00000001 pair 146 [9, 12] combined 180 players 0 retained 0 seconds 0.006851647049188614
sset_21_gloiZ_gTJaE_frame_00000001 pair 151 [10, 1] combined 0 players 0 retained 0 seconds 0.007094833068549633
sset_21_gloiZ_gTJaE_frame_00000001 pair 153 [10, 3] combined 0 players 0 retained 0 seconds 0.0022229859605431557
sset_21_gloiZ_gTJaE_frame_00000001 pair 156 [10, 6] combined 0 players 0 retained 0 seconds 0.002142704091966152
sset_21_gloiZ_gTJaE_frame_00000001 pair 158 [10, 8] combined 0 players 0 retained 0 seconds 0.0017903349362313747
sset_21_gloiZ_gTJaE_frame_00000001 pair 161 [10, 12] combined 0 players 0 retained 0 seconds 0.005167675204575062
sset_21_gloiZ_gTJaE_frame_00000001 pair 162 [10, 13] combined 0 players 0 retained 0 seconds 0.0020233099348843098
sset_21_gloiZ_gTJaE_frame_00000001 pair 164 [10, 15] combined 0 players 0 retained 0 seconds 0.0016831550747156143
sset_21_gloiZ_gTJaE_frame_00000001 pair 166 [11, 1] combined 528 players 80 retained 38 seconds 0.04092872189357877
sset_21_gloiZ_gTJaE_frame_00000001 pair 167 [11, 2] combined 32 players 4 retained 2 seconds 0.030344737228006124
sset_21_gloiZ_gTJaE_frame_00000001 pair 168 [11, 3] combined 0 players 0 retained 0 seconds 0.004511372651904821
sset_21_gloiZ_gTJaE_frame_00000001 pair 172 [11, 7] combined 140 players 56 retained 29 seconds 0.03365059895440936
sset_21_gloiZ_gTJaE_frame_00000001 pair 173 [11, 8] combined 0 players 0 retained 0 seconds 0.0037045860663056374
sset_21_gloiZ_gTJaE_frame_00000001 pair 176 [11, 12] combined 152 players 50 retained 25 seconds 0.03554503619670868
sset_21_gloiZ_gTJaE_frame_00000001 pair 180 [12, 0] combined 46920 players 11474 retained 256 seconds 0.572031281888485
sset_21_gloiZ_gTJaE_frame_00000001 pair 183 [12, 3] combined 0 players 0 retained 0 seconds 0.009484122972935438
sset_21_gloiZ_gTJaE_frame_00000001 pair 184 [12, 4] combined 3224 players 0 retained 0 seconds 0.016665321309119463
sset_21_gloiZ_gTJaE_frame_00000001 pair 185 [12, 5] combined 21504 players 7408 retained 256 seconds 0.3586369729600847
sset_21_gloiZ_gTJaE_frame_00000001 pair 186 [12, 6] combined 0 players 0 retained 0 seconds 0.008459238335490227
sset_21_gloiZ_gTJaE_frame_00000001 pair 189 [12, 9] combined 448 players 0 retained 0 seconds 0.008947872091084719
sset_21_gloiZ_gTJaE_frame_00000001 pair 190 [12, 10] combined 0 players 0 retained 0 seconds 0.006647101603448391
sset_21_gloiZ_gTJaE_frame_00000001 pair 191 [12, 11] combined 1248 players 56 retained 28 seconds 0.039766169153153896
sset_21_gloiZ_gTJaE_frame_00000001 pair 194 [12, 15] combined 0 players 0 retained 0 seconds 0.007781732827425003
sset_21_gloiZ_gTJaE_frame_00000001 pair 196 [13, 1] combined 0 players 0 retained 0 seconds 0.00802223477512598
sset_21_gloiZ_gTJaE_frame_00000001 pair 197 [13, 2] combined 0 players 0 retained 0 seconds 0.003002400975674391
sset_21_gloiZ_gTJaE_frame_00000001 pair 202 [13, 7] combined 0 players 0 retained 0 seconds 0.002780504059046507
sset_21_gloiZ_gTJaE_frame_00000001 pair 205 [13, 10] combined 0 players 0 retained 0 seconds 0.002111427951604128
sset_21_gloiZ_gTJaE_frame_00000001 pair 211 [14, 1] combined 0 players 0 retained 0 seconds 0.00838552974164486
sset_21_gloiZ_gTJaE_frame_00000001 pair 213 [14, 3] combined 0 players 0 retained 0 seconds 0.0025428920052945614
sset_21_gloiZ_gTJaE_frame_00000001 pair 226 [15, 1] combined 0 players 0 retained 0 seconds 0.007806246634572744
sset_21_gloiZ_gTJaE_frame_00000001 pair 227 [15, 2] combined 0 players 0 retained 0 seconds 0.002768572885543108
sset_21_gloiZ_gTJaE_frame_00000001 pair 232 [15, 7] combined 0 players 0 retained 0 seconds 0.00313547533005476
sset_21_gloiZ_gTJaE_frame_00000001 pair 235 [15, 10] combined 0 players 0 retained 0 seconds 0.0018432801589369774
sset_21_gloiZ_gTJaE_frame_00000001 pair 237 [15, 12] combined 0 players 0 retained 0 seconds 0.005707752890884876
[sset_21_gloiZ_gTJaE_frame_00000001] line-template: preparing rectangles
[sset_21_gloiZ_gTJaE_frame_00000001] measuring 731 parents (G0=256, G1=256, line_template=256; conflicting geometry groups=0)
[sset_21_gloiZ_gTJaE_frame_00000001] parents 250/731
[sset_21_gloiZ_gTJaE_frame_00000001] parents 500/731
[sset_21_gloiZ_gTJaE_frame_00000001] refitting 731 parents
[sset_21_gloiZ_gTJaE_frame_00000001] refits 250/731; valid children=188
[sset_21_gloiZ_gTJaE_frame_00000001] refits 500/731; valid children=427
{"view_id": "sset_21_gloiZ_gTJaE_frame_00000001", "chosen_key": "G0:180:580/child", "no_court_reason": null, "all_checks_equal": true, "error": null}
sset_21_gloiZ_gTJaE_frame_00014336 pair 1 [0, 2] combined 6392 players 3150 retained 256 seconds 0.12099506286904216
sset_21_gloiZ_gTJaE_frame_00014336 pair 3 [0, 4] combined 84 players 42 retained 21 seconds 0.020709531381726265
sset_21_gloiZ_gTJaE_frame_00014336 pair 6 [0, 7] combined 924 players 462 retained 231 seconds 0.043411482125520706
sset_21_gloiZ_gTJaE_frame_00014336 pair 13 [0, 14] combined 0 players 0 retained 0 seconds 0.0056884996592998505
sset_21_gloiZ_gTJaE_frame_00014336 pair 16 [1, 2] combined 4380 players 298 retained 149 seconds 0.1466327109374106
sset_21_gloiZ_gTJaE_frame_00014336 pair 19 [1, 5] combined 1344 players 0 retained 0 seconds 0.010222258046269417
sset_21_gloiZ_gTJaE_frame_00014336 pair 20 [1, 6] combined 17892 players 0 retained 0 seconds 0.036809055134654045
sset_21_gloiZ_gTJaE_frame_00014336 pair 23 [1, 9] combined 14144 players 0 retained 0 seconds 0.03019433980807662
sset_21_gloiZ_gTJaE_frame_00014336 pair 30 [2, 0] combined 8940 players 4332 retained 256 seconds 0.15551303001120687
sset_21_gloiZ_gTJaE_frame_00014336 pair 31 [2, 1] combined 11264 players 1352 retained 256 seconds 0.09085574885830283
sset_21_gloiZ_gTJaE_frame_00014336 pair 32 [2, 3] combined 13300 players 220 retained 110 seconds 0.048467033077031374
sset_21_gloiZ_gTJaE_frame_00014336 pair 33 [2, 4] combined 1092 players 130 retained 65 seconds 0.024959327187389135
sset_21_gloiZ_gTJaE_frame_00014336 pair 37 [2, 8] combined 4752 players 0 retained 0 seconds 0.013555298559367657
sset_21_gloiZ_gTJaE_frame_00014336 pair 39 [2, 10] combined 408 players 0 retained 0 seconds 0.0053516048938035965
sset_21_gloiZ_gTJaE_frame_00014336 pair 40 [2, 11] combined 6028 players 1112 retained 256 seconds 0.06789679219946265
sset_21_gloiZ_gTJaE_frame_00014336 pair 41 [2, 12] combined 2064 players 1032 retained 256 seconds 0.0625568418763578
sset_21_gloiZ_gTJaE_frame_00014336 pair 42 [2, 13] combined 13524 players 0 retained 0 seconds 0.027519861236214638
sset_21_gloiZ_gTJaE_frame_00014336 pair 43 [2, 14] combined 648 players 0 retained 0 seconds 0.005980847403407097
sset_21_gloiZ_gTJaE_frame_00014336 pair 47 [3, 2] combined 7168 players 76 retained 38 seconds 0.0351088447496295
sset_21_gloiZ_gTJaE_frame_00014336 pair 60 [4, 0] combined 0 players 0 retained 0 seconds 0.011503235902637243
sset_21_gloiZ_gTJaE_frame_00014336 pair 62 [4, 2] combined 0 players 0 retained 0 seconds 0.010484590195119381
sset_21_gloiZ_gTJaE_frame_00014336 pair 64 [4, 5] combined 188 players 0 retained 0 seconds 0.006082961801439524
sset_21_gloiZ_gTJaE_frame_00014336 pair 65 [4, 6] combined 632 players 0 retained 0 seconds 0.006789463106542826
sset_21_gloiZ_gTJaE_frame_00014336 pair 68 [4, 9] combined 5456 players 0 retained 0 seconds 0.014135401230305433
sset_21_gloiZ_gTJaE_frame_00014336 pair 69 [4, 10] combined 24 players 0 retained 0 seconds 0.003128007985651493
sset_21_gloiZ_gTJaE_frame_00014336 pair 71 [4, 12] combined 0 players 0 retained 0 seconds 0.005065633915364742
sset_21_gloiZ_gTJaE_frame_00014336 pair 76 [5, 1] combined 13312 players 24 retained 12 seconds 0.046777989249676466
sset_21_gloiZ_gTJaE_frame_00014336 pair 79 [5, 4] combined 176 players 4 retained 2 seconds 0.01781470188871026
sset_21_gloiZ_gTJaE_frame_00014336 pair 81 [5, 7] combined 288 players 12 retained 6 seconds 0.018734470941126347
sset_21_gloiZ_gTJaE_frame_00014336 pair 82 [5, 8] combined 0 players 0 retained 0 seconds 0.004213821142911911
sset_21_gloiZ_gTJaE_frame_00014336 pair 85 [5, 11] combined 1392 players 2 retained 1 seconds 0.020715378690510988
sset_21_gloiZ_gTJaE_frame_00014336 pair 88 [5, 14] combined 0 players 0 retained 0 seconds 0.003861725330352783
sset_21_gloiZ_gTJaE_frame_00014336 pair 89 [5, 15] combined 16 players 0 retained 0 seconds 0.0029982239939272404
sset_21_gloiZ_gTJaE_frame_00014336 pair 91 [6, 1] combined 0 players 0 retained 0 seconds 0.018415199127048254
sset_21_gloiZ_gTJaE_frame_00014336 pair 94 [6, 4] combined 140 players 4 retained 2 seconds 0.017499708104878664
sset_21_gloiZ_gTJaE_frame_00014336 pair 96 [6, 7] combined 96 players 4 retained 2 seconds 0.017899205908179283
sset_21_gloiZ_gTJaE_frame_00014336 pair 100 [6, 11] combined 616 players 0 retained 0 seconds 0.007699252106249332
sset_21_gloiZ_gTJaE_frame_00014336 pair 103 [6, 14] combined 0 players 0 retained 0 seconds 0.00354070495814085
sset_21_gloiZ_gTJaE_frame_00014336 pair 104 [6, 15] combined 12 players 0 retained 0 seconds 0.0029304339550435543
sset_21_gloiZ_gTJaE_frame_00014336 pair 105 [7, 0] combined 0 players 0 retained 0 seconds 0.011599961202591658
sset_21_gloiZ_gTJaE_frame_00014336 pair 110 [7, 5] combined 0 players 0 retained 0 seconds 0.006310504861176014
sset_21_gloiZ_gTJaE_frame_00014336 pair 111 [7, 6] combined 0 players 0 retained 0 seconds 0.006254440173506737
sset_21_gloiZ_gTJaE_frame_00014336 pair 113 [7, 9] combined 0 players 0 retained 0 seconds 0.006155791692435741
sset_21_gloiZ_gTJaE_frame_00014336 pair 114 [7, 10] combined 48 players 0 retained 0 seconds 0.003266416024416685
sset_21_gloiZ_gTJaE_frame_00014336 pair 116 [7, 12] combined 0 players 0 retained 0 seconds 0.005378101021051407
sset_21_gloiZ_gTJaE_frame_00014336 pair 122 [8, 2] combined 6656 players 0 retained 0 seconds 0.016394723672419786
sset_21_gloiZ_gTJaE_frame_00014336 pair 125 [8, 5] combined 16 players 0 retained 0 seconds 0.0036693569272756577
sset_21_gloiZ_gTJaE_frame_00014336 pair 136 [9, 1] combined 1024 players 52 retained 26 seconds 0.03389929886907339
sset_21_gloiZ_gTJaE_frame_00014336 pair 139 [9, 4] combined 0 players 0 retained 0 seconds 0.004649334121495485
sset_21_gloiZ_gTJaE_frame_00014336 pair 142 [9, 7] combined 0 players 0 retained 0 seconds 0.11731658922508359
sset_21_gloiZ_gTJaE_frame_00014336 pair 145 [9, 11] combined 0 players 0 retained 0 seconds 0.006157747935503721
sset_21_gloiZ_gTJaE_frame_00014336 pair 148 [9, 14] combined 0 players 0 retained 0 seconds 0.002993040718138218
sset_21_gloiZ_gTJaE_frame_00014336 pair 149 [9, 15] combined 0 players 0 retained 0 seconds 0.0024880096316337585
sset_21_gloiZ_gTJaE_frame_00014336 pair 152 [10, 2] combined 0 players 0 retained 0 seconds 0.008005634881556034
sset_21_gloiZ_gTJaE_frame_00014336 pair 154 [10, 4] combined 0 players 0 retained 0 seconds 0.0035647950135171413
sset_21_gloiZ_gTJaE_frame_00014336 pair 157 [10, 7] combined 0 players 0 retained 0 seconds 0.004623403772711754
sset_21_gloiZ_gTJaE_frame_00014336 pair 163 [10, 14] combined 0 players 0 retained 0 seconds 0.002050423063337803
sset_21_gloiZ_gTJaE_frame_00014336 pair 164 [10, 15] combined 0 players 0 retained 0 seconds 0.0021091150119900703
sset_21_gloiZ_gTJaE_frame_00014336 pair 167 [11, 2] combined 2292 players 112 retained 56 seconds 0.02981229405850172
sset_21_gloiZ_gTJaE_frame_00014336 pair 170 [11, 5] combined 4312 players 0 retained 0 seconds 0.013392950873821974
sset_21_gloiZ_gTJaE_frame_00014336 pair 171 [11, 6] combined 3240 players 54 retained 27 seconds 0.025185129139572382
sset_21_gloiZ_gTJaE_frame_00014336 pair 174 [11, 9] combined 10868 players 96 retained 48 seconds 0.03792152181267738
sset_21_gloiZ_gTJaE_frame_00014336 pair 182 [12, 2] combined 2664 players 1318 retained 256 seconds 0.06925396900624037
sset_21_gloiZ_gTJaE_frame_00014336 pair 184 [12, 4] combined 80 players 40 retained 20 seconds 0.018840262666344643
sset_21_gloiZ_gTJaE_frame_00014336 pair 187 [12, 7] combined 784 players 392 retained 176 seconds 0.037818143144249916
sset_21_gloiZ_gTJaE_frame_00014336 pair 193 [12, 14] combined 0 players 0 retained 0 seconds 0.00408929493278265
sset_21_gloiZ_gTJaE_frame_00014336 pair 194 [12, 15] combined 64 players 32 retained 16 seconds 0.01698419265449047
sset_21_gloiZ_gTJaE_frame_00014336 pair 197 [13, 2] combined 4800 players 264 retained 132 seconds 0.04053647583350539
sset_21_gloiZ_gTJaE_frame_00014336 pair 210 [14, 0] combined 0 players 0 retained 0 seconds 0.010195719078183174
sset_21_gloiZ_gTJaE_frame_00014336 pair 212 [14, 2] combined 0 players 0 retained 0 seconds 0.010653112083673477
sset_21_gloiZ_gTJaE_frame_00014336 pair 215 [14, 5] combined 240 players 8 retained 4 seconds 0.01785221602767706
sset_21_gloiZ_gTJaE_frame_00014336 pair 216 [14, 6] combined 0 players 0 retained 0 seconds 0.005485255271196365
sset_21_gloiZ_gTJaE_frame_00014336 pair 219 [14, 9] combined 0 players 0 retained 0 seconds 0.0038826237432658672
sset_21_gloiZ_gTJaE_frame_00014336 pair 220 [14, 10] combined 0 players 0 retained 0 seconds 0.0024578948505222797
sset_21_gloiZ_gTJaE_frame_00014336 pair 222 [14, 12] combined 0 players 0 retained 0 seconds 0.0041750166565179825
sset_21_gloiZ_gTJaE_frame_00014336 pair 230 [15, 5] combined 0 players 0 retained 0 seconds 0.005223300773650408
sset_21_gloiZ_gTJaE_frame_00014336 pair 231 [15, 6] combined 0 players 0 retained 0 seconds 0.005220751278102398
sset_21_gloiZ_gTJaE_frame_00014336 pair 234 [15, 9] combined 0 players 0 retained 0 seconds 0.004858619067817926
sset_21_gloiZ_gTJaE_frame_00014336 pair 235 [15, 10] combined 0 players 0 retained 0 seconds 0.0023482870310544968
sset_21_gloiZ_gTJaE_frame_00014336 pair 237 [15, 12] combined 0 players 0 retained 0 seconds 0.004627817776054144
sset_21_gloiZ_gTJaE_frame_00014336 pair 1 [0, 2] combined 0 players 0 retained 0 seconds 0.005053920205682516
sset_21_gloiZ_gTJaE_frame_00014336 pair 3 [0, 4] combined 0 players 0 retained 0 seconds 0.0024466272443532944
sset_21_gloiZ_gTJaE_frame_00014336 pair 6 [0, 7] combined 0 players 0 retained 0 seconds 0.002626667730510235
sset_21_gloiZ_gTJaE_frame_00014336 pair 13 [0, 14] combined 0 players 0 retained 0 seconds 0.001867266371846199
sset_21_gloiZ_gTJaE_frame_00014336 pair 16 [1, 2] combined 588 players 90 retained 45 seconds 0.02140463376417756
sset_21_gloiZ_gTJaE_frame_00014336 pair 19 [1, 5] combined 132 players 0 retained 0 seconds 0.0034729018807411194
sset_21_gloiZ_gTJaE_frame_00014336 pair 20 [1, 6] combined 1016 players 0 retained 0 seconds 0.007026078645139933
sset_21_gloiZ_gTJaE_frame_00014336 pair 23 [1, 9] combined 0 players 0 retained 0 seconds 0.003936456050723791
sset_21_gloiZ_gTJaE_frame_00014336 pair 30 [2, 0] combined 0 players 0 retained 0 seconds 0.0032650288194417953
sset_21_gloiZ_gTJaE_frame_00014336 pair 31 [2, 1] combined 224 players 112 retained 56 seconds 0.020443442277610302
sset_21_gloiZ_gTJaE_frame_00014336 pair 32 [2, 3] combined 468 players 0 retained 0 seconds 0.006198726128786802
sset_21_gloiZ_gTJaE_frame_00014336 pair 33 [2, 4] combined 32 players 16 retained 8 seconds 0.015856444835662842
sset_21_gloiZ_gTJaE_frame_00014336 pair 37 [2, 8] combined 168 players 0 retained 0 seconds 0.0034785368479788303
sset_21_gloiZ_gTJaE_frame_00014336 pair 39 [2, 10] combined 0 players 0 retained 0 seconds 0.0028784098103642464
sset_21_gloiZ_gTJaE_frame_00014336 pair 40 [2, 11] combined 240 players 84 retained 42 seconds 0.0185932251624763
sset_21_gloiZ_gTJaE_frame_00014336 pair 41 [2, 12] combined 84 players 42 retained 21 seconds 0.01701026689261198
sset_21_gloiZ_gTJaE_frame_00014336 pair 42 [2, 13] combined 0 players 0 retained 0 seconds 0.0031552989967167377
sset_21_gloiZ_gTJaE_frame_00014336 pair 43 [2, 14] combined 0 players 0 retained 0 seconds 0.002673506271094084
sset_21_gloiZ_gTJaE_frame_00014336 pair 47 [3, 2] combined 372 players 2 retained 1 seconds 0.017564017791301012
sset_21_gloiZ_gTJaE_frame_00014336 pair 60 [4, 0] combined 0 players 0 retained 0 seconds 0.0024166149087250233
sset_21_gloiZ_gTJaE_frame_00014336 pair 62 [4, 2] combined 0 players 0 retained 0 seconds 0.004905828274786472
sset_21_gloiZ_gTJaE_frame_00014336 pair 64 [4, 5] combined 0 players 0 retained 0 seconds 0.0023301863111555576
sset_21_gloiZ_gTJaE_frame_00014336 pair 65 [4, 6] combined 0 players 0 retained 0 seconds 0.003849598579108715
sset_21_gloiZ_gTJaE_frame_00014336 pair 68 [4, 9] combined 0 players 0 retained 0 seconds 0.002595794852823019
sset_21_gloiZ_gTJaE_frame_00014336 pair 69 [4, 10] combined 0 players 0 retained 0 seconds 0.0016794097609817982
sset_21_gloiZ_gTJaE_frame_00014336 pair 71 [4, 12] combined 0 players 0 retained 0 seconds 0.0021004611626267433
sset_21_gloiZ_gTJaE_frame_00014336 pair 76 [5, 1] combined 0 players 0 retained 0 seconds 0.0036403872072696686
sset_21_gloiZ_gTJaE_frame_00014336 pair 79 [5, 4] combined 0 players 0 retained 0 seconds 0.0022847228683531284
sset_21_gloiZ_gTJaE_frame_00014336 pair 81 [5, 7] combined 4 players 0 retained 0 seconds 0.002291496843099594
sset_21_gloiZ_gTJaE_frame_00014336 pair 82 [5, 8] combined 0 players 0 retained 0 seconds 0.002161012962460518
sset_21_gloiZ_gTJaE_frame_00014336 pair 85 [5, 11] combined 32 players 0 retained 0 seconds 0.0024189469404518604
sset_21_gloiZ_gTJaE_frame_00014336 pair 88 [5, 14] combined 0 players 0 retained 0 seconds 0.0016250945627689362
sset_21_gloiZ_gTJaE_frame_00014336 pair 89 [5, 15] combined 0 players 0 retained 0 seconds 0.0017113653011620045
sset_21_gloiZ_gTJaE_frame_00014336 pair 91 [6, 1] combined 0 players 0 retained 0 seconds 0.006101068574935198
sset_21_gloiZ_gTJaE_frame_00014336 pair 94 [6, 4] combined 0 players 0 retained 0 seconds 0.0027455752715468407
sset_21_gloiZ_gTJaE_frame_00014336 pair 96 [6, 7] combined 0 players 0 retained 0 seconds 0.0025276378728449345
sset_21_gloiZ_gTJaE_frame_00014336 pair 100 [6, 11] combined 28 players 0 retained 0 seconds 0.002721368335187435
sset_21_gloiZ_gTJaE_frame_00014336 pair 103 [6, 14] combined 0 players 0 retained 0 seconds 0.0020431927405297756
sset_21_gloiZ_gTJaE_frame_00014336 pair 104 [6, 15] combined 0 players 0 retained 0 seconds 0.0020797117613255978
sset_21_gloiZ_gTJaE_frame_00014336 pair 105 [7, 0] combined 0 players 0 retained 0 seconds 0.0020207520574331284
sset_21_gloiZ_gTJaE_frame_00014336 pair 110 [7, 5] combined 0 players 0 retained 0 seconds 0.0023098019883036613
sset_21_gloiZ_gTJaE_frame_00014336 pair 111 [7, 6] combined 0 players 0 retained 0 seconds 0.00394213292747736
sset_21_gloiZ_gTJaE_frame_00014336 pair 113 [7, 9] combined 0 players 0 retained 0 seconds 0.0028327940963208675
sset_21_gloiZ_gTJaE_frame_00014336 pair 114 [7, 10] combined 0 players 0 retained 0 seconds 0.0015560048632323742
sset_21_gloiZ_gTJaE_frame_00014336 pair 116 [7, 12] combined 0 players 0 retained 0 seconds 0.0020724330097436905
sset_21_gloiZ_gTJaE_frame_00014336 pair 122 [8, 2] combined 1232 players 0 retained 0 seconds 0.0057854559272527695
sset_21_gloiZ_gTJaE_frame_00014336 pair 125 [8, 5] combined 0 players 0 retained 0 seconds 0.002172118052840233
sset_21_gloiZ_gTJaE_frame_00014336 pair 136 [9, 1] combined 0 players 0 retained 0 seconds 0.006216679699718952
sset_21_gloiZ_gTJaE_frame_00014336 pair 139 [9, 4] combined 0 players 0 retained 0 seconds 0.002326036337763071
sset_21_gloiZ_gTJaE_frame_00014336 pair 142 [9, 7] combined 0 players 0 retained 0 seconds 0.0022358959540724754
sset_21_gloiZ_gTJaE_frame_00014336 pair 145 [9, 11] combined 0 players 0 retained 0 seconds 0.0022762902081012726
sset_21_gloiZ_gTJaE_frame_00014336 pair 148 [9, 14] combined 0 players 0 retained 0 seconds 0.0016210870817303658
sset_21_gloiZ_gTJaE_frame_00014336 pair 149 [9, 15] combined 0 players 0 retained 0 seconds 0.0017491132020950317
sset_21_gloiZ_gTJaE_frame_00014336 pair 152 [10, 2] combined 0 players 0 retained 0 seconds 0.004097426775842905
sset_21_gloiZ_gTJaE_frame_00014336 pair 154 [10, 4] combined 0 players 0 retained 0 seconds 0.0018486692570149899
sset_21_gloiZ_gTJaE_frame_00014336 pair 157 [10, 7] combined 0 players 0 retained 0 seconds 0.0018918956629931927
sset_21_gloiZ_gTJaE_frame_00014336 pair 163 [10, 14] combined 0 players 0 retained 0 seconds 0.0013874969445168972
sset_21_gloiZ_gTJaE_frame_00014336 pair 164 [10, 15] combined 0 players 0 retained 0 seconds 0.0013262378051877022
sset_21_gloiZ_gTJaE_frame_00014336 pair 167 [11, 2] combined 0 players 0 retained 0 seconds 0.004445884842425585
sset_21_gloiZ_gTJaE_frame_00014336 pair 170 [11, 5] combined 0 players 0 retained 0 seconds 0.002343381755053997
sset_21_gloiZ_gTJaE_frame_00014336 pair 171 [11, 6] combined 0 players 0 retained 0 seconds 0.004099944140762091
sset_21_gloiZ_gTJaE_frame_00014336 pair 174 [11, 9] combined 248 players 0 retained 0 seconds 0.003474764060229063
sset_21_gloiZ_gTJaE_frame_00014336 pair 182 [12, 2] combined 0 players 0 retained 0 seconds 0.004250478930771351
sset_21_gloiZ_gTJaE_frame_00014336 pair 184 [12, 4] combined 0 players 0 retained 0 seconds 0.0020196307450532913
sset_21_gloiZ_gTJaE_frame_00014336 pair 187 [12, 7] combined 0 players 0 retained 0 seconds 0.002092708833515644
sset_21_gloiZ_gTJaE_frame_00014336 pair 193 [12, 14] combined 0 players 0 retained 0 seconds 0.0017319121398031712
sset_21_gloiZ_gTJaE_frame_00014336 pair 194 [12, 15] combined 0 players 0 retained 0 seconds 0.001661262009292841
sset_21_gloiZ_gTJaE_frame_00014336 pair 197 [13, 2] combined 0 players 0 retained 0 seconds 0.004545507952570915
sset_21_gloiZ_gTJaE_frame_00014336 pair 210 [14, 0] combined 0 players 0 retained 0 seconds 0.0020832400768995285
sset_21_gloiZ_gTJaE_frame_00014336 pair 212 [14, 2] combined 0 players 0 retained 0 seconds 0.004473831970244646
sset_21_gloiZ_gTJaE_frame_00014336 pair 215 [14, 5] combined 0 players 0 retained 0 seconds 0.002143419813364744
sset_21_gloiZ_gTJaE_frame_00014336 pair 216 [14, 6] combined 0 players 0 retained 0 seconds 0.0032387040555477142
sset_21_gloiZ_gTJaE_frame_00014336 pair 219 [14, 9] combined 0 players 0 retained 0 seconds 0.001764209009706974
sset_21_gloiZ_gTJaE_frame_00014336 pair 220 [14, 10] combined 0 players 0 retained 0 seconds 0.0013133739121258259
sset_21_gloiZ_gTJaE_frame_00014336 pair 222 [14, 12] combined 0 players 0 retained 0 seconds 0.0017664963379502296
sset_21_gloiZ_gTJaE_frame_00014336 pair 230 [15, 5] combined 0 players 0 retained 0 seconds 0.002140881959348917
sset_21_gloiZ_gTJaE_frame_00014336 pair 231 [15, 6] combined 0 players 0 retained 0 seconds 0.003456264268606901
sset_21_gloiZ_gTJaE_frame_00014336 pair 234 [15, 9] combined 0 players 0 retained 0 seconds 0.002885649912059307
sset_21_gloiZ_gTJaE_frame_00014336 pair 235 [15, 10] combined 0 players 0 retained 0 seconds 0.0016104341484606266
sset_21_gloiZ_gTJaE_frame_00014336 pair 237 [15, 12] combined 0 players 0 retained 0 seconds 0.0017629899084568024
[sset_21_gloiZ_gTJaE_frame_00014336] line-template: preparing rectangles
[sset_21_gloiZ_gTJaE_frame_00014336] measuring 685 parents (G0=256, G1=173, line_template=256; conflicting geometry groups=0)
[sset_21_gloiZ_gTJaE_frame_00014336] parents 250/685
[sset_21_gloiZ_gTJaE_frame_00014336] parents 500/685
[sset_21_gloiZ_gTJaE_frame_00014336] refitting 685 parents
[sset_21_gloiZ_gTJaE_frame_00014336] refits 250/685; valid children=169
[sset_21_gloiZ_gTJaE_frame_00014336] refits 500/685; valid children=209
{"view_id": "sset_21_gloiZ_gTJaE_frame_00014336", "chosen_key": "G1:16:8", "no_court_reason": "rank_deficient", "all_checks_equal": true, "error": null}
sset_21_gloiZ_gTJaE_frame_00062120 pair 0 [0, 1] combined 0 players 0 retained 0 seconds 0.07337070722132921
sset_21_gloiZ_gTJaE_frame_00062120 pair 1 [0, 2] combined 0 players 0 retained 0 seconds 0.0685032601468265
sset_21_gloiZ_gTJaE_frame_00062120 pair 10 [0, 11] combined 0 players 0 retained 0 seconds 0.06440429203212261
sset_21_gloiZ_gTJaE_frame_00062120 pair 15 [1, 0] combined 0 players 0 retained 0 seconds 0.053147630766034126
sset_21_gloiZ_gTJaE_frame_00062120 pair 18 [1, 4] combined 0 players 0 retained 0 seconds 0.03360675321891904
sset_21_gloiZ_gTJaE_frame_00062120 pair 19 [1, 5] combined 0 players 0 retained 0 seconds 0.03307313285768032
sset_21_gloiZ_gTJaE_frame_00062120 pair 20 [1, 6] combined 0 players 0 retained 0 seconds 0.032990774139761925
sset_21_gloiZ_gTJaE_frame_00062120 pair 21 [1, 7] combined 0 players 0 retained 0 seconds 0.03330709785223007
sset_21_gloiZ_gTJaE_frame_00062120 pair 23 [1, 9] combined 0 players 0 retained 0 seconds 0.0328549207188189
sset_21_gloiZ_gTJaE_frame_00062120 pair 24 [1, 10] combined 0 players 0 retained 0 seconds 0.033725184854120016
sset_21_gloiZ_gTJaE_frame_00062120 pair 25 [1, 11] combined 0 players 0 retained 0 seconds 0.03480914793908596
sset_21_gloiZ_gTJaE_frame_00062120 pair 26 [1, 12] combined 0 players 0 retained 0 seconds 0.033647963777184486
sset_21_gloiZ_gTJaE_frame_00062120 pair 27 [1, 13] combined 0 players 0 retained 0 seconds 0.03407537657767534
sset_21_gloiZ_gTJaE_frame_00062120 pair 28 [1, 14] combined 0 players 0 retained 0 seconds 0.032506599090993404
sset_21_gloiZ_gTJaE_frame_00062120 pair 29 [1, 15] combined 0 players 0 retained 0 seconds 0.03379612788558006
sset_21_gloiZ_gTJaE_frame_00062120 pair 30 [2, 0] combined 0 players 0 retained 0 seconds 0.04094866616651416
sset_21_gloiZ_gTJaE_frame_00062120 pair 33 [2, 4] combined 0 players 0 retained 0 seconds 0.02102522272616625
sset_21_gloiZ_gTJaE_frame_00062120 pair 34 [2, 5] combined 0 players 0 retained 0 seconds 0.02057758579030633
sset_21_gloiZ_gTJaE_frame_00062120 pair 35 [2, 6] combined 0 players 0 retained 0 seconds 0.020326226018369198
sset_21_gloiZ_gTJaE_frame_00062120 pair 36 [2, 7] combined 0 players 0 retained 0 seconds 0.02100786194205284
sset_21_gloiZ_gTJaE_frame_00062120 pair 38 [2, 9] combined 0 players 0 retained 0 seconds 0.020397046115249395
sset_21_gloiZ_gTJaE_frame_00062120 pair 39 [2, 10] combined 0 players 0 retained 0 seconds 0.020349519327282906
sset_21_gloiZ_gTJaE_frame_00062120 pair 40 [2, 11] combined 0 players 0 retained 0 seconds 0.02234550192952156
sset_21_gloiZ_gTJaE_frame_00062120 pair 41 [2, 12] combined 0 players 0 retained 0 seconds 0.021188390906900167
sset_21_gloiZ_gTJaE_frame_00062120 pair 42 [2, 13] combined 0 players 0 retained 0 seconds 0.021548468619585037
sset_21_gloiZ_gTJaE_frame_00062120 pair 43 [2, 14] combined 0 players 0 retained 0 seconds 0.020781445782631636
sset_21_gloiZ_gTJaE_frame_00062120 pair 44 [2, 15] combined 0 players 0 retained 0 seconds 0.021296876948326826
sset_21_gloiZ_gTJaE_frame_00062120 pair 55 [3, 11] combined 0 players 0 retained 0 seconds 0.005492527969181538
sset_21_gloiZ_gTJaE_frame_00062120 pair 61 [4, 1] combined 0 players 0 retained 0 seconds 0.014977043028920889
sset_21_gloiZ_gTJaE_frame_00062120 pair 62 [4, 2] combined 0 players 0 retained 0 seconds 0.010714430827647448
sset_21_gloiZ_gTJaE_frame_00062120 pair 76 [5, 1] combined 0 players 0 retained 0 seconds 0.013971037231385708
sset_21_gloiZ_gTJaE_frame_00062120 pair 77 [5, 2] combined 0 players 0 retained 0 seconds 0.009404817130416632
sset_21_gloiZ_gTJaE_frame_00062120 pair 91 [6, 1] combined 0 players 0 retained 0 seconds 0.013180670328438282
sset_21_gloiZ_gTJaE_frame_00062120 pair 92 [6, 2] combined 0 players 0 retained 0 seconds 0.008809781167656183
sset_21_gloiZ_gTJaE_frame_00062120 pair 106 [7, 1] combined 0 players 0 retained 0 seconds 0.01465486316010356
sset_21_gloiZ_gTJaE_frame_00062120 pair 107 [7, 2] combined 0 players 0 retained 0 seconds 0.010356925893574953
sset_21_gloiZ_gTJaE_frame_00062120 pair 130 [8, 11] combined 0 players 0 retained 0 seconds 0.007215905003249645
sset_21_gloiZ_gTJaE_frame_00062120 pair 136 [9, 1] combined 0 players 0 retained 0 seconds 0.01303431112319231
sset_21_gloiZ_gTJaE_frame_00062120 pair 137 [9, 2] combined 0 players 0 retained 0 seconds 0.00865161931142211
sset_21_gloiZ_gTJaE_frame_00062120 pair 151 [10, 1] combined 0 players 0 retained 0 seconds 0.013686863239854574
sset_21_gloiZ_gTJaE_frame_00062120 pair 152 [10, 2] combined 0 players 0 retained 0 seconds 0.009289592038840055
sset_21_gloiZ_gTJaE_frame_00062120 pair 165 [11, 0] combined 0 players 0 retained 0 seconds 0.028437884990125895
sset_21_gloiZ_gTJaE_frame_00062120 pair 166 [11, 1] combined 0 players 0 retained 0 seconds 0.0190596766769886
sset_21_gloiZ_gTJaE_frame_00062120 pair 167 [11, 2] combined 0 players 0 retained 0 seconds 0.019369571935385466
sset_21_gloiZ_gTJaE_frame_00062120 pair 168 [11, 3] combined 0 players 0 retained 0 seconds 0.011831194162368774
sset_21_gloiZ_gTJaE_frame_00062120 pair 173 [11, 8] combined 0 players 0 retained 0 seconds 0.012836921960115433
sset_21_gloiZ_gTJaE_frame_00062120 pair 181 [12, 1] combined 0 players 0 retained 0 seconds 0.020574009977281094
sset_21_gloiZ_gTJaE_frame_00062120 pair 182 [12, 2] combined 0 players 0 retained 0 seconds 0.014907498378306627
sset_21_gloiZ_gTJaE_frame_00062120 pair 196 [13, 1] combined 0 players 0 retained 0 seconds 0.021918557584285736
sset_21_gloiZ_gTJaE_frame_00062120 pair 197 [13, 2] combined 0 players 0 retained 0 seconds 0.01179606793448329
sset_21_gloiZ_gTJaE_frame_00062120 pair 211 [14, 1] combined 0 players 0 retained 0 seconds 0.013880719896405935
sset_21_gloiZ_gTJaE_frame_00062120 pair 212 [14, 2] combined 0 players 0 retained 0 seconds 0.009828516747802496
sset_21_gloiZ_gTJaE_frame_00062120 pair 226 [15, 1] combined 0 players 0 retained 0 seconds 0.014905826188623905
sset_21_gloiZ_gTJaE_frame_00062120 pair 227 [15, 2] combined 0 players 0 retained 0 seconds 0.011045571882277727
sset_21_gloiZ_gTJaE_frame_00062120 pair 0 [0, 1] combined 0 players 0 retained 0 seconds 0.009857145138084888
sset_21_gloiZ_gTJaE_frame_00062120 pair 1 [0, 2] combined 0 players 0 retained 0 seconds 0.010841837618499994
sset_21_gloiZ_gTJaE_frame_00062120 pair 10 [0, 11] combined 0 players 0 retained 0 seconds 0.008731161244213581
sset_21_gloiZ_gTJaE_frame_00062120 pair 15 [1, 0] combined 0 players 0 retained 0 seconds 0.007954016793519258
sset_21_gloiZ_gTJaE_frame_00062120 pair 18 [1, 4] combined 0 players 0 retained 0 seconds 0.005675746127963066
sset_21_gloiZ_gTJaE_frame_00062120 pair 19 [1, 5] combined 0 players 0 retained 0 seconds 0.005511092953383923
sset_21_gloiZ_gTJaE_frame_00062120 pair 20 [1, 6] combined 0 players 0 retained 0 seconds 0.005626931320875883
sset_21_gloiZ_gTJaE_frame_00062120 pair 21 [1, 7] combined 0 players 0 retained 0 seconds 0.0055929310619831085
sset_21_gloiZ_gTJaE_frame_00062120 pair 23 [1, 9] combined 0 players 0 retained 0 seconds 0.005656120833009481
sset_21_gloiZ_gTJaE_frame_00062120 pair 24 [1, 10] combined 0 players 0 retained 0 seconds 0.005638564005494118
sset_21_gloiZ_gTJaE_frame_00062120 pair 25 [1, 11] combined 0 players 0 retained 0 seconds 0.0059498026967048645
sset_21_gloiZ_gTJaE_frame_00062120 pair 26 [1, 12] combined 0 players 0 retained 0 seconds 0.005601806100457907
sset_21_gloiZ_gTJaE_frame_00062120 pair 27 [1, 13] combined 0 players 0 retained 0 seconds 0.006519255694001913
sset_21_gloiZ_gTJaE_frame_00062120 pair 28 [1, 14] combined 0 players 0 retained 0 seconds 0.005764980334788561
sset_21_gloiZ_gTJaE_frame_00062120 pair 29 [1, 15] combined 0 players 0 retained 0 seconds 0.005788602866232395
sset_21_gloiZ_gTJaE_frame_00062120 pair 30 [2, 0] combined 0 players 0 retained 0 seconds 0.010665958281606436
sset_21_gloiZ_gTJaE_frame_00062120 pair 33 [2, 4] combined 0 players 0 retained 0 seconds 0.008587329182773829
sset_21_gloiZ_gTJaE_frame_00062120 pair 34 [2, 5] combined 0 players 0 retained 0 seconds 0.0084189479239285
sset_21_gloiZ_gTJaE_frame_00062120 pair 35 [2, 6] combined 0 players 0 retained 0 seconds 0.00852402625605464
sset_21_gloiZ_gTJaE_frame_00062120 pair 36 [2, 7] combined 0 players 0 retained 0 seconds 0.008427829947322607
sset_21_gloiZ_gTJaE_frame_00062120 pair 38 [2, 9] combined 0 players 0 retained 0 seconds 0.008437421172857285
sset_21_gloiZ_gTJaE_frame_00062120 pair 39 [2, 10] combined 0 players 0 retained 0 seconds 0.008361524902284145
sset_21_gloiZ_gTJaE_frame_00062120 pair 40 [2, 11] combined 0 players 0 retained 0 seconds 0.008579494897276163
sset_21_gloiZ_gTJaE_frame_00062120 pair 41 [2, 12] combined 0 players 0 retained 0 seconds 0.008276030886918306
sset_21_gloiZ_gTJaE_frame_00062120 pair 42 [2, 13] combined 0 players 0 retained 0 seconds 0.009153868071734905
sset_21_gloiZ_gTJaE_frame_00062120 pair 43 [2, 14] combined 0 players 0 retained 0 seconds 0.008605525828897953
sset_21_gloiZ_gTJaE_frame_00062120 pair 44 [2, 15] combined 0 players 0 retained 0 seconds 0.008545821998268366
sset_21_gloiZ_gTJaE_frame_00062120 pair 55 [3, 11] combined 0 players 0 retained 0 seconds 0.002385301049798727
sset_21_gloiZ_gTJaE_frame_00062120 pair 61 [4, 1] combined 0 players 0 retained 0 seconds 0.003601927775889635
sset_21_gloiZ_gTJaE_frame_00062120 pair 62 [4, 2] combined 0 players 0 retained 0 seconds 0.004535884130746126
sset_21_gloiZ_gTJaE_frame_00062120 pair 76 [5, 1] combined 0 players 0 retained 0 seconds 0.003258069045841694
sset_21_gloiZ_gTJaE_frame_00062120 pair 77 [5, 2] combined 0 players 0 retained 0 seconds 0.004127719905227423
sset_21_gloiZ_gTJaE_frame_00062120 pair 91 [6, 1] combined 0 players 0 retained 0 seconds 0.003014635294675827
sset_21_gloiZ_gTJaE_frame_00062120 pair 92 [6, 2] combined 0 players 0 retained 0 seconds 0.003880247939378023
sset_21_gloiZ_gTJaE_frame_00062120 pair 106 [7, 1] combined 0 players 0 retained 0 seconds 0.0030885599553585052
sset_21_gloiZ_gTJaE_frame_00062120 pair 107 [7, 2] combined 0 players 0 retained 0 seconds 0.004100223071873188
sset_21_gloiZ_gTJaE_frame_00062120 pair 130 [8, 11] combined 0 players 0 retained 0 seconds 0.002492099069058895
sset_21_gloiZ_gTJaE_frame_00062120 pair 136 [9, 1] combined 0 players 0 retained 0 seconds 0.0031806700862944126
sset_21_gloiZ_gTJaE_frame_00062120 pair 137 [9, 2] combined 0 players 0 retained 0 seconds 0.0040109301917254925
sset_21_gloiZ_gTJaE_frame_00062120 pair 151 [10, 1] combined 0 players 0 retained 0 seconds 0.003029310144484043
sset_21_gloiZ_gTJaE_frame_00062120 pair 152 [10, 2] combined 0 players 0 retained 0 seconds 0.00399888725951314
sset_21_gloiZ_gTJaE_frame_00062120 pair 165 [11, 0] combined 0 players 0 retained 0 seconds 0.004750015679746866
sset_21_gloiZ_gTJaE_frame_00062120 pair 166 [11, 1] combined 0 players 0 retained 0 seconds 0.003963295370340347
sset_21_gloiZ_gTJaE_frame_00062120 pair 167 [11, 2] combined 0 players 0 retained 0 seconds 0.004775447305291891
sset_21_gloiZ_gTJaE_frame_00062120 pair 168 [11, 3] combined 0 players 0 retained 0 seconds 0.0024489080533385277
sset_21_gloiZ_gTJaE_frame_00062120 pair 173 [11, 8] combined 0 players 0 retained 0 seconds 0.0024231462739408016
sset_21_gloiZ_gTJaE_frame_00062120 pair 181 [12, 1] combined 0 players 0 retained 0 seconds 0.0029962840490043163
sset_21_gloiZ_gTJaE_frame_00062120 pair 182 [12, 2] combined 0 players 0 retained 0 seconds 0.0038544787093997
sset_21_gloiZ_gTJaE_frame_00062120 pair 196 [13, 1] combined 0 players 0 retained 0 seconds 0.0053061991930007935
sset_21_gloiZ_gTJaE_frame_00062120 pair 197 [13, 2] combined 0 players 0 retained 0 seconds 0.006263484247028828
sset_21_gloiZ_gTJaE_frame_00062120 pair 211 [14, 1] combined 0 players 0 retained 0 seconds 0.0035777161829173565
sset_21_gloiZ_gTJaE_frame_00062120 pair 212 [14, 2] combined 0 players 0 retained 0 seconds 0.00446196086704731
sset_21_gloiZ_gTJaE_frame_00062120 pair 226 [15, 1] combined 0 players 0 retained 0 seconds 0.0033543379977345467
sset_21_gloiZ_gTJaE_frame_00062120 pair 227 [15, 2] combined 0 players 0 retained 0 seconds 0.004281843081116676
[sset_21_gloiZ_gTJaE_frame_00062120] line-template: preparing rectangles
[sset_21_gloiZ_gTJaE_frame_00062120] measuring 256 parents (G0=0, G1=0, line_template=256; conflicting geometry groups=0)
[sset_21_gloiZ_gTJaE_frame_00062120] parents 250/256
[sset_21_gloiZ_gTJaE_frame_00062120] refitting 256 parents
[sset_21_gloiZ_gTJaE_frame_00062120] refits 250/256; valid children=204
{"view_id": "sset_21_gloiZ_gTJaE_frame_00062120", "chosen_key": null, "no_court_reason": "no_gated_court", "all_checks_equal": true, "error": null}
sset_21_gloiZ_gTJaE_frame_00009558 pair 0 [0, 1] combined 0 players 0 retained 0 seconds 0.025365101173520088
sset_21_gloiZ_gTJaE_frame_00009558 pair 1 [0, 2] combined 0 players 0 retained 0 seconds 0.02654887968674302
sset_21_gloiZ_gTJaE_frame_00009558 pair 5 [0, 6] combined 0 players 0 retained 0 seconds 0.024224217981100082
sset_21_gloiZ_gTJaE_frame_00009558 pair 7 [0, 8] combined 0 players 0 retained 0 seconds 0.03631410887464881
sset_21_gloiZ_gTJaE_frame_00009558 pair 9 [0, 10] combined 0 players 0 retained 0 seconds 0.03950930805876851
sset_21_gloiZ_gTJaE_frame_00009558 pair 10 [0, 11] combined 0 players 0 retained 0 seconds 0.03665415896102786
sset_21_gloiZ_gTJaE_frame_00009558 pair 15 [1, 0] combined 0 players 0 retained 0 seconds 0.015494757797569036
sset_21_gloiZ_gTJaE_frame_00009558 pair 17 [1, 3] combined 0 players 0 retained 0 seconds 0.006907317321747541
sset_21_gloiZ_gTJaE_frame_00009558 pair 18 [1, 4] combined 0 players 0 retained 0 seconds 0.0069937449879944324
sset_21_gloiZ_gTJaE_frame_00009558 pair 20 [1, 6] combined 0 players 0 retained 0 seconds 0.007176488172262907
sset_21_gloiZ_gTJaE_frame_00009558 pair 22 [1, 8] combined 0 players 0 retained 0 seconds 0.008365745190531015
sset_21_gloiZ_gTJaE_frame_00009558 pair 23 [1, 9] combined 0 players 0 retained 0 seconds 0.007129008881747723
sset_21_gloiZ_gTJaE_frame_00009558 pair 26 [1, 12] combined 0 players 0 retained 0 seconds 0.0070170327089726925
sset_21_gloiZ_gTJaE_frame_00009558 pair 29 [1, 15] combined 0 players 0 retained 0 seconds 0.0065775238908827305
sset_21_gloiZ_gTJaE_frame_00009558 pair 30 [2, 0] combined 0 players 0 retained 0 seconds 0.01773794600740075
sset_21_gloiZ_gTJaE_frame_00009558 pair 32 [2, 3] combined 0 players 0 retained 0 seconds 0.00950650591403246
sset_21_gloiZ_gTJaE_frame_00009558 pair 33 [2, 4] combined 0 players 0 retained 0 seconds 0.009369770996272564
sset_21_gloiZ_gTJaE_frame_00009558 pair 35 [2, 6] combined 0 players 0 retained 0 seconds 0.009462678339332342
sset_21_gloiZ_gTJaE_frame_00009558 pair 36 [2, 7] combined 0 players 0 retained 0 seconds 0.009847988840192556
sset_21_gloiZ_gTJaE_frame_00009558 pair 37 [2, 8] combined 0 players 0 retained 0 seconds 0.01074963714927435
sset_21_gloiZ_gTJaE_frame_00009558 pair 38 [2, 9] combined 0 players 0 retained 0 seconds 0.00954341096803546
sset_21_gloiZ_gTJaE_frame_00009558 pair 41 [2, 12] combined 0 players 0 retained 0 seconds 0.009500375017523766
sset_21_gloiZ_gTJaE_frame_00009558 pair 44 [2, 15] combined 0 players 0 retained 0 seconds 0.009100650902837515
sset_21_gloiZ_gTJaE_frame_00009558 pair 46 [3, 1] combined 0 players 0 retained 0 seconds 0.005027018021792173
sset_21_gloiZ_gTJaE_frame_00009558 pair 47 [3, 2] combined 0 players 0 retained 0 seconds 0.005636764224618673
sset_21_gloiZ_gTJaE_frame_00009558 pair 49 [3, 5] combined 0 players 0 retained 0 seconds 0.00325373699888587
sset_21_gloiZ_gTJaE_frame_00009558 pair 54 [3, 10] combined 0 players 0 retained 0 seconds 0.005416595842689276
sset_21_gloiZ_gTJaE_frame_00009558 pair 55 [3, 11] combined 0 players 0 retained 0 seconds 0.0033585941419005394
sset_21_gloiZ_gTJaE_frame_00009558 pair 61 [4, 1] combined 0 players 0 retained 0 seconds 0.004392020870000124
sset_21_gloiZ_gTJaE_frame_00009558 pair 62 [4, 2] combined 0 players 0 retained 0 seconds 0.005551581736654043
sset_21_gloiZ_gTJaE_frame_00009558 pair 64 [4, 5] combined 0 players 0 retained 0 seconds 0.0030398815870285034
sset_21_gloiZ_gTJaE_frame_00009558 pair 69 [4, 10] combined 0 players 0 retained 0 seconds 0.005274661350995302
sset_21_gloiZ_gTJaE_frame_00009558 pair 70 [4, 11] combined 0 players 0 retained 0 seconds 0.0032935719937086105
sset_21_gloiZ_gTJaE_frame_00009558 pair 78 [5, 3] combined 0 players 0 retained 0 seconds 0.0036585130728781223
sset_21_gloiZ_gTJaE_frame_00009558 pair 79 [5, 4] combined 0 players 0 retained 0 seconds 0.003521297127008438
sset_21_gloiZ_gTJaE_frame_00009558 pair 80 [5, 6] combined 0 players 0 retained 0 seconds 0.0034646019339561462
sset_21_gloiZ_gTJaE_frame_00009558 pair 82 [5, 8] combined 0 players 0 retained 0 seconds 0.004574100021272898
sset_21_gloiZ_gTJaE_frame_00009558 pair 83 [5, 9] combined 0 players 0 retained 0 seconds 0.0037652431055903435
sset_21_gloiZ_gTJaE_frame_00009558 pair 86 [5, 12] combined 0 players 0 retained 0 seconds 0.0037744580768048763
sset_21_gloiZ_gTJaE_frame_00009558 pair 89 [5, 15] combined 0 players 0 retained 0 seconds 0.003405702766031027
sset_21_gloiZ_gTJaE_frame_00009558 pair 90 [6, 0] combined 0 players 0 retained 0 seconds 0.011232239659875631
sset_21_gloiZ_gTJaE_frame_00009558 pair 91 [6, 1] combined 0 players 0 retained 0 seconds 0.0043134912848472595
sset_21_gloiZ_gTJaE_frame_00009558 pair 92 [6, 2] combined 0 players 0 retained 0 seconds 0.005602633114904165
sset_21_gloiZ_gTJaE_frame_00009558 pair 95 [6, 5] combined 0 players 0 retained 0 seconds 0.002907657064497471
sset_21_gloiZ_gTJaE_frame_00009558 pair 96 [6, 7] combined 0 players 0 retained 0 seconds 0.0031640799716115
sset_21_gloiZ_gTJaE_frame_00009558 pair 99 [6, 10] combined 0 players 0 retained 0 seconds 0.005050433799624443
sset_21_gloiZ_gTJaE_frame_00009558 pair 107 [7, 2] combined 0 players 0 retained 0 seconds 0.007110216189175844
sset_21_gloiZ_gTJaE_frame_00009558 pair 111 [7, 6] combined 0 players 0 retained 0 seconds 0.004142962861806154
sset_21_gloiZ_gTJaE_frame_00009558 pair 112 [7, 8] combined 0 players 0 retained 0 seconds 0.005550689995288849
sset_21_gloiZ_gTJaE_frame_00009558 pair 115 [7, 11] combined 0 players 0 retained 0 seconds 0.004867637064307928
sset_21_gloiZ_gTJaE_frame_00009558 pair 120 [8, 0] combined 0 players 0 retained 0 seconds 0.015063400845974684
sset_21_gloiZ_gTJaE_frame_00009558 pair 121 [8, 1] combined 0 players 0 retained 0 seconds 0.007695305161178112
sset_21_gloiZ_gTJaE_frame_00009558 pair 122 [8, 2] combined 0 players 0 retained 0 seconds 0.00889833876863122
sset_21_gloiZ_gTJaE_frame_00009558 pair 125 [8, 5] combined 0 players 0 retained 0 seconds 0.005992003716528416
sset_21_gloiZ_gTJaE_frame_00009558 pair 127 [8, 7] combined 0 players 0 retained 0 seconds 0.006457958836108446
sset_21_gloiZ_gTJaE_frame_00009558 pair 129 [8, 10] combined 0 players 0 retained 0 seconds 0.008439884055405855
sset_21_gloiZ_gTJaE_frame_00009558 pair 130 [8, 11] combined 0 players 0 retained 0 seconds 0.006618123967200518
sset_21_gloiZ_gTJaE_frame_00009558 pair 132 [8, 13] combined 0 players 0 retained 0 seconds 0.005928876809775829
sset_21_gloiZ_gTJaE_frame_00009558 pair 133 [8, 14] combined 0 players 0 retained 0 seconds 0.005857383366674185
sset_21_gloiZ_gTJaE_frame_00009558 pair 136 [9, 1] combined 0 players 0 retained 0 seconds 0.005345307756215334
sset_21_gloiZ_gTJaE_frame_00009558 pair 137 [9, 2] combined 0 players 0 retained 0 seconds 0.006397903896868229
sset_21_gloiZ_gTJaE_frame_00009558 pair 140 [9, 5] combined 0 players 0 retained 0 seconds 0.003765540197491646
sset_21_gloiZ_gTJaE_frame_00009558 pair 144 [9, 10] combined 0 players 0 retained 0 seconds 0.006009802222251892
sset_21_gloiZ_gTJaE_frame_00009558 pair 145 [9, 11] combined 0 players 0 retained 0 seconds 0.004102631937712431
sset_21_gloiZ_gTJaE_frame_00009558 pair 150 [10, 0] combined 0 players 0 retained 0 seconds 0.017551535740494728
sset_21_gloiZ_gTJaE_frame_00009558 pair 153 [10, 3] combined 0 players 0 retained 0 seconds 0.008890103083103895
sset_21_gloiZ_gTJaE_frame_00009558 pair 154 [10, 4] combined 0 players 0 retained 0 seconds 0.00870637595653534
sset_21_gloiZ_gTJaE_frame_00009558 pair 156 [10, 6] combined 0 players 0 retained 0 seconds 0.008511677850037813
sset_21_gloiZ_gTJaE_frame_00009558 pair 158 [10, 8] combined 0 players 0 retained 0 seconds 0.010181876830756664
sset_21_gloiZ_gTJaE_frame_00009558 pair 159 [10, 9] combined 0 players 0 retained 0 seconds 0.00895969895645976
sset_21_gloiZ_gTJaE_frame_00009558 pair 161 [10, 12] combined 0 players 0 retained 0 seconds 0.008729459717869759
sset_21_gloiZ_gTJaE_frame_00009558 pair 164 [10, 15] combined 0 players 0 retained 0 seconds 0.00842411071062088
sset_21_gloiZ_gTJaE_frame_00009558 pair 165 [11, 0] combined 0 players 0 retained 0 seconds 0.01267919596284628
sset_21_gloiZ_gTJaE_frame_00009558 pair 168 [11, 3] combined 0 players 0 retained 0 seconds 0.003949427045881748
sset_21_gloiZ_gTJaE_frame_00009558 pair 169 [11, 4] combined 0 players 0 retained 0 seconds 0.004101889673620462
sset_21_gloiZ_gTJaE_frame_00009558 pair 172 [11, 7] combined 0 players 0 retained 0 seconds 0.00473259761929512
sset_21_gloiZ_gTJaE_frame_00009558 pair 173 [11, 8] combined 0 players 0 retained 0 seconds 0.005550032947212458
sset_21_gloiZ_gTJaE_frame_00009558 pair 174 [11, 9] combined 0 players 0 retained 0 seconds 0.004225749056786299
sset_21_gloiZ_gTJaE_frame_00009558 pair 176 [11, 12] combined 0 players 0 retained 0 seconds 0.004446626175194979
sset_21_gloiZ_gTJaE_frame_00009558 pair 178 [11, 14] combined 0 players 0 retained 0 seconds 0.003753986209630966
sset_21_gloiZ_gTJaE_frame_00009558 pair 179 [11, 15] combined 0 players 0 retained 0 seconds 0.0040161022916436195
sset_21_gloiZ_gTJaE_frame_00009558 pair 181 [12, 1] combined 0 players 0 retained 0 seconds 0.005074712913483381
sset_21_gloiZ_gTJaE_frame_00009558 pair 182 [12, 2] combined 0 players 0 retained 0 seconds 0.006155167240649462
sset_21_gloiZ_gTJaE_frame_00009558 pair 185 [12, 5] combined 0 players 0 retained 0 seconds 0.0034391051158308983
sset_21_gloiZ_gTJaE_frame_00009558 pair 190 [12, 10] combined 0 players 0 retained 0 seconds 0.005829722620546818
sset_21_gloiZ_gTJaE_frame_00009558 pair 191 [12, 11] combined 0 players 0 retained 0 seconds 0.0038002640940248966
sset_21_gloiZ_gTJaE_frame_00009558 pair 203 [13, 8] combined 0 players 0 retained 0 seconds 0.004469568375498056
sset_21_gloiZ_gTJaE_frame_00009558 pair 218 [14, 8] combined 0 players 0 retained 0 seconds 0.003960005939006805
sset_21_gloiZ_gTJaE_frame_00009558 pair 221 [14, 11] combined 0 players 0 retained 0 seconds 0.003079961985349655
sset_21_gloiZ_gTJaE_frame_00009558 pair 226 [15, 1] combined 0 players 0 retained 0 seconds 0.004059684928506613
sset_21_gloiZ_gTJaE_frame_00009558 pair 227 [15, 2] combined 0 players 0 retained 0 seconds 0.005323408171534538
sset_21_gloiZ_gTJaE_frame_00009558 pair 230 [15, 5] combined 0 players 0 retained 0 seconds 0.0028795478865504265
sset_21_gloiZ_gTJaE_frame_00009558 pair 235 [15, 10] combined 0 players 0 retained 0 seconds 0.0050567081198096275
sset_21_gloiZ_gTJaE_frame_00009558 pair 236 [15, 11] combined 0 players 0 retained 0 seconds 0.0030504013411700726
sset_21_gloiZ_gTJaE_frame_00009558 pair 0 [0, 1] combined 0 players 0 retained 0 seconds 0.005688972771167755
sset_21_gloiZ_gTJaE_frame_00009558 pair 1 [0, 2] combined 0 players 0 retained 0 seconds 0.0055263228714466095
sset_21_gloiZ_gTJaE_frame_00009558 pair 5 [0, 6] combined 0 players 0 retained 0 seconds 0.005372858140617609
sset_21_gloiZ_gTJaE_frame_00009558 pair 7 [0, 8] combined 0 players 0 retained 0 seconds 0.005873384419828653
sset_21_gloiZ_gTJaE_frame_00009558 pair 9 [0, 10] combined 0 players 0 retained 0 seconds 0.005633821245282888
sset_21_gloiZ_gTJaE_frame_00009558 pair 10 [0, 11] combined 0 players 0 retained 0 seconds 0.005265268962830305
sset_21_gloiZ_gTJaE_frame_00009558 pair 15 [1, 0] combined 0 players 0 retained 0 seconds 0.003862554207444191
sset_21_gloiZ_gTJaE_frame_00009558 pair 17 [1, 3] combined 0 players 0 retained 0 seconds 0.0021902546286582947
sset_21_gloiZ_gTJaE_frame_00009558 pair 18 [1, 4] combined 0 players 0 retained 0 seconds 0.001978450920432806
sset_21_gloiZ_gTJaE_frame_00009558 pair 20 [1, 6] combined 0 players 0 retained 0 seconds 0.002141116186976433
sset_21_gloiZ_gTJaE_frame_00009558 pair 22 [1, 8] combined 0 players 0 retained 0 seconds 0.002547087613493204
sset_21_gloiZ_gTJaE_frame_00009558 pair 23 [1, 9] combined 0 players 0 retained 0 seconds 0.0021115820854902267
sset_21_gloiZ_gTJaE_frame_00009558 pair 26 [1, 12] combined 0 players 0 retained 0 seconds 0.0020926990546286106
sset_21_gloiZ_gTJaE_frame_00009558 pair 29 [1, 15] combined 0 players 0 retained 0 seconds 0.002138719893991947
sset_21_gloiZ_gTJaE_frame_00009558 pair 30 [2, 0] combined 0 players 0 retained 0 seconds 0.0036325501278042793
sset_21_gloiZ_gTJaE_frame_00009558 pair 32 [2, 3] combined 0 players 0 retained 0 seconds 0.0020692921243608
sset_21_gloiZ_gTJaE_frame_00009558 pair 33 [2, 4] combined 0 players 0 retained 0 seconds 0.002073243260383606
sset_21_gloiZ_gTJaE_frame_00009558 pair 35 [2, 6] combined 0 players 0 retained 0 seconds 0.002269888762384653
sset_21_gloiZ_gTJaE_frame_00009558 pair 36 [2, 7] combined 0 players 0 retained 0 seconds 0.0023020710796117783
sset_21_gloiZ_gTJaE_frame_00009558 pair 37 [2, 8] combined 0 players 0 retained 0 seconds 0.002477225847542286
sset_21_gloiZ_gTJaE_frame_00009558 pair 38 [2, 9] combined 0 players 0 retained 0 seconds 0.002253156155347824
sset_21_gloiZ_gTJaE_frame_00009558 pair 41 [2, 12] combined 0 players 0 retained 0 seconds 0.002264302223920822
sset_21_gloiZ_gTJaE_frame_00009558 pair 44 [2, 15] combined 0 players 0 retained 0 seconds 0.0020485520362854004
sset_21_gloiZ_gTJaE_frame_00009558 pair 46 [3, 1] combined 0 players 0 retained 0 seconds 0.001784931868314743
sset_21_gloiZ_gTJaE_frame_00009558 pair 47 [3, 2] combined 0 players 0 retained 0 seconds 0.001731138676404953
sset_21_gloiZ_gTJaE_frame_00009558 pair 49 [3, 5] combined 0 players 0 retained 0 seconds 0.0015814690850675106
sset_21_gloiZ_gTJaE_frame_00009558 pair 54 [3, 10] combined 0 players 0 retained 0 seconds 0.001894386950880289
sset_21_gloiZ_gTJaE_frame_00009558 pair 55 [3, 11] combined 0 players 0 retained 0 seconds 0.0015701609663665295
sset_21_gloiZ_gTJaE_frame_00009558 pair 61 [4, 1] combined 0 players 0 retained 0 seconds 0.0018810257315635681
sset_21_gloiZ_gTJaE_frame_00009558 pair 62 [4, 2] combined 0 players 0 retained 0 seconds 0.00174004677683115
sset_21_gloiZ_gTJaE_frame_00009558 pair 64 [4, 5] combined 0 players 0 retained 0 seconds 0.0015358058735728264
sset_21_gloiZ_gTJaE_frame_00009558 pair 69 [4, 10] combined 0 players 0 retained 0 seconds 0.001952639315277338
sset_21_gloiZ_gTJaE_frame_00009558 pair 70 [4, 11] combined 0 players 0 retained 0 seconds 0.0015846677124500275
sset_21_gloiZ_gTJaE_frame_00009558 pair 78 [5, 3] combined 0 players 0 retained 0 seconds 0.0018042391166090965
sset_21_gloiZ_gTJaE_frame_00009558 pair 79 [5, 4] combined 0 players 0 retained 0 seconds 0.0016615022905170918
sset_21_gloiZ_gTJaE_frame_00009558 pair 80 [5, 6] combined 0 players 0 retained 0 seconds 0.0016975468024611473
sset_21_gloiZ_gTJaE_frame_00009558 pair 82 [5, 8] combined 0 players 0 retained 0 seconds 0.0020216931588947773
sset_21_gloiZ_gTJaE_frame_00009558 pair 83 [5, 9] combined 0 players 0 retained 0 seconds 0.0017796391621232033
sset_21_gloiZ_gTJaE_frame_00009558 pair 86 [5, 12] combined 0 players 0 retained 0 seconds 0.0017917458899319172
sset_21_gloiZ_gTJaE_frame_00009558 pair 89 [5, 15] combined 0 players 0 retained 0 seconds 0.0015922943130135536
sset_21_gloiZ_gTJaE_frame_00009558 pair 90 [6, 0] combined 0 players 0 retained 0 seconds 0.003289835061877966
sset_21_gloiZ_gTJaE_frame_00009558 pair 91 [6, 1] combined 0 players 0 retained 0 seconds 0.002009688876569271
sset_21_gloiZ_gTJaE_frame_00009558 pair 92 [6, 2] combined 0 players 0 retained 0 seconds 0.001878291368484497
sset_21_gloiZ_gTJaE_frame_00009558 pair 95 [6, 5] combined 0 players 0 retained 0 seconds 0.001747660804539919
sset_21_gloiZ_gTJaE_frame_00009558 pair 96 [6, 7] combined 0 players 0 retained 0 seconds 0.0018290691077709198
sset_21_gloiZ_gTJaE_frame_00009558 pair 99 [6, 10] combined 0 players 0 retained 0 seconds 0.002091128844767809
sset_21_gloiZ_gTJaE_frame_00009558 pair 107 [7, 2] combined 0 players 0 retained 0 seconds 0.0022731348872184753
sset_21_gloiZ_gTJaE_frame_00009558 pair 111 [7, 6] combined 0 players 0 retained 0 seconds 0.0020279628224670887
sset_21_gloiZ_gTJaE_frame_00009558 pair 112 [7, 8] combined 0 players 0 retained 0 seconds 0.0024000080302357674
sset_21_gloiZ_gTJaE_frame_00009558 pair 115 [7, 11] combined 0 players 0 retained 0 seconds 0.0019997917115688324
sset_21_gloiZ_gTJaE_frame_00009558 pair 120 [8, 0] combined 0 players 0 retained 0 seconds 0.004040590953081846
sset_21_gloiZ_gTJaE_frame_00009558 pair 121 [8, 1] combined 0 players 0 retained 0 seconds 0.00285271555185318
sset_21_gloiZ_gTJaE_frame_00009558 pair 122 [8, 2] combined 0 players 0 retained 0 seconds 0.0027307746931910515
sset_21_gloiZ_gTJaE_frame_00009558 pair 125 [8, 5] combined 0 players 0 retained 0 seconds 0.0025995750911533833
sset_21_gloiZ_gTJaE_frame_00009558 pair 127 [8, 7] combined 0 players 0 retained 0 seconds 0.0027223839424550533
sset_21_gloiZ_gTJaE_frame_00009558 pair 129 [8, 10] combined 0 players 0 retained 0 seconds 0.002911890856921673
sset_21_gloiZ_gTJaE_frame_00009558 pair 130 [8, 11] combined 0 players 0 retained 0 seconds 0.0025262502022087574
sset_21_gloiZ_gTJaE_frame_00009558 pair 132 [8, 13] combined 0 players 0 retained 0 seconds 0.0025111399590969086
sset_21_gloiZ_gTJaE_frame_00009558 pair 133 [8, 14] combined 0 players 0 retained 0 seconds 0.0024450658820569515
sset_21_gloiZ_gTJaE_frame_00009558 pair 136 [9, 1] combined 0 players 0 retained 0 seconds 0.0019279192201793194
sset_21_gloiZ_gTJaE_frame_00009558 pair 137 [9, 2] combined 0 players 0 retained 0 seconds 0.001846719067543745
sset_21_gloiZ_gTJaE_frame_00009558 pair 140 [9, 5] combined 0 players 0 retained 0 seconds 0.001734927762299776
sset_21_gloiZ_gTJaE_frame_00009558 pair 144 [9, 10] combined 0 players 0 retained 0 seconds 0.0021216939203441143
sset_21_gloiZ_gTJaE_frame_00009558 pair 145 [9, 11] combined 0 players 0 retained 0 seconds 0.0016540009528398514
sset_21_gloiZ_gTJaE_frame_00009558 pair 150 [10, 0] combined 0 players 0 retained 0 seconds 0.003961665090173483
sset_21_gloiZ_gTJaE_frame_00009558 pair 153 [10, 3] combined 0 players 0 retained 0 seconds 0.002469564788043499
sset_21_gloiZ_gTJaE_frame_00009558 pair 154 [10, 4] combined 0 players 0 retained 0 seconds 0.002435648813843727
sset_21_gloiZ_gTJaE_frame_00009558 pair 156 [10, 6] combined 0 players 0 retained 0 seconds 0.0025839656591415405
sset_21_gloiZ_gTJaE_frame_00009558 pair 158 [10, 8] combined 0 players 0 retained 0 seconds 0.002800009213387966
sset_21_gloiZ_gTJaE_frame_00009558 pair 159 [10, 9] combined 0 players 0 retained 0 seconds 0.002376960124820471
sset_21_gloiZ_gTJaE_frame_00009558 pair 161 [10, 12] combined 0 players 0 retained 0 seconds 0.002440724056214094
sset_21_gloiZ_gTJaE_frame_00009558 pair 164 [10, 15] combined 0 players 0 retained 0 seconds 0.002385473344475031
sset_21_gloiZ_gTJaE_frame_00009558 pair 165 [11, 0] combined 0 players 0 retained 0 seconds 0.0031253723427653313
sset_21_gloiZ_gTJaE_frame_00009558 pair 168 [11, 3] combined 0 players 0 retained 0 seconds 0.0016322256997227669
sset_21_gloiZ_gTJaE_frame_00009558 pair 169 [11, 4] combined 0 players 0 retained 0 seconds 0.0014829952269792557
sset_21_gloiZ_gTJaE_frame_00009558 pair 172 [11, 7] combined 0 players 0 retained 0 seconds 0.0018879189155995846
sset_21_gloiZ_gTJaE_frame_00009558 pair 173 [11, 8] combined 0 players 0 retained 0 seconds 0.0019531473517417908
sset_21_gloiZ_gTJaE_frame_00009558 pair 174 [11, 9] combined 0 players 0 retained 0 seconds 0.0016077971085906029
sset_21_gloiZ_gTJaE_frame_00009558 pair 176 [11, 12] combined 0 players 0 retained 0 seconds 0.001636427827179432
sset_21_gloiZ_gTJaE_frame_00009558 pair 178 [11, 14] combined 0 players 0 retained 0 seconds 0.001516031101346016
sset_21_gloiZ_gTJaE_frame_00009558 pair 179 [11, 15] combined 0 players 0 retained 0 seconds 0.0015329113230109215
sset_21_gloiZ_gTJaE_frame_00009558 pair 181 [12, 1] combined 0 players 0 retained 0 seconds 0.0019876742735505104
sset_21_gloiZ_gTJaE_frame_00009558 pair 182 [12, 2] combined 0 players 0 retained 0 seconds 0.0019943690858781338
sset_21_gloiZ_gTJaE_frame_00009558 pair 185 [12, 5] combined 0 players 0 retained 0 seconds 0.0018301182426512241
sset_21_gloiZ_gTJaE_frame_00009558 pair 190 [12, 10] combined 0 players 0 retained 0 seconds 0.0021518580615520477
sset_21_gloiZ_gTJaE_frame_00009558 pair 191 [12, 11] combined 0 players 0 retained 0 seconds 0.0017889421433210373
sset_21_gloiZ_gTJaE_frame_00009558 pair 203 [13, 8] combined 0 players 0 retained 0 seconds 0.0020636110566556454
sset_21_gloiZ_gTJaE_frame_00009558 pair 218 [14, 8] combined 0 players 0 retained 0 seconds 0.002033186610788107
sset_21_gloiZ_gTJaE_frame_00009558 pair 221 [14, 11] combined 0 players 0 retained 0 seconds 0.0015430320054292679
sset_21_gloiZ_gTJaE_frame_00009558 pair 226 [15, 1] combined 0 players 0 retained 0 seconds 0.0017628958448767662
sset_21_gloiZ_gTJaE_frame_00009558 pair 227 [15, 2] combined 0 players 0 retained 0 seconds 0.001714217010885477
sset_21_gloiZ_gTJaE_frame_00009558 pair 230 [15, 5] combined 0 players 0 retained 0 seconds 0.001675556879490614
sset_21_gloiZ_gTJaE_frame_00009558 pair 235 [15, 10] combined 0 players 0 retained 0 seconds 0.0018566478975117207
sset_21_gloiZ_gTJaE_frame_00009558 pair 236 [15, 11] combined 0 players 0 retained 0 seconds 0.0014937841333448887
[sset_21_gloiZ_gTJaE_frame_00009558] line-template: preparing rectangles
[sset_21_gloiZ_gTJaE_frame_00009558] measuring 256 parents (G0=0, G1=0, line_template=256; conflicting geometry groups=0)
[sset_21_gloiZ_gTJaE_frame_00009558] parents 250/256
[sset_21_gloiZ_gTJaE_frame_00009558] refitting 256 parents
[sset_21_gloiZ_gTJaE_frame_00009558] refits 250/256; valid children=208
{"view_id": "sset_21_gloiZ_gTJaE_frame_00009558", "chosen_key": null, "no_court_reason": "no_gated_court", "all_checks_equal": true, "error": null}
sset_21_gloiZ_gTJaE_frame_00090790 pair 1 [0, 2] combined 0 players 0 retained 0 seconds 0.0038298913277685642
sset_21_gloiZ_gTJaE_frame_00090790 pair 2 [0, 3] combined 0 players 0 retained 0 seconds 0.0038947262801229954
sset_21_gloiZ_gTJaE_frame_00090790 pair 8 [0, 9] combined 0 players 0 retained 0 seconds 0.003396552987396717
sset_21_gloiZ_gTJaE_frame_00090790 pair 9 [0, 10] combined 0 players 0 retained 0 seconds 0.0032371231354773045
sset_21_gloiZ_gTJaE_frame_00090790 pair 16 [1, 2] combined 0 players 0 retained 0 seconds 0.0039318338967859745
sset_21_gloiZ_gTJaE_frame_00090790 pair 17 [1, 3] combined 0 players 0 retained 0 seconds 0.00381375290453434
sset_21_gloiZ_gTJaE_frame_00090790 pair 23 [1, 9] combined 0 players 0 retained 0 seconds 0.003477692138403654
sset_21_gloiZ_gTJaE_frame_00090790 pair 26 [1, 12] combined 0 players 0 retained 0 seconds 0.0031081996858119965
sset_21_gloiZ_gTJaE_frame_00090790 pair 28 [1, 14] combined 0 players 0 retained 0 seconds 0.0034825229085981846
sset_21_gloiZ_gTJaE_frame_00090790 pair 30 [2, 0] combined 0 players 0 retained 0 seconds 0.0039807092398405075
sset_21_gloiZ_gTJaE_frame_00090790 pair 31 [2, 1] combined 0 players 0 retained 0 seconds 0.0037003885954618454
sset_21_gloiZ_gTJaE_frame_00090790 pair 33 [2, 4] combined 0 players 0 retained 0 seconds 0.003099815919995308
sset_21_gloiZ_gTJaE_frame_00090790 pair 34 [2, 5] combined 0 players 0 retained 0 seconds 0.003071703016757965
sset_21_gloiZ_gTJaE_frame_00090790 pair 35 [2, 6] combined 0 players 0 retained 0 seconds 0.0030078310519456863
sset_21_gloiZ_gTJaE_frame_00090790 pair 36 [2, 7] combined 0 players 0 retained 0 seconds 0.0033639431931078434
sset_21_gloiZ_gTJaE_frame_00090790 pair 37 [2, 8] combined 0 players 0 retained 0 seconds 0.0036508599296212196
sset_21_gloiZ_gTJaE_frame_00090790 pair 39 [2, 10] combined 0 players 0 retained 0 seconds 0.003292909823358059
sset_21_gloiZ_gTJaE_frame_00090790 pair 40 [2, 11] combined 0 players 0 retained 0 seconds 0.0030724341049790382
sset_21_gloiZ_gTJaE_frame_00090790 pair 44 [2, 15] combined 0 players 0 retained 0 seconds 0.003241111058741808
sset_21_gloiZ_gTJaE_frame_00090790 pair 45 [3, 0] combined 0 players 0 retained 0 seconds 0.003875108901411295
sset_21_gloiZ_gTJaE_frame_00090790 pair 46 [3, 1] combined 0 players 0 retained 0 seconds 0.003914460074156523
sset_21_gloiZ_gTJaE_frame_00090790 pair 48 [3, 4] combined 0 players 0 retained 0 seconds 0.0033699763007462025
sset_21_gloiZ_gTJaE_frame_00090790 pair 49 [3, 5] combined 0 players 0 retained 0 seconds 0.0031841322779655457
sset_21_gloiZ_gTJaE_frame_00090790 pair 50 [3, 6] combined 0 players 0 retained 0 seconds 0.003309068735688925
sset_21_gloiZ_gTJaE_frame_00090790 pair 51 [3, 7] combined 0 players 0 retained 0 seconds 0.0035506361164152622
sset_21_gloiZ_gTJaE_frame_00090790 pair 52 [3, 8] combined 0 players 0 retained 0 seconds 0.0038318997249007225
sset_21_gloiZ_gTJaE_frame_00090790 pair 54 [3, 10] combined 0 players 0 retained 0 seconds 0.0034558651968836784
sset_21_gloiZ_gTJaE_frame_00090790 pair 55 [3, 11] combined 0 players 0 retained 0 seconds 0.00332492683082819
sset_21_gloiZ_gTJaE_frame_00090790 pair 59 [3, 15] combined 0 players 0 retained 0 seconds 0.003428929951041937
sset_21_gloiZ_gTJaE_frame_00090790 pair 62 [4, 2] combined 0 players 0 retained 0 seconds 0.002840830944478512
sset_21_gloiZ_gTJaE_frame_00090790 pair 63 [4, 3] combined 0 players 0 retained 0 seconds 0.0027365251444280148
sset_21_gloiZ_gTJaE_frame_00090790 pair 77 [5, 2] combined 0 players 0 retained 0 seconds 0.002624067012220621
sset_21_gloiZ_gTJaE_frame_00090790 pair 78 [5, 3] combined 0 players 0 retained 0 seconds 0.002803963143378496
sset_21_gloiZ_gTJaE_frame_00090790 pair 83 [5, 9] combined 0 players 0 retained 0 seconds 0.0025585531257092953
sset_21_gloiZ_gTJaE_frame_00090790 pair 92 [6, 2] combined 0 players 0 retained 0 seconds 0.0026696110144257545
sset_21_gloiZ_gTJaE_frame_00090790 pair 93 [6, 3] combined 0 players 0 retained 0 seconds 0.0026912041939795017
sset_21_gloiZ_gTJaE_frame_00090790 pair 98 [6, 9] combined 0 players 0 retained 0 seconds 0.0028122360818088055
sset_21_gloiZ_gTJaE_frame_00090790 pair 101 [6, 12] combined 0 players 0 retained 0 seconds 0.0020700967870652676
sset_21_gloiZ_gTJaE_frame_00090790 pair 103 [6, 14] combined 0 players 0 retained 0 seconds 0.002337004989385605
sset_21_gloiZ_gTJaE_frame_00090790 pair 107 [7, 2] combined 0 players 0 retained 0 seconds 0.003036956302821636
sset_21_gloiZ_gTJaE_frame_00090790 pair 108 [7, 3] combined 0 players 0 retained 0 seconds 0.003273849841207266
sset_21_gloiZ_gTJaE_frame_00090790 pair 113 [7, 9] combined 0 players 0 retained 0 seconds 0.0028147809207439423
sset_21_gloiZ_gTJaE_frame_00090790 pair 122 [8, 2] combined 0 players 0 retained 0 seconds 0.0037978151813149452
sset_21_gloiZ_gTJaE_frame_00090790 pair 123 [8, 3] combined 0 players 0 retained 0 seconds 0.004138367250561714
sset_21_gloiZ_gTJaE_frame_00090790 pair 128 [8, 9] combined 0 players 0 retained 0 seconds 0.0034024431370198727
sset_21_gloiZ_gTJaE_frame_00090790 pair 133 [8, 14] combined 0 players 0 retained 0 seconds 0.003452965058386326
sset_21_gloiZ_gTJaE_frame_00090790 pair 135 [9, 0] combined 0 players 0 retained 0 seconds 0.0031723077408969402
sset_21_gloiZ_gTJaE_frame_00090790 pair 136 [9, 1] combined 0 players 0 retained 0 seconds 0.003141767345368862
sset_21_gloiZ_gTJaE_frame_00090790 pair 140 [9, 5] combined 0 players 0 retained 0 seconds 0.002517750021070242
sset_21_gloiZ_gTJaE_frame_00090790 pair 141 [9, 6] combined 0 players 0 retained 0 seconds 0.0025335759855806828
sset_21_gloiZ_gTJaE_frame_00090790 pair 142 [9, 7] combined 0 players 0 retained 0 seconds 0.002733019646257162
sset_21_gloiZ_gTJaE_frame_00090790 pair 143 [9, 8] combined 0 players 0 retained 0 seconds 0.0030146129429340363
sset_21_gloiZ_gTJaE_frame_00090790 pair 144 [9, 10] combined 0 players 0 retained 0 seconds 0.002718685194849968
sset_21_gloiZ_gTJaE_frame_00090790 pair 145 [9, 11] combined 0 players 0 retained 0 seconds 0.0024949130602180958
sset_21_gloiZ_gTJaE_frame_00090790 pair 149 [9, 15] combined 0 players 0 retained 0 seconds 0.0026092529296875
sset_21_gloiZ_gTJaE_frame_00090790 pair 150 [10, 0] combined 0 players 0 retained 0 seconds 0.0027393409982323647
sset_21_gloiZ_gTJaE_frame_00090790 pair 152 [10, 2] combined 0 players 0 retained 0 seconds 0.002807457000017166
sset_21_gloiZ_gTJaE_frame_00090790 pair 153 [10, 3] combined 0 players 0 retained 0 seconds 0.0026528718881309032
sset_21_gloiZ_gTJaE_frame_00090790 pair 159 [10, 9] combined 0 players 0 retained 0 seconds 0.0024924520403146744
sset_21_gloiZ_gTJaE_frame_00090790 pair 161 [10, 12] combined 0 players 0 retained 0 seconds 0.0022412999533116817
sset_21_gloiZ_gTJaE_frame_00090790 pair 162 [10, 13] combined 0 players 0 retained 0 seconds 0.0021326113492250443
sset_21_gloiZ_gTJaE_frame_00090790 pair 163 [10, 14] combined 0 players 0 retained 0 seconds 0.002466592937707901
sset_21_gloiZ_gTJaE_frame_00090790 pair 167 [11, 2] combined 0 players 0 retained 0 seconds 0.0028185248374938965
sset_21_gloiZ_gTJaE_frame_00090790 pair 168 [11, 3] combined 0 players 0 retained 0 seconds 0.0029092449694871902
sset_21_gloiZ_gTJaE_frame_00090790 pair 174 [11, 9] combined 0 players 0 retained 0 seconds 0.0023986808955669403
sset_21_gloiZ_gTJaE_frame_00090790 pair 181 [12, 1] combined 0 players 0 retained 0 seconds 0.002526730764657259
sset_21_gloiZ_gTJaE_frame_00090790 pair 186 [12, 6] combined 0 players 0 retained 0 seconds 0.0019571292214095592
sset_21_gloiZ_gTJaE_frame_00090790 pair 190 [12, 10] combined 0 players 0 retained 0 seconds 0.001948067918419838
sset_21_gloiZ_gTJaE_frame_00090790 pair 205 [13, 10] combined 0 players 0 retained 0 seconds 0.0021352022886276245
sset_21_gloiZ_gTJaE_frame_00090790 pair 211 [14, 1] combined 0 players 0 retained 0 seconds 0.0031681200489401817
sset_21_gloiZ_gTJaE_frame_00090790 pair 216 [14, 6] combined 0 players 0 retained 0 seconds 0.0025949599221348763
sset_21_gloiZ_gTJaE_frame_00090790 pair 218 [14, 8] combined 0 players 0 retained 0 seconds 0.00313941715285182
sset_21_gloiZ_gTJaE_frame_00090790 pair 220 [14, 10] combined 0 players 0 retained 0 seconds 0.002639765851199627
sset_21_gloiZ_gTJaE_frame_00090790 pair 227 [15, 2] combined 0 players 0 retained 0 seconds 0.0027398839592933655
sset_21_gloiZ_gTJaE_frame_00090790 pair 228 [15, 3] combined 0 players 0 retained 0 seconds 0.002840224653482437
sset_21_gloiZ_gTJaE_frame_00090790 pair 234 [15, 9] combined 0 players 0 retained 0 seconds 0.0025461260229349136
sset_21_gloiZ_gTJaE_frame_00090790 pair 1 [0, 2] combined 0 players 0 retained 0 seconds 0.0015467978082597256
sset_21_gloiZ_gTJaE_frame_00090790 pair 2 [0, 3] combined 0 players 0 retained 0 seconds 0.001297305803745985
sset_21_gloiZ_gTJaE_frame_00090790 pair 8 [0, 9] combined 0 players 0 retained 0 seconds 0.0013145972043275833
sset_21_gloiZ_gTJaE_frame_00090790 pair 9 [0, 10] combined 0 players 0 retained 0 seconds 0.001268582884222269
sset_21_gloiZ_gTJaE_frame_00090790 pair 16 [1, 2] combined 0 players 0 retained 0 seconds 0.0014148079790174961
sset_21_gloiZ_gTJaE_frame_00090790 pair 17 [1, 3] combined 0 players 0 retained 0 seconds 0.0013840771280229092
sset_21_gloiZ_gTJaE_frame_00090790 pair 23 [1, 9] combined 0 players 0 retained 0 seconds 0.0012835427187383175
sset_21_gloiZ_gTJaE_frame_00090790 pair 26 [1, 12] combined 0 players 0 retained 0 seconds 0.0013474682345986366
sset_21_gloiZ_gTJaE_frame_00090790 pair 28 [1, 14] combined 0 players 0 retained 0 seconds 0.0013352702371776104
sset_21_gloiZ_gTJaE_frame_00090790 pair 30 [2, 0] combined 0 players 0 retained 0 seconds 0.0013488447293639183
sset_21_gloiZ_gTJaE_frame_00090790 pair 31 [2, 1] combined 0 players 0 retained 0 seconds 0.0014340062625706196
sset_21_gloiZ_gTJaE_frame_00090790 pair 33 [2, 4] combined 0 players 0 retained 0 seconds 0.001333586871623993
sset_21_gloiZ_gTJaE_frame_00090790 pair 34 [2, 5] combined 0 players 0 retained 0 seconds 0.0012085591442883015
sset_21_gloiZ_gTJaE_frame_00090790 pair 35 [2, 6] combined 0 players 0 retained 0 seconds 0.0012350669130682945
sset_21_gloiZ_gTJaE_frame_00090790 pair 36 [2, 7] combined 0 players 0 retained 0 seconds 0.0013136672787368298
sset_21_gloiZ_gTJaE_frame_00090790 pair 37 [2, 8] combined 0 players 0 retained 0 seconds 0.001422409899532795
sset_21_gloiZ_gTJaE_frame_00090790 pair 39 [2, 10] combined 0 players 0 retained 0 seconds 0.0013763620518147945
sset_21_gloiZ_gTJaE_frame_00090790 pair 40 [2, 11] combined 0 players 0 retained 0 seconds 0.001345848198980093
sset_21_gloiZ_gTJaE_frame_00090790 pair 44 [2, 15] combined 0 players 0 retained 0 seconds 0.0012307739816606045
sset_21_gloiZ_gTJaE_frame_00090790 pair 45 [3, 0] combined 0 players 0 retained 0 seconds 0.0013093650341033936
sset_21_gloiZ_gTJaE_frame_00090790 pair 46 [3, 1] combined 0 players 0 retained 0 seconds 0.0014176811091601849
sset_21_gloiZ_gTJaE_frame_00090790 pair 48 [3, 4] combined 0 players 0 retained 0 seconds 0.0013301498256623745
sset_21_gloiZ_gTJaE_frame_00090790 pair 49 [3, 5] combined 0 players 0 retained 0 seconds 0.0012321160174906254
sset_21_gloiZ_gTJaE_frame_00090790 pair 50 [3, 6] combined 0 players 0 retained 0 seconds 0.0012533687986433506
sset_21_gloiZ_gTJaE_frame_00090790 pair 51 [3, 7] combined 0 players 0 retained 0 seconds 0.0013263849541544914
sset_21_gloiZ_gTJaE_frame_00090790 pair 52 [3, 8] combined 0 players 0 retained 0 seconds 0.0012888852506875992
sset_21_gloiZ_gTJaE_frame_00090790 pair 54 [3, 10] combined 0 players 0 retained 0 seconds 0.001287634950131178
sset_21_gloiZ_gTJaE_frame_00090790 pair 55 [3, 11] combined 0 players 0 retained 0 seconds 0.0012273052707314491
sset_21_gloiZ_gTJaE_frame_00090790 pair 59 [3, 15] combined 0 players 0 retained 0 seconds 0.001272066030651331
sset_21_gloiZ_gTJaE_frame_00090790 pair 62 [4, 2] combined 0 players 0 retained 0 seconds 0.001325751654803753
sset_21_gloiZ_gTJaE_frame_00090790 pair 63 [4, 3] combined 0 players 0 retained 0 seconds 0.0011945408768951893
sset_21_gloiZ_gTJaE_frame_00090790 pair 77 [5, 2] combined 0 players 0 retained 0 seconds 0.0012444909662008286
sset_21_gloiZ_gTJaE_frame_00090790 pair 78 [5, 3] combined 0 players 0 retained 0 seconds 0.0012948117218911648
sset_21_gloiZ_gTJaE_frame_00090790 pair 83 [5, 9] combined 0 players 0 retained 0 seconds 0.0012900358997285366
sset_21_gloiZ_gTJaE_frame_00090790 pair 92 [6, 2] combined 0 players 0 retained 0 seconds 0.0013632993213832378
sset_21_gloiZ_gTJaE_frame_00090790 pair 93 [6, 3] combined 0 players 0 retained 0 seconds 0.0012865811586380005
sset_21_gloiZ_gTJaE_frame_00090790 pair 98 [6, 9] combined 0 players 0 retained 0 seconds 0.0012475838884711266
sset_21_gloiZ_gTJaE_frame_00090790 pair 101 [6, 12] combined 0 players 0 retained 0 seconds 0.00128588592633605
sset_21_gloiZ_gTJaE_frame_00090790 pair 103 [6, 14] combined 0 players 0 retained 0 seconds 0.0012638159096240997
sset_21_gloiZ_gTJaE_frame_00090790 pair 107 [7, 2] combined 0 players 0 retained 0 seconds 0.001406470313668251
sset_21_gloiZ_gTJaE_frame_00090790 pair 108 [7, 3] combined 0 players 0 retained 0 seconds 0.0013549639843404293
sset_21_gloiZ_gTJaE_frame_00090790 pair 113 [7, 9] combined 0 players 0 retained 0 seconds 0.0012796241790056229
sset_21_gloiZ_gTJaE_frame_00090790 pair 122 [8, 2] combined 0 players 0 retained 0 seconds 0.001297354232519865
sset_21_gloiZ_gTJaE_frame_00090790 pair 123 [8, 3] combined 0 players 0 retained 0 seconds 0.0012478497810661793
sset_21_gloiZ_gTJaE_frame_00090790 pair 128 [8, 9] combined 0 players 0 retained 0 seconds 0.00141086895018816
sset_21_gloiZ_gTJaE_frame_00090790 pair 133 [8, 14] combined 0 players 0 retained 0 seconds 0.0015908810310065746
sset_21_gloiZ_gTJaE_frame_00090790 pair 135 [9, 0] combined 0 players 0 retained 0 seconds 0.0012319711968302727
sset_21_gloiZ_gTJaE_frame_00090790 pair 136 [9, 1] combined 0 players 0 retained 0 seconds 0.001233619637787342
sset_21_gloiZ_gTJaE_frame_00090790 pair 140 [9, 5] combined 0 players 0 retained 0 seconds 0.0013491716235876083
sset_21_gloiZ_gTJaE_frame_00090790 pair 141 [9, 6] combined 0 players 0 retained 0 seconds 0.0012643123045563698
sset_21_gloiZ_gTJaE_frame_00090790 pair 142 [9, 7] combined 0 players 0 retained 0 seconds 0.0013794349506497383
sset_21_gloiZ_gTJaE_frame_00090790 pair 143 [9, 8] combined 0 players 0 retained 0 seconds 0.0013578482903540134
sset_21_gloiZ_gTJaE_frame_00090790 pair 144 [9, 10] combined 0 players 0 retained 0 seconds 0.0011474168859422207
sset_21_gloiZ_gTJaE_frame_00090790 pair 145 [9, 11] combined 0 players 0 retained 0 seconds 0.0011073881760239601
sset_21_gloiZ_gTJaE_frame_00090790 pair 149 [9, 15] combined 0 players 0 retained 0 seconds 0.001233627088367939
sset_21_gloiZ_gTJaE_frame_00090790 pair 150 [10, 0] combined 0 players 0 retained 0 seconds 0.0012471680529415607
sset_21_gloiZ_gTJaE_frame_00090790 pair 152 [10, 2] combined 0 players 0 retained 0 seconds 0.0012131198309361935
sset_21_gloiZ_gTJaE_frame_00090790 pair 153 [10, 3] combined 0 players 0 retained 0 seconds 0.0012428867630660534
sset_21_gloiZ_gTJaE_frame_00090790 pair 159 [10, 9] combined 0 players 0 retained 0 seconds 0.0012018447741866112
sset_21_gloiZ_gTJaE_frame_00090790 pair 161 [10, 12] combined 0 players 0 retained 0 seconds 0.0011401488445699215
sset_21_gloiZ_gTJaE_frame_00090790 pair 162 [10, 13] combined 0 players 0 retained 0 seconds 0.0011393539607524872
sset_21_gloiZ_gTJaE_frame_00090790 pair 163 [10, 14] combined 0 players 0 retained 0 seconds 0.0012363148853182793
sset_21_gloiZ_gTJaE_frame_00090790 pair 167 [11, 2] combined 0 players 0 retained 0 seconds 0.00122782401740551
sset_21_gloiZ_gTJaE_frame_00090790 pair 168 [11, 3] combined 0 players 0 retained 0 seconds 0.0012281578965485096
sset_21_gloiZ_gTJaE_frame_00090790 pair 174 [11, 9] combined 0 players 0 retained 0 seconds 0.0012119067832827568
sset_21_gloiZ_gTJaE_frame_00090790 pair 181 [12, 1] combined 0 players 0 retained 0 seconds 0.0012186821550130844
sset_21_gloiZ_gTJaE_frame_00090790 pair 186 [12, 6] combined 0 players 0 retained 0 seconds 0.0012565040960907936
sset_21_gloiZ_gTJaE_frame_00090790 pair 190 [12, 10] combined 0 players 0 retained 0 seconds 0.001146302092820406
sset_21_gloiZ_gTJaE_frame_00090790 pair 205 [13, 10] combined 0 players 0 retained 0 seconds 0.001277694944292307
sset_21_gloiZ_gTJaE_frame_00090790 pair 211 [14, 1] combined 0 players 0 retained 0 seconds 0.0013373852707445621
sset_21_gloiZ_gTJaE_frame_00090790 pair 216 [14, 6] combined 0 players 0 retained 0 seconds 0.001333753578364849
sset_21_gloiZ_gTJaE_frame_00090790 pair 218 [14, 8] combined 0 players 0 retained 0 seconds 0.0014115707017481327
sset_21_gloiZ_gTJaE_frame_00090790 pair 220 [14, 10] combined 0 players 0 retained 0 seconds 0.0013171047903597355
sset_21_gloiZ_gTJaE_frame_00090790 pair 227 [15, 2] combined 0 players 0 retained 0 seconds 0.0012790043838322163
sset_21_gloiZ_gTJaE_frame_00090790 pair 228 [15, 3] combined 0 players 0 retained 0 seconds 0.0013108961284160614
sset_21_gloiZ_gTJaE_frame_00090790 pair 234 [15, 9] combined 0 players 0 retained 0 seconds 0.0012794085778295994
[sset_21_gloiZ_gTJaE_frame_00090790] line-template: preparing rectangles
[sset_21_gloiZ_gTJaE_frame_00090790] measuring 256 parents (G0=0, G1=0, line_template=256; conflicting geometry groups=0)
[sset_21_gloiZ_gTJaE_frame_00090790] parents 250/256
[sset_21_gloiZ_gTJaE_frame_00090790] refitting 256 parents
[sset_21_gloiZ_gTJaE_frame_00090790] refits 250/256; valid children=56
{"view_id": "sset_21_gloiZ_gTJaE_frame_00090790", "chosen_key": null, "no_court_reason": "no_gated_court", "all_checks_equal": true, "error": null}
{"views": ["shuttleset_21_scene_0039", "sset_21_gloiZ_gTJaE_frame_00000001", "sset_21_gloiZ_gTJaE_frame_00014336", "sset_21_gloiZ_gTJaE_frame_00062120", "sset_21_gloiZ_gTJaE_frame_00009558", "sset_21_gloiZ_gTJaE_frame_00090790"], "startup_seconds": 0.03152545867487788, "wall_seconds": 1071.409490216989, "peak_rss_mb": 2292.671875, "failed": []}
