decoded /scratch/cmarti/issue103_ad8da4f/external/shuttleset-sources/21 An_Se_Young_Ratchanok_Intanon_YONEX_Thailand_Open_2021_QuarterFinals.mp4 to frame 100347 in 534s
shuttleset_21_scene_0034 pair 0 [0, 1] combined 262144 players 95024 retained 256 seconds 2.8509731739759445
shuttleset_21_scene_0034 pair 1 [0, 2] combined 262144 players 101420 retained 256 seconds 2.957646104041487
shuttleset_21_scene_0034 pair 6 [0, 7] combined 113664 players 14358 retained 256 seconds 0.7021859041415155
shuttleset_21_scene_0034 pair 8 [0, 9] combined 262144 players 46446 retained 256 seconds 1.6976216188631952
shuttleset_21_scene_0034 pair 9 [0, 10] combined 129024 players 45552 retained 256 seconds 1.4814608981832862
shuttleset_21_scene_0034 pair 11 [0, 12] combined 262144 players 94350 retained 256 seconds 2.7455590227618814
shuttleset_21_scene_0034 pair 12 [0, 13] combined 96256 players 38298 retained 256 seconds 1.2182479170151055
shuttleset_21_scene_0034 pair 13 [0, 14] combined 226304 players 37320 retained 256 seconds 1.443125437013805
shuttleset_21_scene_0034 pair 15 [1, 0] combined 262144 players 110906 retained 256 seconds 3.006864215247333
shuttleset_21_scene_0034 pair 16 [1, 2] combined 262144 players 4124 retained 256 seconds 0.7889534630812705
shuttleset_21_scene_0034 pair 17 [1, 3] combined 244736 players 99550 retained 256 seconds 2.7300669606775045
shuttleset_21_scene_0034 pair 18 [1, 4] combined 262144 players 98244 retained 256 seconds 2.8290179963223636
shuttleset_21_scene_0034 pair 21 [1, 7] combined 100352 players 33650 retained 256 seconds 0.9918110040016472
shuttleset_21_scene_0034 pair 27 [1, 13] combined 205824 players 2906 retained 256 seconds 0.6112232352606952
shuttleset_21_scene_0034 pair 30 [2, 0] combined 262144 players 116336 retained 256 seconds 3.2134424410760403
shuttleset_21_scene_0034 pair 31 [2, 1] combined 262144 players 6182 retained 256 seconds 0.7560740658082068
shuttleset_21_scene_0034 pair 32 [2, 3] combined 243712 players 100530 retained 256 seconds 2.7689609890803695
shuttleset_21_scene_0034 pair 33 [2, 4] combined 262144 players 109844 retained 256 seconds 3.063483434263617
shuttleset_21_scene_0034 pair 35 [2, 6] combined 104448 players 2592 retained 256 seconds 0.3293181611225009
shuttleset_21_scene_0034 pair 39 [2, 10] combined 228352 players 6974 retained 256 seconds 0.6533619440160692
shuttleset_21_scene_0034 pair 40 [2, 11] combined 9216 players 546 retained 256 seconds 0.1162270032800734
shuttleset_21_scene_0034 pair 41 [2, 12] combined 262144 players 8034 retained 256 seconds 0.7177943550050259
shuttleset_21_scene_0034 pair 46 [3, 1] combined 262144 players 91292 retained 256 seconds 2.7126136822625995
shuttleset_21_scene_0034 pair 47 [3, 2] combined 262144 players 92170 retained 256 seconds 2.68665066966787
shuttleset_21_scene_0034 pair 51 [3, 7] combined 96256 players 3416 retained 256 seconds 0.29459043918177485
shuttleset_21_scene_0034 pair 53 [3, 9] combined 262144 players 31332 retained 256 seconds 1.1645087990909815
shuttleset_21_scene_0034 pair 54 [3, 10] combined 142336 players 52772 retained 256 seconds 1.567406675312668
shuttleset_21_scene_0034 pair 56 [3, 12] combined 262144 players 93720 retained 256 seconds 2.7546299807727337
shuttleset_21_scene_0034 pair 57 [3, 13] combined 92160 players 32500 retained 256 seconds 0.9341343371197581
shuttleset_21_scene_0034 pair 58 [3, 14] combined 207872 players 22670 retained 256 seconds 0.9348495802842081
shuttleset_21_scene_0034 pair 61 [4, 1] combined 262144 players 88156 retained 256 seconds 2.74561476893723
shuttleset_21_scene_0034 pair 62 [4, 2] combined 262144 players 90220 retained 256 seconds 2.5652057779952884
shuttleset_21_scene_0034 pair 68 [4, 9] combined 262144 players 28986 retained 256 seconds 1.153396104928106
shuttleset_21_scene_0034 pair 69 [4, 10] combined 124928 players 46430 retained 256 seconds 1.3535987427458167
shuttleset_21_scene_0034 pair 70 [4, 11] combined 6144 players 1600 retained 256 seconds 0.12400522362440825
shuttleset_21_scene_0034 pair 71 [4, 12] combined 262144 players 92164 retained 256 seconds 2.7489067260175943
shuttleset_21_scene_0034 pair 72 [4, 13] combined 91136 players 29594 retained 256 seconds 0.8592401877976954
shuttleset_21_scene_0034 pair 81 [5, 7] combined 39184 players 18372 retained 256 seconds 0.6162818283773959
shuttleset_21_scene_0034 pair 82 [5, 8] combined 64512 players 11776 retained 256 seconds 0.4218011568300426
shuttleset_21_scene_0034 pair 83 [5, 9] combined 65056 players 27798 retained 256 seconds 0.769013384822756
shuttleset_21_scene_0034 pair 88 [5, 14] combined 55120 players 17610 retained 256 seconds 0.5224994397722185
shuttleset_21_scene_0034 pair 92 [6, 2] combined 59392 players 6172 retained 256 seconds 0.3136578733101487
shuttleset_21_scene_0034 pair 96 [6, 7] combined 92232 players 4114 retained 256 seconds 0.28682757215574384
shuttleset_21_scene_0034 pair 98 [6, 9] combined 104016 players 3082 retained 256 seconds 0.2873517223633826
shuttleset_21_scene_0034 pair 102 [6, 13] combined 22472 players 3562 retained 256 seconds 0.28412839118391275
shuttleset_21_scene_0034 pair 103 [6, 14] combined 27216 players 1796 retained 256 seconds 0.12964428821578622
shuttleset_21_scene_0034 pair 104 [6, 15] combined 324 players 122 retained 61 seconds 0.03352145291864872
shuttleset_21_scene_0034 pair 105 [7, 0] combined 60416 players 2384 retained 256 seconds 0.3341073258779943
shuttleset_21_scene_0034 pair 106 [7, 1] combined 56320 players 7594 retained 256 seconds 0.3719303938560188
shuttleset_21_scene_0034 pair 108 [7, 3] combined 105472 players 9592 retained 256 seconds 0.4370859581977129
shuttleset_21_scene_0034 pair 110 [7, 5] combined 35360 players 2094 retained 256 seconds 0.1580846756696701
shuttleset_21_scene_0034 pair 111 [7, 6] combined 42016 players 852 retained 256 seconds 0.13644189480692148
shuttleset_21_scene_0034 pair 112 [7, 8] combined 61440 players 20 retained 10 seconds 0.13737909216433764
shuttleset_21_scene_0034 pair 114 [7, 10] combined 46136 players 3216 retained 256 seconds 0.2000860790722072
shuttleset_21_scene_0034 pair 115 [7, 11] combined 1720 players 118 retained 59 seconds 0.033877426758408546
shuttleset_21_scene_0034 pair 116 [7, 12] combined 58368 players 7092 retained 256 seconds 0.3349700481630862
shuttleset_21_scene_0034 pair 125 [8, 5] combined 262144 players 33952 retained 256 seconds 1.412003739271313
shuttleset_21_scene_0034 pair 127 [8, 7] combined 73728 players 422 retained 204 seconds 0.1885691760107875
shuttleset_21_scene_0034 pair 133 [8, 14] combined 231424 players 15060 retained 256 seconds 0.7824134449474514
shuttleset_21_scene_0034 pair 135 [9, 0] combined 147456 players 15350 retained 256 seconds 0.7809348907321692
shuttleset_21_scene_0034 pair 138 [9, 3] combined 152576 players 20162 retained 256 seconds 0.7341371662914753
shuttleset_21_scene_0034 pair 139 [9, 4] combined 194560 players 13990 retained 256 seconds 0.7023315033875406
shuttleset_21_scene_0034 pair 140 [9, 5] combined 53336 players 9334 retained 256 seconds 0.32952360389754176
shuttleset_21_scene_0034 pair 141 [9, 6] combined 80800 players 2468 retained 256 seconds 0.24312249291688204
shuttleset_21_scene_0034 pair 149 [9, 15] combined 928 players 372 retained 186 seconds 0.0478565338999033
shuttleset_21_scene_0034 pair 150 [10, 0] combined 161792 players 73754 retained 256 seconds 2.250761747825891
shuttleset_21_scene_0034 pair 152 [10, 2] combined 110592 players 1860 retained 256 seconds 0.32221619272604585
shuttleset_21_scene_0034 pair 153 [10, 3] combined 153576 players 67276 retained 256 seconds 1.945233996026218
shuttleset_21_scene_0034 pair 154 [10, 4] combined 164864 players 71540 retained 256 seconds 1.8686196943745017
shuttleset_21_scene_0034 pair 157 [10, 7] combined 70416 players 5650 retained 256 seconds 0.31631115823984146
shuttleset_21_scene_0034 pair 162 [10, 13] combined 74404 players 844 retained 256 seconds 0.19831342482939363
shuttleset_21_scene_0034 pair 164 [10, 15] combined 1240 players 0 retained 0 seconds 0.025733129121363163
shuttleset_21_scene_0034 pair 167 [11, 2] combined 7168 players 0 retained 0 seconds 0.057657308876514435
shuttleset_21_scene_0034 pair 169 [11, 4] combined 8192 players 3706 retained 256 seconds 0.16081972094252706
shuttleset_21_scene_0034 pair 172 [11, 7] combined 1760 players 378 retained 189 seconds 0.04837001394480467
shuttleset_21_scene_0034 pair 177 [11, 13] combined 4200 players 0 retained 0 seconds 0.023834954015910625
shuttleset_21_scene_0034 pair 178 [11, 14] combined 1792 players 624 retained 256 seconds 0.058194040320813656
shuttleset_21_scene_0034 pair 179 [11, 15] combined 32 players 16 retained 8 seconds 0.019146403297781944
shuttleset_21_scene_0034 pair 180 [12, 0] combined 262144 players 116342 retained 256 seconds 3.352259722072631
shuttleset_21_scene_0034 pair 182 [12, 2] combined 262144 players 4016 retained 256 seconds 0.6734476191923022
shuttleset_21_scene_0034 pair 183 [12, 3] combined 234496 players 97738 retained 256 seconds 2.724104671739042
shuttleset_21_scene_0034 pair 184 [12, 4] combined 262144 players 108130 retained 256 seconds 2.753369232174009
shuttleset_21_scene_0034 pair 187 [12, 7] combined 106496 players 29702 retained 256 seconds 0.8764759697951376
shuttleset_21_scene_0034 pair 192 [12, 13] combined 189440 players 1586 retained 256 seconds 0.43943471694365144
shuttleset_21_scene_0034 pair 195 [13, 0] combined 154624 players 66802 retained 256 seconds 2.036318670026958
shuttleset_21_scene_0034 pair 196 [13, 1] combined 108544 players 3936 retained 256 seconds 0.3869388489983976
shuttleset_21_scene_0034 pair 198 [13, 3] combined 120560 players 48248 retained 256 seconds 1.354802513960749
shuttleset_21_scene_0034 pair 199 [13, 4] combined 163840 players 65370 retained 256 seconds 1.9244561162777245
shuttleset_21_scene_0034 pair 201 [13, 6] combined 42900 players 1080 retained 256 seconds 0.15678863413631916
shuttleset_21_scene_0034 pair 205 [13, 10] combined 136192 players 4490 retained 256 seconds 0.3839066349901259
shuttleset_21_scene_0034 pair 206 [13, 11] combined 5040 players 0 retained 0 seconds 0.030667256098240614
shuttleset_21_scene_0034 pair 207 [13, 12] combined 94208 players 2192 retained 256 seconds 0.2743359971791506
shuttleset_21_scene_0034 pair 210 [14, 0] combined 108544 players 6276 retained 256 seconds 0.4985714191570878
shuttleset_21_scene_0034 pair 213 [14, 3] combined 87040 players 11048 retained 256 seconds 0.462650281842798
shuttleset_21_scene_0034 pair 215 [14, 5] combined 24400 players 4830 retained 256 seconds 0.19169261073693633
shuttleset_21_scene_0034 pair 216 [14, 6] combined 59584 players 7128 retained 256 seconds 0.3171561360359192
shuttleset_21_scene_0034 pair 218 [14, 8] combined 108544 players 4676 retained 256 seconds 0.3488699607551098
shuttleset_21_scene_0034 pair 221 [14, 11] combined 1600 players 326 retained 163 seconds 0.04371066112071276
shuttleset_21_scene_0034 pair 224 [14, 15] combined 244 players 0 retained 0 seconds 0.011071380693465471
shuttleset_21_scene_0034 pair 231 [15, 6] combined 600 players 184 retained 92 seconds 0.031835285015404224
shuttleset_21_scene_0034 pair 234 [15, 9] combined 1764 players 316 retained 155 seconds 0.04000170109793544
shuttleset_21_scene_0034 pair 235 [15, 10] combined 2640 players 0 retained 0 seconds 0.021087170112878084
shuttleset_21_scene_0034 pair 236 [15, 11] combined 144 players 6 retained 3 seconds 0.018355514388531446
shuttleset_21_scene_0034 pair 239 [15, 14] combined 848 players 0 retained 0 seconds 0.011755025014281273
shuttleset_21_scene_0034 pair 0 [0, 1] combined 25600 players 5748 retained 256 seconds 0.31744016613811255
shuttleset_21_scene_0034 pair 1 [0, 2] combined 56320 players 24056 retained 256 seconds 0.7618652381934226
shuttleset_21_scene_0034 pair 6 [0, 7] combined 56320 players 6942 retained 256 seconds 0.3618046040646732
shuttleset_21_scene_0034 pair 8 [0, 9] combined 0 players 0 retained 0 seconds 0.312853641808033
shuttleset_21_scene_0034 pair 9 [0, 10] combined 4096 players 1864 retained 256 seconds 0.17468512430787086
shuttleset_21_scene_0034 pair 11 [0, 12] combined 7168 players 2048 retained 256 seconds 0.17344098398461938
shuttleset_21_scene_0034 pair 12 [0, 13] combined 7168 players 2308 retained 256 seconds 0.18463981803506613
shuttleset_21_scene_0034 pair 13 [0, 14] combined 0 players 0 retained 0 seconds 0.09185802610591054
shuttleset_21_scene_0034 pair 15 [1, 0] combined 24576 players 9020 retained 256 seconds 0.32533359294757247
shuttleset_21_scene_0034 pair 16 [1, 2] combined 7548 players 0 retained 0 seconds 0.029783029109239578
shuttleset_21_scene_0034 pair 17 [1, 3] combined 2100 players 684 retained 256 seconds 0.05800721701234579
shuttleset_21_scene_0034 pair 18 [1, 4] combined 3680 players 1450 retained 256 seconds 0.08181398967280984
shuttleset_21_scene_0034 pair 21 [1, 7] combined 2552 players 1038 retained 256 seconds 0.06760919000953436
shuttleset_21_scene_0034 pair 27 [1, 13] combined 1188 players 0 retained 0 seconds 0.011822071857750416
shuttleset_21_scene_0034 pair 30 [2, 0] combined 93184 players 39908 retained 256 seconds 1.1143214940093458
shuttleset_21_scene_0034 pair 31 [2, 1] combined 13440 players 588 retained 256 seconds 0.0800952292047441
shuttleset_21_scene_0034 pair 32 [2, 3] combined 7520 players 3054 retained 256 seconds 0.12684480380266905
shuttleset_21_scene_0034 pair 33 [2, 4] combined 16600 players 7590 retained 256 seconds 0.2517603700980544
shuttleset_21_scene_0034 pair 35 [2, 6] combined 1376 players 204 retained 102 seconds 0.03860169183462858
shuttleset_21_scene_0034 pair 39 [2, 10] combined 1160 players 6 retained 3 seconds 0.02958820480853319
shuttleset_21_scene_0034 pair 40 [2, 11] combined 0 players 0 retained 0 seconds 0.01268385024741292
shuttleset_21_scene_0034 pair 41 [2, 12] combined 7480 players 30 retained 15 seconds 0.04311564192175865
shuttleset_21_scene_0034 pair 46 [3, 1] combined 3224 players 740 retained 256 seconds 0.06411672476679087
shuttleset_21_scene_0034 pair 47 [3, 2] combined 6372 players 2584 retained 256 seconds 0.10725559201091528
shuttleset_21_scene_0034 pair 51 [3, 7] combined 10388 players 834 retained 256 seconds 0.07624005526304245
shuttleset_21_scene_0034 pair 53 [3, 9] combined 0 players 0 retained 0 seconds 0.0072112358175218105
shuttleset_21_scene_0034 pair 54 [3, 10] combined 416 players 200 retained 100 seconds 0.029926822055131197
shuttleset_21_scene_0034 pair 56 [3, 12] combined 840 players 236 retained 118 seconds 0.035855317022651434
shuttleset_21_scene_0034 pair 57 [3, 13] combined 928 players 208 retained 102 seconds 0.03383451886475086
shuttleset_21_scene_0034 pair 58 [3, 14] combined 0 players 0 retained 0 seconds 0.007547419052571058
shuttleset_21_scene_0034 pair 61 [4, 1] combined 6500 players 1430 retained 256 seconds 0.09043245762586594
shuttleset_21_scene_0034 pair 62 [4, 2] combined 15576 players 6372 retained 256 seconds 0.21056673908606172
shuttleset_21_scene_0034 pair 68 [4, 9] combined 0 players 0 retained 0 seconds 0.011106031946837902
shuttleset_21_scene_0034 pair 69 [4, 10] combined 944 players 430 retained 215 seconds 0.04489846620708704
shuttleset_21_scene_0034 pair 70 [4, 11] combined 0 players 0 retained 0 seconds 0.009803998284041882
shuttleset_21_scene_0034 pair 71 [4, 12] combined 1792 players 546 retained 256 seconds 0.056496841832995415
shuttleset_21_scene_0034 pair 72 [4, 13] combined 1540 players 288 retained 144 seconds 0.040881901048123837
shuttleset_21_scene_0034 pair 81 [5, 7] combined 2240 players 1060 retained 256 seconds 0.06545765697956085
shuttleset_21_scene_0034 pair 82 [5, 8] combined 40 players 20 retained 10 seconds 0.01979388017207384
shuttleset_21_scene_0034 pair 83 [5, 9] combined 0 players 0 retained 0 seconds 0.006129871122539043
shuttleset_21_scene_0034 pair 88 [5, 14] combined 380 players 190 retained 95 seconds 0.026427573058754206
shuttleset_21_scene_0034 pair 92 [6, 2] combined 0 players 0 retained 0 seconds 0.012043816968798637
shuttleset_21_scene_0034 pair 96 [6, 7] combined 580 players 210 retained 105 seconds 0.02806286606937647
shuttleset_21_scene_0034 pair 98 [6, 9] combined 0 players 0 retained 0 seconds 0.0038805538788437843
shuttleset_21_scene_0034 pair 102 [6, 13] combined 16 players 0 retained 0 seconds 0.004941187333315611
shuttleset_21_scene_0034 pair 103 [6, 14] combined 40 players 20 retained 10 seconds 0.016061219852417707
shuttleset_21_scene_0034 pair 104 [6, 15] combined 0 players 0 retained 0 seconds 0.0038892310112714767
shuttleset_21_scene_0034 pair 105 [7, 0] combined 26624 players 264 retained 106 seconds 0.4144748765975237
shuttleset_21_scene_0034 pair 106 [7, 1] combined 4816 players 620 retained 256 seconds 0.058395646046847105
shuttleset_21_scene_0034 pair 108 [7, 3] combined 4300 players 160 retained 80 seconds 0.03520166268572211
shuttleset_21_scene_0034 pair 110 [7, 5] combined 2744 players 268 retained 134 seconds 0.0366408945992589
shuttleset_21_scene_0034 pair 111 [7, 6] combined 552 players 136 retained 68 seconds 0.02675817208364606
shuttleset_21_scene_0034 pair 112 [7, 8] combined 0 players 0 retained 0 seconds 0.00812124414369464
shuttleset_21_scene_0034 pair 114 [7, 10] combined 0 players 0 retained 0 seconds 0.0073733641766011715
shuttleset_21_scene_0034 pair 115 [7, 11] combined 0 players 0 retained 0 seconds 0.00605420907959342
shuttleset_21_scene_0034 pair 116 [7, 12] combined 2016 players 420 retained 210 seconds 0.045141841284930706
shuttleset_21_scene_0034 pair 125 [8, 5] combined 248 players 68 retained 22 seconds 0.020814293064177036
shuttleset_21_scene_0034 pair 127 [8, 7] combined 108 players 0 retained 0 seconds 0.006398334633558989
shuttleset_21_scene_0034 pair 133 [8, 14] combined 0 players 0 retained 0 seconds 0.0031433911062777042
shuttleset_21_scene_0034 pair 135 [9, 0] combined 0 players 0 retained 0 seconds 0.061271709855645895
shuttleset_21_scene_0034 pair 138 [9, 3] combined 0 players 0 retained 0 seconds 0.005566710140556097
shuttleset_21_scene_0034 pair 139 [9, 4] combined 0 players 0 retained 0 seconds 0.006496171001344919
shuttleset_21_scene_0034 pair 140 [9, 5] combined 0 players 0 retained 0 seconds 0.004353438038378954
shuttleset_21_scene_0034 pair 141 [9, 6] combined 0 players 0 retained 0 seconds 0.002974180970340967
shuttleset_21_scene_0034 pair 149 [9, 15] combined 0 players 0 retained 0 seconds 0.0018732063472270966
shuttleset_21_scene_0034 pair 150 [10, 0] combined 1024 players 488 retained 211 seconds 0.09765612101182342
shuttleset_21_scene_0034 pair 152 [10, 2] combined 744 players 0 retained 0 seconds 0.012869460973888636
shuttleset_21_scene_0034 pair 153 [10, 3] combined 208 players 100 retained 50 seconds 0.02327731717377901
shuttleset_21_scene_0034 pair 154 [10, 4] combined 296 players 148 retained 74 seconds 0.026454039849340916
shuttleset_21_scene_0034 pair 157 [10, 7] combined 88 players 34 retained 17 seconds 0.01970842480659485
shuttleset_21_scene_0034 pair 162 [10, 13] combined 0 players 0 retained 0 seconds 0.00470503605902195
shuttleset_21_scene_0034 pair 164 [10, 15] combined 0 players 0 retained 0 seconds 0.0028510959818959236
shuttleset_21_scene_0034 pair 167 [11, 2] combined 0 players 0 retained 0 seconds 0.009615892078727484
shuttleset_21_scene_0034 pair 169 [11, 4] combined 0 players 0 retained 0 seconds 0.0060635460540652275
shuttleset_21_scene_0034 pair 172 [11, 7] combined 0 players 0 retained 0 seconds 0.004507545847445726
shuttleset_21_scene_0034 pair 177 [11, 13] combined 0 players 0 retained 0 seconds 0.0031610848382115364
shuttleset_21_scene_0034 pair 178 [11, 14] combined 0 players 0 retained 0 seconds 0.001890130341053009
shuttleset_21_scene_0034 pair 179 [11, 15] combined 0 players 0 retained 0 seconds 0.0014267382211983204
shuttleset_21_scene_0034 pair 180 [12, 0] combined 4096 players 1686 retained 256 seconds 0.13259146641939878
shuttleset_21_scene_0034 pair 182 [12, 2] combined 3608 players 0 retained 0 seconds 0.01953690918162465
shuttleset_21_scene_0034 pair 183 [12, 3] combined 480 players 186 retained 89 seconds 0.028987498953938484
shuttleset_21_scene_0034 pair 184 [12, 4] combined 640 players 292 retained 142 seconds 0.037534693256020546
shuttleset_21_scene_0034 pair 187 [12, 7] combined 1568 players 636 retained 256 seconds 0.05212039314210415
shuttleset_21_scene_0034 pair 192 [12, 13] combined 32 players 0 retained 0 seconds 0.0067016612738370895
shuttleset_21_scene_0034 pair 195 [13, 0] combined 4096 players 1774 retained 256 seconds 0.1367067596875131
shuttleset_21_scene_0034 pair 196 [13, 1] combined 3744 players 170 retained 85 seconds 0.035169501788914204
shuttleset_21_scene_0034 pair 198 [13, 3] combined 384 players 160 retained 80 seconds 0.02683640504255891
shuttleset_21_scene_0034 pair 199 [13, 4] combined 928 players 446 retained 223 seconds 0.043564845342189074
shuttleset_21_scene_0034 pair 201 [13, 6] combined 44 players 0 retained 0 seconds 0.006116282194852829
shuttleset_21_scene_0034 pair 205 [13, 10] combined 120 players 0 retained 0 seconds 0.005307464860379696
shuttleset_21_scene_0034 pair 206 [13, 11] combined 0 players 0 retained 0 seconds 0.004224465228617191
shuttleset_21_scene_0034 pair 207 [13, 12] combined 720 players 20 retained 10 seconds 0.01998624810948968
shuttleset_21_scene_0034 pair 210 [14, 0] combined 0 players 0 retained 0 seconds 0.06332289101555943
shuttleset_21_scene_0034 pair 213 [14, 3] combined 0 players 0 retained 0 seconds 0.006002245936542749
shuttleset_21_scene_0034 pair 215 [14, 5] combined 0 players 0 retained 0 seconds 0.004900834988802671
shuttleset_21_scene_0034 pair 216 [14, 6] combined 72 players 0 retained 0 seconds 0.003727696370333433
shuttleset_21_scene_0034 pair 218 [14, 8] combined 0 players 0 retained 0 seconds 0.0028875619173049927
shuttleset_21_scene_0034 pair 221 [14, 11] combined 0 players 0 retained 0 seconds 0.0019809254445135593
shuttleset_21_scene_0034 pair 224 [14, 15] combined 0 players 0 retained 0 seconds 0.0020558307878673077
shuttleset_21_scene_0034 pair 231 [15, 6] combined 0 players 0 retained 0 seconds 0.003030050080269575
shuttleset_21_scene_0034 pair 234 [15, 9] combined 0 players 0 retained 0 seconds 0.001974476035684347
shuttleset_21_scene_0034 pair 235 [15, 10] combined 0 players 0 retained 0 seconds 0.002473750151693821
shuttleset_21_scene_0034 pair 236 [15, 11] combined 0 players 0 retained 0 seconds 0.001718736719340086
shuttleset_21_scene_0034 pair 239 [15, 14] combined 0 players 0 retained 0 seconds 0.0021186438389122486
[shuttleset_21_scene_0034] line-template: preparing rectangles
[shuttleset_21_scene_0034] measuring 701 parents (G0=256, G1=256, line_template=256; conflicting geometry groups=0)
[shuttleset_21_scene_0034] parents 250/701
[shuttleset_21_scene_0034] parents 500/701
[shuttleset_21_scene_0034] refitting 701 parents
[shuttleset_21_scene_0034] refits 250/701; valid children=247
[shuttleset_21_scene_0034] refits 500/701; valid children=494
{"view_id": "shuttleset_21_scene_0034", "chosen_key": "G0:1:63649/child", "no_court_reason": null, "all_checks_equal": true, "error": null}
shuttleset_21_scene_0044 pair 0 [0, 1] combined 262144 players 94524 retained 256 seconds 3.2207164908759296
shuttleset_21_scene_0044 pair 1 [0, 2] combined 262144 players 104538 retained 256 seconds 3.0590304280631244
shuttleset_21_scene_0044 pair 3 [0, 4] combined 58368 players 20378 retained 256 seconds 0.81275485875085
shuttleset_21_scene_0044 pair 4 [0, 5] combined 53248 players 12000 retained 256 seconds 0.7485350556671619
shuttleset_21_scene_0044 pair 5 [0, 6] combined 163840 players 65412 retained 256 seconds 1.881328493822366
shuttleset_21_scene_0044 pair 10 [0, 11] combined 262144 players 44844 retained 256 seconds 1.8025394366122782
shuttleset_21_scene_0044 pair 11 [0, 12] combined 143360 players 55156 retained 256 seconds 1.8397630318067968
shuttleset_21_scene_0044 pair 12 [0, 13] combined 48128 players 13838 retained 256 seconds 0.5997530198656023
shuttleset_21_scene_0044 pair 14 [0, 15] combined 109568 players 23848 retained 256 seconds 0.9117632550187409
shuttleset_21_scene_0044 pair 15 [1, 0] combined 262144 players 101336 retained 256 seconds 2.9967447468079627
shuttleset_21_scene_0044 pair 16 [1, 2] combined 262144 players 2182 retained 256 seconds 0.8077817102894187
shuttleset_21_scene_0044 pair 17 [1, 3] combined 262144 players 102252 retained 256 seconds 2.9772065673023462
shuttleset_21_scene_0044 pair 24 [1, 10] combined 262144 players 71340 retained 256 seconds 2.144518045242876
shuttleset_21_scene_0044 pair 25 [1, 11] combined 128000 players 37250 retained 256 seconds 1.3136572879739106
shuttleset_21_scene_0044 pair 27 [1, 13] combined 12288 players 1544 retained 256 seconds 0.18054975615814328
shuttleset_21_scene_0044 pair 28 [1, 14] combined 8192 players 954 retained 256 seconds 0.1418036730028689
shuttleset_21_scene_0044 pair 29 [1, 15] combined 68608 players 6914 retained 256 seconds 0.378593357745558
shuttleset_21_scene_0044 pair 30 [2, 0] combined 262144 players 113184 retained 256 seconds 3.3264206810854375
shuttleset_21_scene_0044 pair 31 [2, 1] combined 262144 players 10792 retained 256 seconds 0.8480940009467304
shuttleset_21_scene_0044 pair 32 [2, 3] combined 262144 players 108338 retained 256 seconds 3.1355730961076915
shuttleset_21_scene_0044 pair 33 [2, 4] combined 68608 players 2694 retained 256 seconds 0.27103713108226657
shuttleset_21_scene_0044 pair 34 [2, 5] combined 69632 players 32 retained 16 seconds 0.20412266114726663
shuttleset_21_scene_0044 pair 38 [2, 9] combined 10240 players 64 retained 32 seconds 0.1039738729596138
shuttleset_21_scene_0044 pair 41 [2, 12] combined 262144 players 4652 retained 256 seconds 0.6472331010736525
shuttleset_21_scene_0044 pair 46 [3, 1] combined 262144 players 88066 retained 256 seconds 2.790140073746443
shuttleset_21_scene_0044 pair 47 [3, 2] combined 262144 players 94038 retained 256 seconds 2.892524054273963
shuttleset_21_scene_0044 pair 49 [3, 5] combined 55296 players 13616 retained 256 seconds 0.47694136435166
shuttleset_21_scene_0044 pair 50 [3, 6] combined 140288 players 47496 retained 256 seconds 1.5795686761848629
shuttleset_21_scene_0044 pair 53 [3, 9] combined 23552 players 6162 retained 256 seconds 0.25049864733591676
shuttleset_21_scene_0044 pair 54 [3, 10] combined 262144 players 7196 retained 256 seconds 0.6863531358540058
shuttleset_21_scene_0044 pair 55 [3, 11] combined 257024 players 14290 retained 256 seconds 0.8261498967185616
shuttleset_21_scene_0044 pair 57 [3, 13] combined 52224 players 3934 retained 256 seconds 0.24191190907731652
shuttleset_21_scene_0044 pair 59 [3, 15] combined 146432 players 8634 retained 256 seconds 0.49447530787438154
shuttleset_21_scene_0044 pair 60 [4, 0] combined 67584 players 28322 retained 256 seconds 1.1299587399698794
shuttleset_21_scene_0044 pair 62 [4, 2] combined 64512 players 2882 retained 256 seconds 0.2604046533815563
shuttleset_21_scene_0044 pair 69 [4, 10] combined 76800 players 22562 retained 256 seconds 0.6895674183033407
shuttleset_21_scene_0044 pair 70 [4, 11] combined 16236 players 960 retained 256 seconds 0.09867259720340371
shuttleset_21_scene_0044 pair 72 [4, 13] combined 4600 players 216 retained 95 seconds 0.048925906885415316
shuttleset_21_scene_0044 pair 74 [4, 15] combined 3904 players 442 retained 221 seconds 0.057684140745550394
shuttleset_21_scene_0044 pair 75 [5, 0] combined 52224 players 19556 retained 256 seconds 0.7244475912302732
shuttleset_21_scene_0044 pair 77 [5, 2] combined 46080 players 1254 retained 256 seconds 0.1810796489007771
shuttleset_21_scene_0044 pair 78 [5, 3] combined 51200 players 19134 retained 256 seconds 0.5904923640191555
shuttleset_21_scene_0044 pair 85 [5, 11] combined 19520 players 1804 retained 256 seconds 0.12361782183870673
shuttleset_21_scene_0044 pair 87 [5, 13] combined 1764 players 80 retained 40 seconds 0.03451274195685983
shuttleset_21_scene_0044 pair 88 [5, 14] combined 2408 players 114 retained 57 seconds 0.03562158718705177
shuttleset_21_scene_0044 pair 89 [5, 15] combined 13132 players 338 retained 169 seconds 0.06617362191900611
shuttleset_21_scene_0044 pair 90 [6, 0] combined 87040 players 24630 retained 256 seconds 1.0897169932723045
shuttleset_21_scene_0044 pair 93 [6, 3] combined 102400 players 40662 retained 256 seconds 1.083921258803457
shuttleset_21_scene_0044 pair 112 [7, 8] combined 65536 players 14898 retained 256 seconds 0.46929207211360335
shuttleset_21_scene_0044 pair 118 [7, 14] combined 2688 players 544 retained 248 seconds 0.06058680405840278
shuttleset_21_scene_0044 pair 127 [8, 7] combined 35292 players 3888 retained 256 seconds 0.19935672730207443
shuttleset_21_scene_0044 pair 129 [8, 10] combined 160768 players 22838 retained 256 seconds 0.8218402918428183
shuttleset_21_scene_0044 pair 130 [8, 11] combined 170372 players 3974 retained 256 seconds 0.43455254985019565
shuttleset_21_scene_0044 pair 137 [9, 2] combined 4096 players 0 retained 0 seconds 0.27045024186372757
shuttleset_21_scene_0044 pair 138 [9, 3] combined 3072 players 1342 retained 256 seconds 0.09390125004574656
shuttleset_21_scene_0044 pair 147 [9, 13] combined 280 players 0 retained 0 seconds 0.00961780734360218
shuttleset_21_scene_0044 pair 148 [9, 14] combined 160 players 0 retained 0 seconds 0.007099073845893145
shuttleset_21_scene_0044 pair 151 [10, 1] combined 262144 players 70644 retained 256 seconds 2.1423369240947068
shuttleset_21_scene_0044 pair 153 [10, 3] combined 262144 players 14818 retained 256 seconds 0.8452945887111127
shuttleset_21_scene_0044 pair 154 [10, 4] combined 46080 players 12680 retained 256 seconds 0.43197497306391597
shuttleset_21_scene_0044 pair 158 [10, 8] combined 212992 players 18878 retained 256 seconds 1.0448184800334275
shuttleset_21_scene_0044 pair 161 [10, 12] combined 131072 players 40136 retained 256 seconds 1.1904475423507392
shuttleset_21_scene_0044 pair 163 [10, 14] combined 17408 players 412 retained 212 seconds 0.09269200591370463
shuttleset_21_scene_0044 pair 165 [11, 0] combined 185344 players 7018 retained 256 seconds 0.6556103420443833
shuttleset_21_scene_0044 pair 166 [11, 1] combined 82944 players 18252 retained 256 seconds 0.6127098146826029
shuttleset_21_scene_0044 pair 168 [11, 3] combined 262144 players 4694 retained 256 seconds 0.6522343480028212
shuttleset_21_scene_0044 pair 169 [11, 4] combined 37392 players 2650 retained 256 seconds 0.16924215760082006
shuttleset_21_scene_0044 pair 170 [11, 5] combined 21248 players 4798 retained 256 seconds 0.18836096301674843
shuttleset_21_scene_0044 pair 173 [11, 8] combined 153608 players 3486 retained 256 seconds 0.3807580741122365
shuttleset_21_scene_0044 pair 176 [11, 12] combined 71604 players 2452 retained 256 seconds 0.23331859707832336
shuttleset_21_scene_0044 pair 180 [12, 0] combined 173056 players 72372 retained 256 seconds 2.3202190110459924
shuttleset_21_scene_0044 pair 182 [12, 2] combined 77824 players 2822 retained 256 seconds 0.28759106807410717
shuttleset_21_scene_0044 pair 190 [12, 10] combined 185344 players 53350 retained 256 seconds 1.5068539050407708
shuttleset_21_scene_0044 pair 191 [12, 11] combined 28792 players 2548 retained 256 seconds 0.1707251612097025
shuttleset_21_scene_0044 pair 192 [12, 13] combined 8520 players 312 retained 156 seconds 0.069282456766814
shuttleset_21_scene_0044 pair 194 [12, 15] combined 28980 players 2122 retained 256 seconds 0.1458503375761211
shuttleset_21_scene_0044 pair 195 [13, 0] combined 11264 players 1362 retained 256 seconds 0.24830692680552602
shuttleset_21_scene_0044 pair 196 [13, 1] combined 26624 players 1372 retained 256 seconds 0.16589726088568568
shuttleset_21_scene_0044 pair 198 [13, 3] combined 4096 players 242 retained 119 seconds 0.0598627352155745
shuttleset_21_scene_0044 pair 199 [13, 4] combined 5184 players 68 retained 34 seconds 0.2777421809732914
shuttleset_21_scene_0044 pair 200 [13, 5] combined 6532 players 340 retained 170 seconds 0.05340672330930829
shuttleset_21_scene_0044 pair 204 [13, 9] combined 704 players 174 retained 87 seconds 0.029657529201358557
shuttleset_21_scene_0044 pair 207 [13, 12] combined 11628 players 326 retained 145 seconds 0.06584871700033545
shuttleset_21_scene_0044 pair 211 [14, 1] combined 7168 players 1124 retained 256 seconds 0.11991478968411684
shuttleset_21_scene_0044 pair 215 [14, 5] combined 2688 players 76 retained 38 seconds 0.030903656966984272
shuttleset_21_scene_0044 pair 217 [14, 7] combined 1392 players 230 retained 111 seconds 0.035461891908198595
shuttleset_21_scene_0044 pair 219 [14, 9] combined 336 players 0 retained 0 seconds 0.007485480979084969
shuttleset_21_scene_0044 pair 220 [14, 10] combined 3072 players 36 retained 18 seconds 0.03879782697185874
shuttleset_21_scene_0044 pair 225 [15, 0] combined 61440 players 2118 retained 256 seconds 0.3121762736700475
shuttleset_21_scene_0044 pair 226 [15, 1] combined 56320 players 8736 retained 256 seconds 0.4100896632298827
shuttleset_21_scene_0044 pair 228 [15, 3] combined 121856 players 1590 retained 256 seconds 0.2950015841051936
shuttleset_21_scene_0044 pair 229 [15, 4] combined 20736 players 316 retained 154 seconds 0.07513406220823526
shuttleset_21_scene_0044 pair 230 [15, 5] combined 14080 players 328 retained 164 seconds 0.06737446272745728
shuttleset_21_scene_0044 pair 237 [15, 12] combined 36504 players 2156 retained 256 seconds 0.16116497619077563
shuttleset_21_scene_0044 pair 0 [0, 1] combined 43008 players 13402 retained 256 seconds 0.536818637046963
shuttleset_21_scene_0044 pair 1 [0, 2] combined 131072 players 53408 retained 256 seconds 1.5962088480591774
shuttleset_21_scene_0044 pair 3 [0, 4] combined 2048 players 990 retained 256 seconds 0.16061164066195488
shuttleset_21_scene_0044 pair 4 [0, 5] combined 0 players 0 retained 0 seconds 0.0910294852219522
shuttleset_21_scene_0044 pair 5 [0, 6] combined 1024 players 406 retained 203 seconds 0.11270409217104316
shuttleset_21_scene_0044 pair 10 [0, 11] combined 3072 players 42 retained 21 seconds 0.09465801296755672
shuttleset_21_scene_0044 pair 11 [0, 12] combined 6144 players 2220 retained 256 seconds 0.1746250707656145
shuttleset_21_scene_0044 pair 12 [0, 13] combined 13312 players 3212 retained 256 seconds 0.5077486340887845
shuttleset_21_scene_0044 pair 14 [0, 15] combined 8192 players 1192 retained 256 seconds 0.14683562703430653
shuttleset_21_scene_0044 pair 15 [1, 0] combined 46080 players 17804 retained 256 seconds 0.6123699909076095
shuttleset_21_scene_0044 pair 16 [1, 2] combined 36960 players 672 retained 256 seconds 0.1282493658363819
shuttleset_21_scene_0044 pair 17 [1, 3] combined 17848 players 7142 retained 256 seconds 0.23605969874188304
shuttleset_21_scene_0044 pair 24 [1, 10] combined 13440 players 3536 retained 256 seconds 0.14474130561575294
shuttleset_21_scene_0044 pair 25 [1, 11] combined 0 players 0 retained 0 seconds 0.011399849317967892
shuttleset_21_scene_0044 pair 27 [1, 13] combined 0 players 0 retained 0 seconds 0.011849865317344666
shuttleset_21_scene_0044 pair 28 [1, 14] combined 1344 players 164 retained 82 seconds 0.032727986574172974
shuttleset_21_scene_0044 pair 29 [1, 15] combined 792 players 82 retained 41 seconds 0.02823964972048998
shuttleset_21_scene_0044 pair 30 [2, 0] combined 190464 players 79684 retained 256 seconds 2.1431046817451715
shuttleset_21_scene_0044 pair 31 [2, 1] combined 42164 players 1748 retained 256 seconds 0.173898636829108
shuttleset_21_scene_0044 pair 32 [2, 3] combined 69920 players 30028 retained 256 seconds 0.8092089700512588
shuttleset_21_scene_0044 pair 33 [2, 4] combined 488 players 0 retained 0 seconds 0.02693087188526988
shuttleset_21_scene_0044 pair 34 [2, 5] combined 0 players 0 retained 0 seconds 0.022311117965728045
shuttleset_21_scene_0044 pair 38 [2, 9] combined 0 players 0 retained 0 seconds 0.023033022414892912
shuttleset_21_scene_0044 pair 41 [2, 12] combined 14952 players 80 retained 40 seconds 0.37716105999425054
shuttleset_21_scene_0044 pair 46 [3, 1] combined 23760 players 7050 retained 256 seconds 0.2929117390885949
shuttleset_21_scene_0044 pair 47 [3, 2] combined 62496 players 22458 retained 256 seconds 0.6525844410061836
shuttleset_21_scene_0044 pair 49 [3, 5] combined 0 players 0 retained 0 seconds 0.017992423847317696
shuttleset_21_scene_0044 pair 50 [3, 6] combined 616 players 128 retained 64 seconds 0.03275073925033212
shuttleset_21_scene_0044 pair 53 [3, 9] combined 0 players 0 retained 0 seconds 0.015015673823654652
shuttleset_21_scene_0044 pair 54 [3, 10] combined 65772 players 1592 retained 256 seconds 0.19126971438527107
shuttleset_21_scene_0044 pair 55 [3, 11] combined 1904 players 50 retained 25 seconds 0.03429300105199218
shuttleset_21_scene_0044 pair 57 [3, 13] combined 4012 players 76 retained 38 seconds 0.03673942480236292
shuttleset_21_scene_0044 pair 59 [3, 15] combined 0 players 0 retained 0 seconds 0.01580247702077031
shuttleset_21_scene_0044 pair 60 [4, 0] combined 0 players 0 retained 0 seconds 0.06558974413201213
shuttleset_21_scene_0044 pair 62 [4, 2] combined 0 players 0 retained 0 seconds 0.01635394711047411
shuttleset_21_scene_0044 pair 69 [4, 10] combined 0 players 0 retained 0 seconds 0.009177005849778652
shuttleset_21_scene_0044 pair 70 [4, 11] combined 0 players 0 retained 0 seconds 0.002824984025210142
shuttleset_21_scene_0044 pair 72 [4, 13] combined 0 players 0 retained 0 seconds 0.0032603018917143345
shuttleset_21_scene_0044 pair 74 [4, 15] combined 0 players 0 retained 0 seconds 0.00255017913877964
shuttleset_21_scene_0044 pair 75 [5, 0] combined 0 players 0 retained 0 seconds 0.0653345501050353
shuttleset_21_scene_0044 pair 77 [5, 2] combined 0 players 0 retained 0 seconds 0.015072803944349289
shuttleset_21_scene_0044 pair 78 [5, 3] combined 0 players 0 retained 0 seconds 0.010069828014820814
shuttleset_21_scene_0044 pair 85 [5, 11] combined 0 players 0 retained 0 seconds 0.0022036898881196976
shuttleset_21_scene_0044 pair 87 [5, 13] combined 0 players 0 retained 0 seconds 0.0024860030971467495
shuttleset_21_scene_0044 pair 88 [5, 14] combined 0 players 0 retained 0 seconds 0.002697923220694065
shuttleset_21_scene_0044 pair 89 [5, 15] combined 0 players 0 retained 0 seconds 0.0018071127124130726
shuttleset_21_scene_0044 pair 90 [6, 0] combined 1024 players 272 retained 136 seconds 0.09032767079770565
shuttleset_21_scene_0044 pair 93 [6, 3] combined 0 players 0 retained 0 seconds 0.00988250132650137
shuttleset_21_scene_0044 pair 112 [7, 8] combined 80 players 24 retained 12 seconds 0.01726771518588066
shuttleset_21_scene_0044 pair 118 [7, 14] combined 64 players 32 retained 16 seconds 0.017540224827826023
shuttleset_21_scene_0044 pair 127 [8, 7] combined 0 players 0 retained 0 seconds 0.005671309772878885
shuttleset_21_scene_0044 pair 129 [8, 10] combined 2660 players 12 retained 6 seconds 0.026807984337210655
shuttleset_21_scene_0044 pair 130 [8, 11] combined 0 players 0 retained 0 seconds 0.0032586478628218174
shuttleset_21_scene_0044 pair 137 [9, 2] combined 0 players 0 retained 0 seconds 0.015233410988003016
shuttleset_21_scene_0044 pair 138 [9, 3] combined 0 players 0 retained 0 seconds 0.009619899559766054
shuttleset_21_scene_0044 pair 147 [9, 13] combined 0 players 0 retained 0 seconds 0.002507310826331377
shuttleset_21_scene_0044 pair 148 [9, 14] combined 0 players 0 retained 0 seconds 0.0025746161118149757
shuttleset_21_scene_0044 pair 151 [10, 1] combined 15048 players 4260 retained 256 seconds 0.16225473210215569
shuttleset_21_scene_0044 pair 153 [10, 3] combined 32568 players 4980 retained 256 seconds 0.2039055349305272
shuttleset_21_scene_0044 pair 154 [10, 4] combined 0 players 0 retained 0 seconds 0.012847115751355886
shuttleset_21_scene_0044 pair 158 [10, 8] combined 7980 players 40 retained 21 seconds 0.040006032679229975
shuttleset_21_scene_0044 pair 161 [10, 12] combined 2220 players 548 retained 256 seconds 0.056795022916048765
shuttleset_21_scene_0044 pair 163 [10, 14] combined 8296 players 296 retained 152 seconds 0.05253087216988206
shuttleset_21_scene_0044 pair 165 [11, 0] combined 0 players 0 retained 0 seconds 0.06321383733302355
shuttleset_21_scene_0044 pair 166 [11, 1] combined 0 players 0 retained 0 seconds 0.007640981115400791
shuttleset_21_scene_0044 pair 168 [11, 3] combined 808 players 0 retained 0 seconds 0.011345239821821451
shuttleset_21_scene_0044 pair 169 [11, 4] combined 0 players 0 retained 0 seconds 0.0024896711111068726
shuttleset_21_scene_0044 pair 170 [11, 5] combined 0 players 0 retained 0 seconds 0.0017784112133085728
shuttleset_21_scene_0044 pair 173 [11, 8] combined 0 players 0 retained 0 seconds 0.002627655863761902
shuttleset_21_scene_0044 pair 176 [11, 12] combined 0 players 0 retained 0 seconds 0.0037894868291914463
shuttleset_21_scene_0044 pair 180 [12, 0] combined 7168 players 2950 retained 256 seconds 0.1733031733892858
shuttleset_21_scene_0044 pair 182 [12, 2] combined 6480 players 0 retained 0 seconds 0.030085532926023006
shuttleset_21_scene_0044 pair 190 [12, 10] combined 2352 players 594 retained 256 seconds 0.05874865781515837
shuttleset_21_scene_0044 pair 191 [12, 11] combined 0 players 0 retained 0 seconds 0.006084450986236334
shuttleset_21_scene_0044 pair 192 [12, 13] combined 0 players 0 retained 0 seconds 0.006080774124711752
shuttleset_21_scene_0044 pair 194 [12, 15] combined 72 players 4 retained 2 seconds 0.018820973578840494
shuttleset_21_scene_0044 pair 195 [13, 0] combined 5120 players 856 retained 256 seconds 0.12186982482671738
shuttleset_21_scene_0044 pair 196 [13, 1] combined 1176 players 80 retained 40 seconds 0.027146282140165567
shuttleset_21_scene_0044 pair 198 [13, 3] combined 940 players 26 retained 13 seconds 0.028879523742944002
shuttleset_21_scene_0044 pair 199 [13, 4] combined 0 players 0 retained 0 seconds 0.004332910757511854
shuttleset_21_scene_0044 pair 200 [13, 5] combined 0 players 0 retained 0 seconds 0.0034233760088682175
shuttleset_21_scene_0044 pair 204 [13, 9] combined 0 players 0 retained 0 seconds 0.0033172769472002983
shuttleset_21_scene_0044 pair 207 [13, 12] combined 192 players 0 retained 0 seconds 0.005575483199208975
shuttleset_21_scene_0044 pair 211 [14, 1] combined 1008 players 198 retained 99 seconds 0.030400109011679888
shuttleset_21_scene_0044 pair 215 [14, 5] combined 0 players 0 retained 0 seconds 0.0038842149078845978
shuttleset_21_scene_0044 pair 217 [14, 7] combined 0 players 0 retained 0 seconds 0.004303624853491783
shuttleset_21_scene_0044 pair 219 [14, 9] combined 0 players 0 retained 0 seconds 0.0034614447504281998
shuttleset_21_scene_0044 pair 220 [14, 10] combined 1824 players 34 retained 17 seconds 0.026769747026264668
shuttleset_21_scene_0044 pair 225 [15, 0] combined 2048 players 52 retained 26 seconds 0.07917521800845861
shuttleset_21_scene_0044 pair 226 [15, 1] combined 1472 players 128 retained 64 seconds 0.027872396167367697
shuttleset_21_scene_0044 pair 228 [15, 3] combined 0 players 0 retained 0 seconds 0.010612570215016603
shuttleset_21_scene_0044 pair 229 [15, 4] combined 0 players 0 retained 0 seconds 0.00286410516127944
shuttleset_21_scene_0044 pair 230 [15, 5] combined 0 players 0 retained 0 seconds 0.0022500231862068176
shuttleset_21_scene_0044 pair 237 [15, 12] combined 84 players 0 retained 0 seconds 0.004374979995191097
[shuttleset_21_scene_0044] line-template: preparing rectangles
[shuttleset_21_scene_0044] measuring 768 parents (G0=256, G1=256, line_template=256; conflicting geometry groups=0)
[shuttleset_21_scene_0044] parents 250/768
[shuttleset_21_scene_0044] parents 500/768
[shuttleset_21_scene_0044] parents 750/768
[shuttleset_21_scene_0044] refitting 768 parents
[shuttleset_21_scene_0044] refits 250/768; valid children=246
[shuttleset_21_scene_0044] refits 500/768; valid children=494
[shuttleset_21_scene_0044] refits 750/768; valid children=738
{"view_id": "shuttleset_21_scene_0044", "chosen_key": "G0:1:2039/child", "no_court_reason": null, "all_checks_equal": true, "error": null}
sset_21_gloiZ_gTJaE_frame_00100347 pair 0 [0, 1] combined 109568 players 45080 retained 256 seconds 1.3961131111718714
sset_21_gloiZ_gTJaE_frame_00100347 pair 1 [0, 2] combined 143360 players 52904 retained 256 seconds 1.620050401892513
sset_21_gloiZ_gTJaE_frame_00100347 pair 3 [0, 4] combined 84992 players 32320 retained 256 seconds 1.1323035438545048
sset_21_gloiZ_gTJaE_frame_00100347 pair 8 [0, 9] combined 0 players 0 retained 0 seconds 0.1276108338497579
sset_21_gloiZ_gTJaE_frame_00100347 pair 12 [0, 13] combined 0 players 0 retained 0 seconds 0.05501503963023424
sset_21_gloiZ_gTJaE_frame_00100347 pair 13 [0, 14] combined 0 players 0 retained 0 seconds 0.05504657980054617
sset_21_gloiZ_gTJaE_frame_00100347 pair 14 [0, 15] combined 181248 players 0 retained 0 seconds 0.6339474245905876
sset_21_gloiZ_gTJaE_frame_00100347 pair 15 [1, 0] combined 44032 players 21414 retained 256 seconds 1.1915400228463113
sset_21_gloiZ_gTJaE_frame_00100347 pair 17 [1, 3] combined 38700 players 18900 retained 256 seconds 0.9193127360194921
sset_21_gloiZ_gTJaE_frame_00100347 pair 19 [1, 5] combined 15136 players 7216 retained 256 seconds 0.6446425593458116
sset_21_gloiZ_gTJaE_frame_00100347 pair 20 [1, 6] combined 4096 players 0 retained 0 seconds 0.03549238108098507
sset_21_gloiZ_gTJaE_frame_00100347 pair 21 [1, 7] combined 0 players 0 retained 0 seconds 0.010901327710598707
sset_21_gloiZ_gTJaE_frame_00100347 pair 25 [1, 11] combined 0 players 0 retained 0 seconds 0.01730516366660595
sset_21_gloiZ_gTJaE_frame_00100347 pair 26 [1, 12] combined 992 players 496 retained 202 seconds 0.07023972598835826
sset_21_gloiZ_gTJaE_frame_00100347 pair 27 [1, 13] combined 1008 players 14 retained 7 seconds 0.03440044028684497
sset_21_gloiZ_gTJaE_frame_00100347 pair 30 [2, 0] combined 27648 players 13608 retained 256 seconds 0.8586875447072089
sset_21_gloiZ_gTJaE_frame_00100347 pair 32 [2, 3] combined 25600 players 12600 retained 256 seconds 0.6666641440242529
sset_21_gloiZ_gTJaE_frame_00100347 pair 34 [2, 5] combined 9200 players 4300 retained 256 seconds 0.269532541744411
sset_21_gloiZ_gTJaE_frame_00100347 pair 35 [2, 6] combined 8192 players 0 retained 0 seconds 0.04814175982028246
sset_21_gloiZ_gTJaE_frame_00100347 pair 36 [2, 7] combined 0 players 0 retained 0 seconds 0.012096183840185404
sset_21_gloiZ_gTJaE_frame_00100347 pair 40 [2, 11] combined 0 players 0 retained 0 seconds 0.021222583018243313
sset_21_gloiZ_gTJaE_frame_00100347 pair 41 [2, 12] combined 160 players 80 retained 40 seconds 0.04114111978560686
sset_21_gloiZ_gTJaE_frame_00100347 pair 42 [2, 13] combined 792 players 26 retained 14 seconds 0.038423582911491394
sset_21_gloiZ_gTJaE_frame_00100347 pair 46 [3, 1] combined 105472 players 43086 retained 256 seconds 2.239284615032375
sset_21_gloiZ_gTJaE_frame_00100347 pair 47 [3, 2] combined 147456 players 54440 retained 256 seconds 2.637560501229018
sset_21_gloiZ_gTJaE_frame_00100347 pair 48 [3, 4] combined 78848 players 30348 retained 256 seconds 1.4258110569790006
sset_21_gloiZ_gTJaE_frame_00100347 pair 53 [3, 9] combined 0 players 0 retained 0 seconds 0.06993790995329618
sset_21_gloiZ_gTJaE_frame_00100347 pair 57 [3, 13] combined 0 players 0 retained 0 seconds 0.02949004154652357
sset_21_gloiZ_gTJaE_frame_00100347 pair 58 [3, 14] combined 0 players 0 retained 0 seconds 0.029184554237872362
sset_21_gloiZ_gTJaE_frame_00100347 pair 59 [3, 15] combined 124928 players 0 retained 0 seconds 0.39321134565398097
sset_21_gloiZ_gTJaE_frame_00100347 pair 60 [4, 0] combined 41984 players 19844 retained 256 seconds 1.0937969298101962
sset_21_gloiZ_gTJaE_frame_00100347 pair 63 [4, 3] combined 29484 players 14664 retained 256 seconds 0.7376824072562158
sset_21_gloiZ_gTJaE_frame_00100347 pair 64 [4, 5] combined 14112 players 6636 retained 256 seconds 0.4264134052209556
sset_21_gloiZ_gTJaE_frame_00100347 pair 65 [4, 6] combined 0 players 0 retained 0 seconds 0.021602274850010872
sset_21_gloiZ_gTJaE_frame_00100347 pair 66 [4, 7] combined 72912 players 0 retained 0 seconds 0.20805634139105678
sset_21_gloiZ_gTJaE_frame_00100347 pair 70 [4, 11] combined 0 players 0 retained 0 seconds 0.019070087932050228
sset_21_gloiZ_gTJaE_frame_00100347 pair 71 [4, 12] combined 156 players 78 retained 39 seconds 0.04412468895316124
sset_21_gloiZ_gTJaE_frame_00100347 pair 72 [4, 13] combined 312 players 0 retained 0 seconds 0.014280150178819895
sset_21_gloiZ_gTJaE_frame_00100347 pair 76 [5, 1] combined 65920 players 26880 retained 256 seconds 1.4714947822503746
sset_21_gloiZ_gTJaE_frame_00100347 pair 77 [5, 2] combined 102672 players 37572 retained 256 seconds 1.749240349046886
sset_21_gloiZ_gTJaE_frame_00100347 pair 79 [5, 4] combined 52164 players 19642 retained 256 seconds 1.3328713630326092
sset_21_gloiZ_gTJaE_frame_00100347 pair 83 [5, 9] combined 0 players 0 retained 0 seconds 0.05485222302377224
sset_21_gloiZ_gTJaE_frame_00100347 pair 87 [5, 13] combined 0 players 0 retained 0 seconds 0.0265457509085536
sset_21_gloiZ_gTJaE_frame_00100347 pair 88 [5, 14] combined 0 players 0 retained 0 seconds 0.030127924866974354
sset_21_gloiZ_gTJaE_frame_00100347 pair 89 [5, 15] combined 90112 players 0 retained 0 seconds 0.3019407978281379
sset_21_gloiZ_gTJaE_frame_00100347 pair 91 [6, 1] combined 35672 players 0 retained 0 seconds 0.11268748017027974
sset_21_gloiZ_gTJaE_frame_00100347 pair 92 [6, 2] combined 68608 players 4202 retained 256 seconds 0.3899531979113817
sset_21_gloiZ_gTJaE_frame_00100347 pair 94 [6, 4] combined 0 players 0 retained 0 seconds 0.017120109871029854
sset_21_gloiZ_gTJaE_frame_00100347 pair 97 [6, 8] combined 0 players 0 retained 0 seconds 0.008047849871218204
sset_21_gloiZ_gTJaE_frame_00100347 pair 98 [6, 9] combined 0 players 0 retained 0 seconds 0.006926944945007563
sset_21_gloiZ_gTJaE_frame_00100347 pair 99 [6, 10] combined 29008 players 0 retained 0 seconds 0.09051800100132823
sset_21_gloiZ_gTJaE_frame_00100347 pair 103 [6, 14] combined 0 players 0 retained 0 seconds 0.011616587173193693
sset_21_gloiZ_gTJaE_frame_00100347 pair 104 [6, 15] combined 0 players 0 retained 0 seconds 0.007097821682691574
sset_21_gloiZ_gTJaE_frame_00100347 pair 106 [7, 1] combined 0 players 0 retained 0 seconds 0.010724117048084736
sset_21_gloiZ_gTJaE_frame_00100347 pair 107 [7, 2] combined 0 players 0 retained 0 seconds 0.008788219187408686
sset_21_gloiZ_gTJaE_frame_00100347 pair 109 [7, 4] combined 12288 players 504 retained 246 seconds 0.12298439210280776
sset_21_gloiZ_gTJaE_frame_00100347 pair 112 [7, 8] combined 0 players 0 retained 0 seconds 0.007292088121175766
sset_21_gloiZ_gTJaE_frame_00100347 pair 113 [7, 9] combined 0 players 0 retained 0 seconds 0.005863181781023741
sset_21_gloiZ_gTJaE_frame_00100347 pair 114 [7, 10] combined 4324 players 0 retained 0 seconds 0.02293949807062745
sset_21_gloiZ_gTJaE_frame_00100347 pair 118 [7, 14] combined 0 players 0 retained 0 seconds 0.00824537593871355
sset_21_gloiZ_gTJaE_frame_00100347 pair 119 [7, 15] combined 0 players 0 retained 0 seconds 0.006299200933426619
sset_21_gloiZ_gTJaE_frame_00100347 pair 126 [8, 6] combined 0 players 0 retained 0 seconds 0.005367569159716368
sset_21_gloiZ_gTJaE_frame_00100347 pair 127 [8, 7] combined 0 players 0 retained 0 seconds 0.00441551161929965
sset_21_gloiZ_gTJaE_frame_00100347 pair 130 [8, 11] combined 0 players 0 retained 0 seconds 0.003958132117986679
sset_21_gloiZ_gTJaE_frame_00100347 pair 132 [8, 13] combined 0 players 0 retained 0 seconds 0.004184755031019449
sset_21_gloiZ_gTJaE_frame_00100347 pair 135 [9, 0] combined 0 players 0 retained 0 seconds 0.17826267518103123
sset_21_gloiZ_gTJaE_frame_00100347 pair 138 [9, 3] combined 848 players 418 retained 205 seconds 0.10500534623861313
sset_21_gloiZ_gTJaE_frame_00100347 pair 140 [9, 5] combined 332 players 158 retained 75 seconds 0.06704121734946966
sset_21_gloiZ_gTJaE_frame_00100347 pair 141 [9, 6] combined 0 players 0 retained 0 seconds 0.012755369767546654
sset_21_gloiZ_gTJaE_frame_00100347 pair 142 [9, 7] combined 0 players 0 retained 0 seconds 0.00549113005399704
sset_21_gloiZ_gTJaE_frame_00100347 pair 145 [9, 11] combined 0 players 0 retained 0 seconds 0.006155410781502724
sset_21_gloiZ_gTJaE_frame_00100347 pair 146 [9, 12] combined 0 players 0 retained 0 seconds 0.0052068037912249565
sset_21_gloiZ_gTJaE_frame_00100347 pair 147 [9, 13] combined 0 players 0 retained 0 seconds 0.004263890907168388
sset_21_gloiZ_gTJaE_frame_00100347 pair 156 [10, 6] combined 0 players 0 retained 0 seconds 0.017714626155793667
sset_21_gloiZ_gTJaE_frame_00100347 pair 157 [10, 7] combined 1976 players 0 retained 0 seconds 0.01499612582847476
sset_21_gloiZ_gTJaE_frame_00100347 pair 160 [10, 11] combined 0 players 0 retained 0 seconds 0.011893035843968391
sset_21_gloiZ_gTJaE_frame_00100347 pair 161 [10, 12] combined 12 players 6 retained 3 seconds 0.03195610083639622
sset_21_gloiZ_gTJaE_frame_00100347 pair 162 [10, 13] combined 56 players 0 retained 0 seconds 0.007658272981643677
sset_21_gloiZ_gTJaE_frame_00100347 pair 166 [11, 1] combined 22528 players 286 retained 146 seconds 0.12509545171633363
sset_21_gloiZ_gTJaE_frame_00100347 pair 167 [11, 2] combined 14336 players 28 retained 14 seconds 0.08835129207000136
sset_21_gloiZ_gTJaE_frame_00100347 pair 169 [11, 4] combined 3072 players 48 retained 25 seconds 0.056477385107427835
sset_21_gloiZ_gTJaE_frame_00100347 pair 173 [11, 8] combined 0 players 0 retained 0 seconds 0.006135019939392805
sset_21_gloiZ_gTJaE_frame_00100347 pair 174 [11, 9] combined 0 players 0 retained 0 seconds 0.005563273094594479
sset_21_gloiZ_gTJaE_frame_00100347 pair 175 [11, 10] combined 8284 players 134 retained 67 seconds 0.06535987509414554
sset_21_gloiZ_gTJaE_frame_00100347 pair 178 [11, 14] combined 736 players 0 retained 0 seconds 0.011818683240562677
sset_21_gloiZ_gTJaE_frame_00100347 pair 179 [11, 15] combined 0 players 0 retained 0 seconds 0.005172390025109053
sset_21_gloiZ_gTJaE_frame_00100347 pair 181 [12, 1] combined 2160 players 930 retained 256 seconds 0.09999122517183423
sset_21_gloiZ_gTJaE_frame_00100347 pair 182 [12, 2] combined 1020 players 264 retained 132 seconds 0.0637088748626411
sset_21_gloiZ_gTJaE_frame_00100347 pair 184 [12, 4] combined 232 players 36 retained 18 seconds 0.04284180095419288
sset_21_gloiZ_gTJaE_frame_00100347 pair 189 [12, 9] combined 0 players 0 retained 0 seconds 0.005465767811983824
sset_21_gloiZ_gTJaE_frame_00100347 pair 190 [12, 10] combined 372 players 180 retained 87 seconds 0.044739008881151676
sset_21_gloiZ_gTJaE_frame_00100347 pair 193 [12, 14] combined 160 players 0 retained 0 seconds 0.008463036734610796
sset_21_gloiZ_gTJaE_frame_00100347 pair 194 [12, 15] combined 0 players 0 retained 0 seconds 0.005837511736899614
sset_21_gloiZ_gTJaE_frame_00100347 pair 195 [13, 0] combined 0 players 0 retained 0 seconds 0.28526795422658324
sset_21_gloiZ_gTJaE_frame_00100347 pair 196 [13, 1] combined 2048 players 246 retained 119 seconds 0.07157037407159805
sset_21_gloiZ_gTJaE_frame_00100347 pair 197 [13, 2] combined 3072 players 426 retained 208 seconds 0.10030652489513159
sset_21_gloiZ_gTJaE_frame_00100347 pair 198 [13, 3] combined 0 players 0 retained 0 seconds 0.06378973135724664
sset_21_gloiZ_gTJaE_frame_00100347 pair 199 [13, 4] combined 3072 players 120 retained 59 seconds 0.06834686826914549
sset_21_gloiZ_gTJaE_frame_00100347 pair 200 [13, 5] combined 0 players 0 retained 0 seconds 0.07198958192020655
sset_21_gloiZ_gTJaE_frame_00100347 pair 203 [13, 8] combined 0 players 0 retained 0 seconds 0.005171514116227627
sset_21_gloiZ_gTJaE_frame_00100347 pair 204 [13, 9] combined 16 players 0 retained 0 seconds 0.004848376382142305
sset_21_gloiZ_gTJaE_frame_00100347 pair 205 [13, 10] combined 3168 players 0 retained 0 seconds 0.019860943779349327
sset_21_gloiZ_gTJaE_frame_00100347 pair 210 [14, 0] combined 0 players 0 retained 0 seconds 0.039755781181156635
sset_21_gloiZ_gTJaE_frame_00100347 pair 213 [14, 3] combined 0 players 0 retained 0 seconds 0.015993568114936352
sset_21_gloiZ_gTJaE_frame_00100347 pair 215 [14, 5] combined 0 players 0 retained 0 seconds 0.015923547092825174
sset_21_gloiZ_gTJaE_frame_00100347 pair 216 [14, 6] combined 0 players 0 retained 0 seconds 0.014768405351787806
sset_21_gloiZ_gTJaE_frame_00100347 pair 217 [14, 7] combined 0 players 0 retained 0 seconds 0.008184127975255251
sset_21_gloiZ_gTJaE_frame_00100347 pair 221 [14, 11] combined 0 players 0 retained 0 seconds 0.010688500013202429
sset_21_gloiZ_gTJaE_frame_00100347 pair 222 [14, 12] combined 480 players 0 retained 0 seconds 0.010681865736842155
sset_21_gloiZ_gTJaE_frame_00100347 pair 225 [15, 0] combined 5120 players 20 retained 10 seconds 0.5246335370466113
sset_21_gloiZ_gTJaE_frame_00100347 pair 228 [15, 3] combined 3072 players 6 retained 3 seconds 0.10375901591032743
sset_21_gloiZ_gTJaE_frame_00100347 pair 230 [15, 5] combined 3072 players 20 retained 10 seconds 0.10630009789019823
sset_21_gloiZ_gTJaE_frame_00100347 pair 231 [15, 6] combined 0 players 0 retained 0 seconds 0.010824879165738821
sset_21_gloiZ_gTJaE_frame_00100347 pair 232 [15, 7] combined 0 players 0 retained 0 seconds 0.007792755961418152
sset_21_gloiZ_gTJaE_frame_00100347 pair 236 [15, 11] combined 0 players 0 retained 0 seconds 0.005523900967091322
sset_21_gloiZ_gTJaE_frame_00100347 pair 237 [15, 12] combined 0 players 0 retained 0 seconds 0.006993061397224665
sset_21_gloiZ_gTJaE_frame_00100347 pair 0 [0, 1] combined 0 players 0 retained 0 seconds 0.0189175708219409
sset_21_gloiZ_gTJaE_frame_00100347 pair 1 [0, 2] combined 0 players 0 retained 0 seconds 0.019447957165539265
sset_21_gloiZ_gTJaE_frame_00100347 pair 3 [0, 4] combined 0 players 0 retained 0 seconds 0.019360695034265518
sset_21_gloiZ_gTJaE_frame_00100347 pair 8 [0, 9] combined 0 players 0 retained 0 seconds 0.01827908493578434
sset_21_gloiZ_gTJaE_frame_00100347 pair 12 [0, 13] combined 0 players 0 retained 0 seconds 0.011771243996918201
sset_21_gloiZ_gTJaE_frame_00100347 pair 13 [0, 14] combined 0 players 0 retained 0 seconds 0.011632136069238186
sset_21_gloiZ_gTJaE_frame_00100347 pair 14 [0, 15] combined 29184 players 0 retained 0 seconds 0.3137263162061572
sset_21_gloiZ_gTJaE_frame_00100347 pair 15 [1, 0] combined 0 players 0 retained 0 seconds 0.014931323938071728
sset_21_gloiZ_gTJaE_frame_00100347 pair 17 [1, 3] combined 0 players 0 retained 0 seconds 0.006163792684674263
sset_21_gloiZ_gTJaE_frame_00100347 pair 19 [1, 5] combined 0 players 0 retained 0 seconds 0.005839708261191845
sset_21_gloiZ_gTJaE_frame_00100347 pair 20 [1, 6] combined 0 players 0 retained 0 seconds 0.003344236873090267
sset_21_gloiZ_gTJaE_frame_00100347 pair 21 [1, 7] combined 0 players 0 retained 0 seconds 0.0031416076235473156
sset_21_gloiZ_gTJaE_frame_00100347 pair 25 [1, 11] combined 0 players 0 retained 0 seconds 0.0036737541668117046
sset_21_gloiZ_gTJaE_frame_00100347 pair 26 [1, 12] combined 0 players 0 retained 0 seconds 0.0027372539043426514
sset_21_gloiZ_gTJaE_frame_00100347 pair 27 [1, 13] combined 0 players 0 retained 0 seconds 0.0023368559777736664
sset_21_gloiZ_gTJaE_frame_00100347 pair 30 [2, 0] combined 0 players 0 retained 0 seconds 0.014599100686609745
sset_21_gloiZ_gTJaE_frame_00100347 pair 32 [2, 3] combined 0 players 0 retained 0 seconds 0.00596847478300333
sset_21_gloiZ_gTJaE_frame_00100347 pair 34 [2, 5] combined 0 players 0 retained 0 seconds 0.006777584087103605
sset_21_gloiZ_gTJaE_frame_00100347 pair 35 [2, 6] combined 0 players 0 retained 0 seconds 0.0032920679077506065
sset_21_gloiZ_gTJaE_frame_00100347 pair 36 [2, 7] combined 0 players 0 retained 0 seconds 0.002842043060809374
sset_21_gloiZ_gTJaE_frame_00100347 pair 40 [2, 11] combined 0 players 0 retained 0 seconds 0.005367096047848463
sset_21_gloiZ_gTJaE_frame_00100347 pair 41 [2, 12] combined 0 players 0 retained 0 seconds 0.0028271633200347424
sset_21_gloiZ_gTJaE_frame_00100347 pair 42 [2, 13] combined 0 players 0 retained 0 seconds 0.0026161479763686657
sset_21_gloiZ_gTJaE_frame_00100347 pair 46 [3, 1] combined 0 players 0 retained 0 seconds 0.007233242969959974
sset_21_gloiZ_gTJaE_frame_00100347 pair 47 [3, 2] combined 0 players 0 retained 0 seconds 0.007330139167606831
sset_21_gloiZ_gTJaE_frame_00100347 pair 48 [3, 4] combined 0 players 0 retained 0 seconds 0.007893553003668785
sset_21_gloiZ_gTJaE_frame_00100347 pair 53 [3, 9] combined 0 players 0 retained 0 seconds 0.007216941099613905
sset_21_gloiZ_gTJaE_frame_00100347 pair 57 [3, 13] combined 0 players 0 retained 0 seconds 0.004586555063724518
sset_21_gloiZ_gTJaE_frame_00100347 pair 58 [3, 14] combined 0 players 0 retained 0 seconds 0.005131194833666086
sset_21_gloiZ_gTJaE_frame_00100347 pair 59 [3, 15] combined 1044 players 0 retained 0 seconds 0.011119413189589977
sset_21_gloiZ_gTJaE_frame_00100347 pair 60 [4, 0] combined 0 players 0 retained 0 seconds 0.014443066902458668
sset_21_gloiZ_gTJaE_frame_00100347 pair 63 [4, 3] combined 0 players 0 retained 0 seconds 0.006165520753711462
sset_21_gloiZ_gTJaE_frame_00100347 pair 64 [4, 5] combined 0 players 0 retained 0 seconds 0.006256690248847008
sset_21_gloiZ_gTJaE_frame_00100347 pair 65 [4, 6] combined 0 players 0 retained 0 seconds 0.0042847213335335255
sset_21_gloiZ_gTJaE_frame_00100347 pair 66 [4, 7] combined 656 players 0 retained 0 seconds 0.008534451015293598
sset_21_gloiZ_gTJaE_frame_00100347 pair 70 [4, 11] combined 0 players 0 retained 0 seconds 0.005154781974852085
sset_21_gloiZ_gTJaE_frame_00100347 pair 71 [4, 12] combined 0 players 0 retained 0 seconds 0.003468457143753767
sset_21_gloiZ_gTJaE_frame_00100347 pair 72 [4, 13] combined 0 players 0 retained 0 seconds 0.002816789783537388
sset_21_gloiZ_gTJaE_frame_00100347 pair 76 [5, 1] combined 0 players 0 retained 0 seconds 0.007502885069698095
sset_21_gloiZ_gTJaE_frame_00100347 pair 77 [5, 2] combined 0 players 0 retained 0 seconds 0.0077324132435023785
sset_21_gloiZ_gTJaE_frame_00100347 pair 79 [5, 4] combined 0 players 0 retained 0 seconds 0.007965703029185534
sset_21_gloiZ_gTJaE_frame_00100347 pair 83 [5, 9] combined 0 players 0 retained 0 seconds 0.007247406989336014
sset_21_gloiZ_gTJaE_frame_00100347 pair 87 [5, 13] combined 0 players 0 retained 0 seconds 0.005034517031162977
sset_21_gloiZ_gTJaE_frame_00100347 pair 88 [5, 14] combined 0 players 0 retained 0 seconds 0.005144520662724972
sset_21_gloiZ_gTJaE_frame_00100347 pair 89 [5, 15] combined 672 players 0 retained 0 seconds 0.008245507255196571
sset_21_gloiZ_gTJaE_frame_00100347 pair 91 [6, 1] combined 0 players 0 retained 0 seconds 0.0032680542208254337
sset_21_gloiZ_gTJaE_frame_00100347 pair 92 [6, 2] combined 128 players 24 retained 12 seconds 0.030077002942562103
sset_21_gloiZ_gTJaE_frame_00100347 pair 94 [6, 4] combined 0 players 0 retained 0 seconds 0.004045478999614716
sset_21_gloiZ_gTJaE_frame_00100347 pair 97 [6, 8] combined 0 players 0 retained 0 seconds 0.0025094347074627876
sset_21_gloiZ_gTJaE_frame_00100347 pair 98 [6, 9] combined 0 players 0 retained 0 seconds 0.002842152025550604
sset_21_gloiZ_gTJaE_frame_00100347 pair 99 [6, 10] combined 0 players 0 retained 0 seconds 0.002856040373444557
sset_21_gloiZ_gTJaE_frame_00100347 pair 103 [6, 14] combined 0 players 0 retained 0 seconds 0.003063565120100975
sset_21_gloiZ_gTJaE_frame_00100347 pair 104 [6, 15] combined 0 players 0 retained 0 seconds 0.0030090357176959515
sset_21_gloiZ_gTJaE_frame_00100347 pair 106 [7, 1] combined 0 players 0 retained 0 seconds 0.0033757761120796204
sset_21_gloiZ_gTJaE_frame_00100347 pair 107 [7, 2] combined 0 players 0 retained 0 seconds 0.003162385430186987
sset_21_gloiZ_gTJaE_frame_00100347 pair 109 [7, 4] combined 432 players 4 retained 2 seconds 0.030812674667686224
sset_21_gloiZ_gTJaE_frame_00100347 pair 112 [7, 8] combined 0 players 0 retained 0 seconds 0.003415423445403576
sset_21_gloiZ_gTJaE_frame_00100347 pair 113 [7, 9] combined 0 players 0 retained 0 seconds 0.003460320644080639
sset_21_gloiZ_gTJaE_frame_00100347 pair 114 [7, 10] combined 0 players 0 retained 0 seconds 0.0034930240362882614
sset_21_gloiZ_gTJaE_frame_00100347 pair 118 [7, 14] combined 0 players 0 retained 0 seconds 0.0035055140033364296
sset_21_gloiZ_gTJaE_frame_00100347 pair 119 [7, 15] combined 0 players 0 retained 0 seconds 0.0034921211190521717
sset_21_gloiZ_gTJaE_frame_00100347 pair 126 [8, 6] combined 0 players 0 retained 0 seconds 0.0022386210039258003
sset_21_gloiZ_gTJaE_frame_00100347 pair 127 [8, 7] combined 0 players 0 retained 0 seconds 0.0024201511405408382
sset_21_gloiZ_gTJaE_frame_00100347 pair 130 [8, 11] combined 0 players 0 retained 0 seconds 0.0022880639880895615
sset_21_gloiZ_gTJaE_frame_00100347 pair 132 [8, 13] combined 0 players 0 retained 0 seconds 0.001840486191213131
sset_21_gloiZ_gTJaE_frame_00100347 pair 135 [9, 0] combined 0 players 0 retained 0 seconds 0.01372394198551774
sset_21_gloiZ_gTJaE_frame_00100347 pair 138 [9, 3] combined 20 players 10 retained 5 seconds 0.03039596462622285
sset_21_gloiZ_gTJaE_frame_00100347 pair 140 [9, 5] combined 0 players 0 retained 0 seconds 0.006092761177569628
sset_21_gloiZ_gTJaE_frame_00100347 pair 141 [9, 6] combined 0 players 0 retained 0 seconds 0.0035926070995628834
sset_21_gloiZ_gTJaE_frame_00100347 pair 142 [9, 7] combined 0 players 0 retained 0 seconds 0.0032176682725548744
sset_21_gloiZ_gTJaE_frame_00100347 pair 145 [9, 11] combined 0 players 0 retained 0 seconds 0.0028567821718752384
sset_21_gloiZ_gTJaE_frame_00100347 pair 146 [9, 12] combined 0 players 0 retained 0 seconds 0.0022148890420794487
sset_21_gloiZ_gTJaE_frame_00100347 pair 147 [9, 13] combined 0 players 0 retained 0 seconds 0.0022311988286674023
sset_21_gloiZ_gTJaE_frame_00100347 pair 156 [10, 6] combined 0 players 0 retained 0 seconds 0.0027308929711580276
sset_21_gloiZ_gTJaE_frame_00100347 pair 157 [10, 7] combined 0 players 0 retained 0 seconds 0.0029360130429267883
sset_21_gloiZ_gTJaE_frame_00100347 pair 160 [10, 11] combined 0 players 0 retained 0 seconds 0.0029698479920625687
sset_21_gloiZ_gTJaE_frame_00100347 pair 161 [10, 12] combined 0 players 0 retained 0 seconds 0.0019055861048400402
sset_21_gloiZ_gTJaE_frame_00100347 pair 162 [10, 13] combined 0 players 0 retained 0 seconds 0.0018099499866366386
sset_21_gloiZ_gTJaE_frame_00100347 pair 166 [11, 1] combined 12 players 0 retained 0 seconds 0.003939921967685223
sset_21_gloiZ_gTJaE_frame_00100347 pair 167 [11, 2] combined 120 players 0 retained 0 seconds 0.0049863881431519985
sset_21_gloiZ_gTJaE_frame_00100347 pair 169 [11, 4] combined 0 players 0 retained 0 seconds 0.00400100601837039
sset_21_gloiZ_gTJaE_frame_00100347 pair 173 [11, 8] combined 0 players 0 retained 0 seconds 0.002738574054092169
sset_21_gloiZ_gTJaE_frame_00100347 pair 174 [11, 9] combined 4 players 0 retained 0 seconds 0.0031535630114376545
sset_21_gloiZ_gTJaE_frame_00100347 pair 175 [11, 10] combined 0 players 0 retained 0 seconds 0.0030868309549987316
sset_21_gloiZ_gTJaE_frame_00100347 pair 178 [11, 14] combined 4 players 0 retained 0 seconds 0.0034991572611033916
sset_21_gloiZ_gTJaE_frame_00100347 pair 179 [11, 15] combined 0 players 0 retained 0 seconds 0.002914834301918745
sset_21_gloiZ_gTJaE_frame_00100347 pair 181 [12, 1] combined 0 players 0 retained 0 seconds 0.0025496450252830982
sset_21_gloiZ_gTJaE_frame_00100347 pair 182 [12, 2] combined 0 players 0 retained 0 seconds 0.002778933849185705
sset_21_gloiZ_gTJaE_frame_00100347 pair 184 [12, 4] combined 0 players 0 retained 0 seconds 0.002808443270623684
sset_21_gloiZ_gTJaE_frame_00100347 pair 189 [12, 9] combined 0 players 0 retained 0 seconds 0.002330025192350149
sset_21_gloiZ_gTJaE_frame_00100347 pair 190 [12, 10] combined 0 players 0 retained 0 seconds 0.0018572262488305569
sset_21_gloiZ_gTJaE_frame_00100347 pair 193 [12, 14] combined 0 players 0 retained 0 seconds 0.002404153347015381
sset_21_gloiZ_gTJaE_frame_00100347 pair 194 [12, 15] combined 0 players 0 retained 0 seconds 0.002690998837351799
sset_21_gloiZ_gTJaE_frame_00100347 pair 195 [13, 0] combined 0 players 0 retained 0 seconds 0.01246774010360241
sset_21_gloiZ_gTJaE_frame_00100347 pair 196 [13, 1] combined 0 players 0 retained 0 seconds 0.0029007229022681713
sset_21_gloiZ_gTJaE_frame_00100347 pair 197 [13, 2] combined 0 players 0 retained 0 seconds 0.003601685632020235
sset_21_gloiZ_gTJaE_frame_00100347 pair 198 [13, 3] combined 0 players 0 retained 0 seconds 0.0052573480643332005
sset_21_gloiZ_gTJaE_frame_00100347 pair 199 [13, 4] combined 0 players 0 retained 0 seconds 0.0034474851563572884
sset_21_gloiZ_gTJaE_frame_00100347 pair 200 [13, 5] combined 0 players 0 retained 0 seconds 0.006374520715326071
sset_21_gloiZ_gTJaE_frame_00100347 pair 203 [13, 8] combined 0 players 0 retained 0 seconds 0.002117470372468233
sset_21_gloiZ_gTJaE_frame_00100347 pair 204 [13, 9] combined 0 players 0 retained 0 seconds 0.0024320147931575775
sset_21_gloiZ_gTJaE_frame_00100347 pair 205 [13, 10] combined 0 players 0 retained 0 seconds 0.0018137157894670963
sset_21_gloiZ_gTJaE_frame_00100347 pair 210 [14, 0] combined 0 players 0 retained 0 seconds 0.005935760214924812
sset_21_gloiZ_gTJaE_frame_00100347 pair 213 [14, 3] combined 0 players 0 retained 0 seconds 0.0036541237495839596
sset_21_gloiZ_gTJaE_frame_00100347 pair 215 [14, 5] combined 0 players 0 retained 0 seconds 0.0033755130134522915
sset_21_gloiZ_gTJaE_frame_00100347 pair 216 [14, 6] combined 0 players 0 retained 0 seconds 0.0037743709981441498
sset_21_gloiZ_gTJaE_frame_00100347 pair 217 [14, 7] combined 0 players 0 retained 0 seconds 0.00307046202942729
sset_21_gloiZ_gTJaE_frame_00100347 pair 221 [14, 11] combined 0 players 0 retained 0 seconds 0.0031947819516062737
sset_21_gloiZ_gTJaE_frame_00100347 pair 222 [14, 12] combined 0 players 0 retained 0 seconds 0.002294803038239479
sset_21_gloiZ_gTJaE_frame_00100347 pair 225 [15, 0] combined 0 players 0 retained 0 seconds 0.042550429701805115
sset_21_gloiZ_gTJaE_frame_00100347 pair 228 [15, 3] combined 0 players 0 retained 0 seconds 0.009331549052149057
sset_21_gloiZ_gTJaE_frame_00100347 pair 230 [15, 5] combined 0 players 0 retained 0 seconds 0.010306105017662048
sset_21_gloiZ_gTJaE_frame_00100347 pair 231 [15, 6] combined 0 players 0 retained 0 seconds 0.003271716181188822
sset_21_gloiZ_gTJaE_frame_00100347 pair 232 [15, 7] combined 0 players 0 retained 0 seconds 0.004079762380570173
sset_21_gloiZ_gTJaE_frame_00100347 pair 236 [15, 11] combined 0 players 0 retained 0 seconds 0.0032275980338454247
sset_21_gloiZ_gTJaE_frame_00100347 pair 237 [15, 12] combined 0 players 0 retained 0 seconds 0.0027498137205839157
[sset_21_gloiZ_gTJaE_frame_00100347] line-template: preparing rectangles
[sset_21_gloiZ_gTJaE_frame_00100347] measuring 531 parents (G0=256, G1=19, line_template=256; conflicting geometry groups=0)
[sset_21_gloiZ_gTJaE_frame_00100347] parents 250/531
[sset_21_gloiZ_gTJaE_frame_00100347] parents 500/531
[sset_21_gloiZ_gTJaE_frame_00100347] refitting 531 parents
[sset_21_gloiZ_gTJaE_frame_00100347] refits 250/531; valid children=250
[sset_21_gloiZ_gTJaE_frame_00100347] refits 500/531; valid children=476
{"view_id": "sset_21_gloiZ_gTJaE_frame_00100347", "chosen_key": "G0:47:12538/child", "no_court_reason": null, "all_checks_equal": true, "error": null}
sset_21_gloiZ_gTJaE_frame_00000300 pair 0 [0, 1] combined 0 players 0 retained 0 seconds 0.16894803382456303
sset_21_gloiZ_gTJaE_frame_00000300 pair 1 [0, 2] combined 0 players 0 retained 0 seconds 0.16310381470248103
sset_21_gloiZ_gTJaE_frame_00000300 pair 3 [0, 4] combined 0 players 0 retained 0 seconds 0.15532331727445126
sset_21_gloiZ_gTJaE_frame_00000300 pair 4 [0, 5] combined 0 players 0 retained 0 seconds 0.16092025209218264
sset_21_gloiZ_gTJaE_frame_00000300 pair 5 [0, 6] combined 0 players 0 retained 0 seconds 0.15819618292152882
sset_21_gloiZ_gTJaE_frame_00000300 pair 6 [0, 7] combined 0 players 0 retained 0 seconds 0.1587710320018232
sset_21_gloiZ_gTJaE_frame_00000300 pair 8 [0, 9] combined 0 players 0 retained 0 seconds 0.15642407070845366
sset_21_gloiZ_gTJaE_frame_00000300 pair 10 [0, 11] combined 0 players 0 retained 0 seconds 0.15191877400502563
sset_21_gloiZ_gTJaE_frame_00000300 pair 13 [0, 14] combined 0 players 0 retained 0 seconds 0.15638029901310802
sset_21_gloiZ_gTJaE_frame_00000300 pair 15 [1, 0] combined 0 players 0 retained 0 seconds 0.09866127697750926
sset_21_gloiZ_gTJaE_frame_00000300 pair 16 [1, 2] combined 0 players 0 retained 0 seconds 0.06022555008530617
sset_21_gloiZ_gTJaE_frame_00000300 pair 17 [1, 3] combined 0 players 0 retained 0 seconds 0.08173724124208093
sset_21_gloiZ_gTJaE_frame_00000300 pair 18 [1, 4] combined 0 players 0 retained 0 seconds 0.05344418529421091
sset_21_gloiZ_gTJaE_frame_00000300 pair 21 [1, 7] combined 0 players 0 retained 0 seconds 0.055464972741901875
sset_21_gloiZ_gTJaE_frame_00000300 pair 22 [1, 8] combined 0 players 0 retained 0 seconds 0.05464892415329814
sset_21_gloiZ_gTJaE_frame_00000300 pair 24 [1, 10] combined 0 players 0 retained 0 seconds 0.05382999684661627
sset_21_gloiZ_gTJaE_frame_00000300 pair 25 [1, 11] combined 0 players 0 retained 0 seconds 0.05224111024290323
sset_21_gloiZ_gTJaE_frame_00000300 pair 26 [1, 12] combined 0 players 0 retained 0 seconds 0.06016305461525917
sset_21_gloiZ_gTJaE_frame_00000300 pair 28 [1, 14] combined 0 players 0 retained 0 seconds 0.05246251821517944
sset_21_gloiZ_gTJaE_frame_00000300 pair 29 [1, 15] combined 0 players 0 retained 0 seconds 0.052882170770317316
sset_21_gloiZ_gTJaE_frame_00000300 pair 30 [2, 0] combined 0 players 0 retained 0 seconds 0.0815854468382895
sset_21_gloiZ_gTJaE_frame_00000300 pair 31 [2, 1] combined 0 players 0 retained 0 seconds 0.049275316298007965
sset_21_gloiZ_gTJaE_frame_00000300 pair 32 [2, 3] combined 0 players 0 retained 0 seconds 0.06621909700334072
sset_21_gloiZ_gTJaE_frame_00000300 pair 34 [2, 5] combined 0 players 0 retained 0 seconds 0.04144149227067828
sset_21_gloiZ_gTJaE_frame_00000300 pair 35 [2, 6] combined 0 players 0 retained 0 seconds 0.039334625005722046
sset_21_gloiZ_gTJaE_frame_00000300 pair 38 [2, 9] combined 0 players 0 retained 0 seconds 0.03743541520088911
sset_21_gloiZ_gTJaE_frame_00000300 pair 41 [2, 12] combined 0 players 0 retained 0 seconds 0.04365176195278764
sset_21_gloiZ_gTJaE_frame_00000300 pair 42 [2, 13] combined 0 players 0 retained 0 seconds 0.03540176525712013
sset_21_gloiZ_gTJaE_frame_00000300 pair 46 [3, 1] combined 0 players 0 retained 0 seconds 0.12110125925391912
sset_21_gloiZ_gTJaE_frame_00000300 pair 47 [3, 2] combined 0 players 0 retained 0 seconds 0.11343557806685567
sset_21_gloiZ_gTJaE_frame_00000300 pair 48 [3, 4] combined 0 players 0 retained 0 seconds 0.10829989798367023
sset_21_gloiZ_gTJaE_frame_00000300 pair 49 [3, 5] combined 0 players 0 retained 0 seconds 0.11018729582428932
sset_21_gloiZ_gTJaE_frame_00000300 pair 50 [3, 6] combined 0 players 0 retained 0 seconds 0.10769200418144464
sset_21_gloiZ_gTJaE_frame_00000300 pair 51 [3, 7] combined 0 players 0 retained 0 seconds 0.10952035477384925
sset_21_gloiZ_gTJaE_frame_00000300 pair 53 [3, 9] combined 0 players 0 retained 0 seconds 0.10597009304910898
sset_21_gloiZ_gTJaE_frame_00000300 pair 55 [3, 11] combined 0 players 0 retained 0 seconds 0.1048593963496387
sset_21_gloiZ_gTJaE_frame_00000300 pair 58 [3, 14] combined 0 players 0 retained 0 seconds 0.10563467629253864
sset_21_gloiZ_gTJaE_frame_00000300 pair 60 [4, 0] combined 0 players 0 retained 0 seconds 0.05737782269716263
sset_21_gloiZ_gTJaE_frame_00000300 pair 61 [4, 1] combined 0 players 0 retained 0 seconds 0.027079015970230103
sset_21_gloiZ_gTJaE_frame_00000300 pair 63 [4, 3] combined 0 players 0 retained 0 seconds 0.044968951027840376
sset_21_gloiZ_gTJaE_frame_00000300 pair 64 [4, 5] combined 0 players 0 retained 0 seconds 0.018702814355492592
sset_21_gloiZ_gTJaE_frame_00000300 pair 65 [4, 6] combined 0 players 0 retained 0 seconds 0.016845848876982927
sset_21_gloiZ_gTJaE_frame_00000300 pair 68 [4, 9] combined 0 players 0 retained 0 seconds 0.014819586649537086
sset_21_gloiZ_gTJaE_frame_00000300 pair 71 [4, 12] combined 0 players 0 retained 0 seconds 0.020659733563661575
sset_21_gloiZ_gTJaE_frame_00000300 pair 75 [5, 0] combined 0 players 0 retained 0 seconds 0.07262230291962624
sset_21_gloiZ_gTJaE_frame_00000300 pair 77 [5, 2] combined 0 players 0 retained 0 seconds 0.03572126617655158
sset_21_gloiZ_gTJaE_frame_00000300 pair 78 [5, 3] combined 0 players 0 retained 0 seconds 0.0586098600178957
sset_21_gloiZ_gTJaE_frame_00000300 pair 79 [5, 4] combined 0 players 0 retained 0 seconds 0.028544635977596045
sset_21_gloiZ_gTJaE_frame_00000300 pair 81 [5, 7] combined 0 players 0 retained 0 seconds 0.030619259923696518
sset_21_gloiZ_gTJaE_frame_00000300 pair 82 [5, 8] combined 0 players 0 retained 0 seconds 0.02865893905982375
sset_21_gloiZ_gTJaE_frame_00000300 pair 84 [5, 10] combined 0 players 0 retained 0 seconds 0.028287779074162245
sset_21_gloiZ_gTJaE_frame_00000300 pair 85 [5, 11] combined 0 players 0 retained 0 seconds 0.026495747733861208
sset_21_gloiZ_gTJaE_frame_00000300 pair 88 [5, 14] combined 0 players 0 retained 0 seconds 0.026878357864916325
sset_21_gloiZ_gTJaE_frame_00000300 pair 89 [5, 15] combined 0 players 0 retained 0 seconds 0.026716968044638634
sset_21_gloiZ_gTJaE_frame_00000300 pair 90 [6, 0] combined 0 players 0 retained 0 seconds 0.06453054491430521
sset_21_gloiZ_gTJaE_frame_00000300 pair 92 [6, 2] combined 0 players 0 retained 0 seconds 0.026791678275913
sset_21_gloiZ_gTJaE_frame_00000300 pair 93 [6, 3] combined 0 players 0 retained 0 seconds 0.04936645179986954
sset_21_gloiZ_gTJaE_frame_00000300 pair 94 [6, 4] combined 0 players 0 retained 0 seconds 0.020841154735535383
sset_21_gloiZ_gTJaE_frame_00000300 pair 96 [6, 7] combined 0 players 0 retained 0 seconds 0.02182377502322197
sset_21_gloiZ_gTJaE_frame_00000300 pair 97 [6, 8] combined 0 players 0 retained 0 seconds 0.020387242082506418
sset_21_gloiZ_gTJaE_frame_00000300 pair 99 [6, 10] combined 0 players 0 retained 0 seconds 0.019742666743695736
sset_21_gloiZ_gTJaE_frame_00000300 pair 100 [6, 11] combined 0 players 0 retained 0 seconds 0.01737275207415223
sset_21_gloiZ_gTJaE_frame_00000300 pair 101 [6, 12] combined 0 players 0 retained 0 seconds 0.027078276965767145
sset_21_gloiZ_gTJaE_frame_00000300 pair 103 [6, 14] combined 0 players 0 retained 0 seconds 0.01927730068564415
sset_21_gloiZ_gTJaE_frame_00000300 pair 104 [6, 15] combined 0 players 0 retained 0 seconds 0.019024093635380268
sset_21_gloiZ_gTJaE_frame_00000300 pair 105 [7, 0] combined 0 players 0 retained 0 seconds 0.06495893187820911
sset_21_gloiZ_gTJaE_frame_00000300 pair 106 [7, 1] combined 0 players 0 retained 0 seconds 0.03185034217312932
sset_21_gloiZ_gTJaE_frame_00000300 pair 108 [7, 3] combined 0 players 0 retained 0 seconds 0.05041605466976762
sset_21_gloiZ_gTJaE_frame_00000300 pair 110 [7, 5] combined 0 players 0 retained 0 seconds 0.023621211759746075
sset_21_gloiZ_gTJaE_frame_00000300 pair 111 [7, 6] combined 0 players 0 retained 0 seconds 0.02069757878780365
sset_21_gloiZ_gTJaE_frame_00000300 pair 113 [7, 9] combined 0 players 0 retained 0 seconds 0.020833559334278107
sset_21_gloiZ_gTJaE_frame_00000300 pair 116 [7, 12] combined 0 players 0 retained 0 seconds 0.027332772966474295
sset_21_gloiZ_gTJaE_frame_00000300 pair 117 [7, 13] combined 0 players 0 retained 0 seconds 0.01876043388620019
sset_21_gloiZ_gTJaE_frame_00000300 pair 121 [8, 1] combined 0 players 0 retained 0 seconds 0.02747355494648218
sset_21_gloiZ_gTJaE_frame_00000300 pair 125 [8, 5] combined 0 players 0 retained 0 seconds 0.01972086075693369
sset_21_gloiZ_gTJaE_frame_00000300 pair 126 [8, 6] combined 0 players 0 retained 0 seconds 0.017138974275439978
sset_21_gloiZ_gTJaE_frame_00000300 pair 128 [8, 9] combined 0 players 0 retained 0 seconds 0.013696904294192791
sset_21_gloiZ_gTJaE_frame_00000300 pair 135 [9, 0] combined 0 players 0 retained 0 seconds 0.05703670112416148
sset_21_gloiZ_gTJaE_frame_00000300 pair 137 [9, 2] combined 0 players 0 retained 0 seconds 0.021714418195188046
sset_21_gloiZ_gTJaE_frame_00000300 pair 138 [9, 3] combined 0 players 0 retained 0 seconds 0.04228294733911753
sset_21_gloiZ_gTJaE_frame_00000300 pair 139 [9, 4] combined 0 players 0 retained 0 seconds 0.015357301104813814
sset_21_gloiZ_gTJaE_frame_00000300 pair 142 [9, 7] combined 0 players 0 retained 0 seconds 0.016469312831759453
sset_21_gloiZ_gTJaE_frame_00000300 pair 143 [9, 8] combined 0 players 0 retained 0 seconds 0.013427868951112032
sset_21_gloiZ_gTJaE_frame_00000300 pair 144 [9, 10] combined 0 players 0 retained 0 seconds 0.014667595736682415
sset_21_gloiZ_gTJaE_frame_00000300 pair 145 [9, 11] combined 0 players 0 retained 0 seconds 0.013462626840919256
sset_21_gloiZ_gTJaE_frame_00000300 pair 148 [9, 14] combined 0 players 0 retained 0 seconds 0.013770196121186018
sset_21_gloiZ_gTJaE_frame_00000300 pair 149 [9, 15] combined 0 players 0 retained 0 seconds 0.01380134979262948
sset_21_gloiZ_gTJaE_frame_00000300 pair 151 [10, 1] combined 0 players 0 retained 0 seconds 0.025929825846105814
sset_21_gloiZ_gTJaE_frame_00000300 pair 155 [10, 5] combined 0 players 0 retained 0 seconds 0.018249277025461197
sset_21_gloiZ_gTJaE_frame_00000300 pair 156 [10, 6] combined 0 players 0 retained 0 seconds 0.015401454642415047
sset_21_gloiZ_gTJaE_frame_00000300 pair 159 [10, 9] combined 0 players 0 retained 0 seconds 0.013815505895763636
sset_21_gloiZ_gTJaE_frame_00000300 pair 165 [11, 0] combined 0 players 0 retained 0 seconds 0.051659227814525366
sset_21_gloiZ_gTJaE_frame_00000300 pair 166 [11, 1] combined 0 players 0 retained 0 seconds 0.022775845136493444
sset_21_gloiZ_gTJaE_frame_00000300 pair 168 [11, 3] combined 0 players 0 retained 0 seconds 0.03931039199233055
sset_21_gloiZ_gTJaE_frame_00000300 pair 170 [11, 5] combined 0 players 0 retained 0 seconds 0.013809065334498882
sset_21_gloiZ_gTJaE_frame_00000300 pair 171 [11, 6] combined 0 players 0 retained 0 seconds 0.011180411092936993
sset_21_gloiZ_gTJaE_frame_00000300 pair 174 [11, 9] combined 0 players 0 retained 0 seconds 0.011039967183023691
sset_21_gloiZ_gTJaE_frame_00000300 pair 176 [11, 12] combined 0 players 0 retained 0 seconds 0.016491270158439875
sset_21_gloiZ_gTJaE_frame_00000300 pair 181 [12, 1] combined 0 players 0 retained 0 seconds 0.04917565593495965
sset_21_gloiZ_gTJaE_frame_00000300 pair 182 [12, 2] combined 0 players 0 retained 0 seconds 0.04359043715521693
sset_21_gloiZ_gTJaE_frame_00000300 pair 184 [12, 4] combined 0 players 0 retained 0 seconds 0.03670419007539749
sset_21_gloiZ_gTJaE_frame_00000300 pair 186 [12, 6] combined 0 players 0 retained 0 seconds 0.039024333003908396
sset_21_gloiZ_gTJaE_frame_00000300 pair 187 [12, 7] combined 0 players 0 retained 0 seconds 0.038621606305241585
sset_21_gloiZ_gTJaE_frame_00000300 pair 191 [12, 11] combined 0 players 0 retained 0 seconds 0.03572794562205672
sset_21_gloiZ_gTJaE_frame_00000300 pair 193 [12, 14] combined 0 players 0 retained 0 seconds 0.036235056817531586
sset_21_gloiZ_gTJaE_frame_00000300 pair 197 [13, 2] combined 0 players 0 retained 0 seconds 0.017510918900370598
sset_21_gloiZ_gTJaE_frame_00000300 pair 202 [13, 7] combined 0 players 0 retained 0 seconds 0.012535131070762873
sset_21_gloiZ_gTJaE_frame_00000300 pair 210 [14, 0] combined 0 players 0 retained 0 seconds 0.055750724859535694
sset_21_gloiZ_gTJaE_frame_00000300 pair 211 [14, 1] combined 0 players 0 retained 0 seconds 0.023917337879538536
sset_21_gloiZ_gTJaE_frame_00000300 pair 213 [14, 3] combined 0 players 0 retained 0 seconds 0.040699421893805265
sset_21_gloiZ_gTJaE_frame_00000300 pair 215 [14, 5] combined 0 players 0 retained 0 seconds 0.015376104973256588
sset_21_gloiZ_gTJaE_frame_00000300 pair 216 [14, 6] combined 0 players 0 retained 0 seconds 0.013643492013216019
sset_21_gloiZ_gTJaE_frame_00000300 pair 219 [14, 9] combined 0 players 0 retained 0 seconds 0.010552190244197845
sset_21_gloiZ_gTJaE_frame_00000300 pair 222 [14, 12] combined 0 players 0 retained 0 seconds 0.018362848088145256
sset_21_gloiZ_gTJaE_frame_00000300 pair 226 [15, 1] combined 0 players 0 retained 0 seconds 0.022479443810880184
sset_21_gloiZ_gTJaE_frame_00000300 pair 230 [15, 5] combined 0 players 0 retained 0 seconds 0.01532147778198123
sset_21_gloiZ_gTJaE_frame_00000300 pair 231 [15, 6] combined 0 players 0 retained 0 seconds 0.012248309329152107
sset_21_gloiZ_gTJaE_frame_00000300 pair 234 [15, 9] combined 0 players 0 retained 0 seconds 0.010750546120107174
sset_21_gloiZ_gTJaE_frame_00000300 pair 0 [0, 1] combined 0 players 0 retained 0 seconds 0.06984025705605745
sset_21_gloiZ_gTJaE_frame_00000300 pair 1 [0, 2] combined 0 players 0 retained 0 seconds 0.06903441436588764
sset_21_gloiZ_gTJaE_frame_00000300 pair 3 [0, 4] combined 0 players 0 retained 0 seconds 0.06777352886274457
sset_21_gloiZ_gTJaE_frame_00000300 pair 4 [0, 5] combined 0 players 0 retained 0 seconds 0.06888652173802257
sset_21_gloiZ_gTJaE_frame_00000300 pair 5 [0, 6] combined 0 players 0 retained 0 seconds 0.06833845702931285
sset_21_gloiZ_gTJaE_frame_00000300 pair 6 [0, 7] combined 0 players 0 retained 0 seconds 0.06859715702012181
sset_21_gloiZ_gTJaE_frame_00000300 pair 8 [0, 9] combined 0 players 0 retained 0 seconds 0.06810247898101807
sset_21_gloiZ_gTJaE_frame_00000300 pair 10 [0, 11] combined 0 players 0 retained 0 seconds 0.06708821514621377
sset_21_gloiZ_gTJaE_frame_00000300 pair 13 [0, 14] combined 0 players 0 retained 0 seconds 0.07039107196033001
sset_21_gloiZ_gTJaE_frame_00000300 pair 15 [1, 0] combined 0 players 0 retained 0 seconds 0.029626838862895966
sset_21_gloiZ_gTJaE_frame_00000300 pair 16 [1, 2] combined 0 players 0 retained 0 seconds 0.01031395373865962
sset_21_gloiZ_gTJaE_frame_00000300 pair 17 [1, 3] combined 0 players 0 retained 0 seconds 0.01575437793508172
sset_21_gloiZ_gTJaE_frame_00000300 pair 18 [1, 4] combined 0 players 0 retained 0 seconds 0.0091382903046906
sset_21_gloiZ_gTJaE_frame_00000300 pair 21 [1, 7] combined 0 players 0 retained 0 seconds 0.009014923125505447
sset_21_gloiZ_gTJaE_frame_00000300 pair 22 [1, 8] combined 0 players 0 retained 0 seconds 0.009543224703520536
sset_21_gloiZ_gTJaE_frame_00000300 pair 24 [1, 10] combined 0 players 0 retained 0 seconds 0.008944934234023094
sset_21_gloiZ_gTJaE_frame_00000300 pair 25 [1, 11] combined 0 players 0 retained 0 seconds 0.009266857989132404
sset_21_gloiZ_gTJaE_frame_00000300 pair 26 [1, 12] combined 0 players 0 retained 0 seconds 0.012647892348468304
sset_21_gloiZ_gTJaE_frame_00000300 pair 28 [1, 14] combined 0 players 0 retained 0 seconds 0.009365103207528591
sset_21_gloiZ_gTJaE_frame_00000300 pair 29 [1, 15] combined 0 players 0 retained 0 seconds 0.008927807677537203
sset_21_gloiZ_gTJaE_frame_00000300 pair 30 [2, 0] combined 0 players 0 retained 0 seconds 0.02631155913695693
sset_21_gloiZ_gTJaE_frame_00000300 pair 31 [2, 1] combined 0 players 0 retained 0 seconds 0.00842175493016839
sset_21_gloiZ_gTJaE_frame_00000300 pair 32 [2, 3] combined 0 players 0 retained 0 seconds 0.012063237838447094
sset_21_gloiZ_gTJaE_frame_00000300 pair 34 [2, 5] combined 0 players 0 retained 0 seconds 0.00703774718567729
sset_21_gloiZ_gTJaE_frame_00000300 pair 35 [2, 6] combined 0 players 0 retained 0 seconds 0.006228336598724127
sset_21_gloiZ_gTJaE_frame_00000300 pair 38 [2, 9] combined 0 players 0 retained 0 seconds 0.0057449680753052235
sset_21_gloiZ_gTJaE_frame_00000300 pair 41 [2, 12] combined 0 players 0 retained 0 seconds 0.009831366129219532
sset_21_gloiZ_gTJaE_frame_00000300 pair 42 [2, 13] combined 0 players 0 retained 0 seconds 0.005868713837116957
sset_21_gloiZ_gTJaE_frame_00000300 pair 46 [3, 1] combined 0 players 0 retained 0 seconds 0.02531343698501587
sset_21_gloiZ_gTJaE_frame_00000300 pair 47 [3, 2] combined 0 players 0 retained 0 seconds 0.024364929646253586
sset_21_gloiZ_gTJaE_frame_00000300 pair 48 [3, 4] combined 0 players 0 retained 0 seconds 0.02334298985078931
sset_21_gloiZ_gTJaE_frame_00000300 pair 49 [3, 5] combined 0 players 0 retained 0 seconds 0.024348558392375708
sset_21_gloiZ_gTJaE_frame_00000300 pair 50 [3, 6] combined 0 players 0 retained 0 seconds 0.023742193821817636
sset_21_gloiZ_gTJaE_frame_00000300 pair 51 [3, 7] combined 0 players 0 retained 0 seconds 0.02365414472296834
sset_21_gloiZ_gTJaE_frame_00000300 pair 53 [3, 9] combined 0 players 0 retained 0 seconds 0.02348717860877514
sset_21_gloiZ_gTJaE_frame_00000300 pair 55 [3, 11] combined 0 players 0 retained 0 seconds 0.023138012271374464
sset_21_gloiZ_gTJaE_frame_00000300 pair 58 [3, 14] combined 0 players 0 retained 0 seconds 0.023491255939006805
sset_21_gloiZ_gTJaE_frame_00000300 pair 60 [4, 0] combined 0 players 0 retained 0 seconds 0.02399745164439082
sset_21_gloiZ_gTJaE_frame_00000300 pair 61 [4, 1] combined 0 players 0 retained 0 seconds 0.005018936935812235
sset_21_gloiZ_gTJaE_frame_00000300 pair 63 [4, 3] combined 0 players 0 retained 0 seconds 0.00984782725572586
sset_21_gloiZ_gTJaE_frame_00000300 pair 64 [4, 5] combined 0 players 0 retained 0 seconds 0.004032202064990997
sset_21_gloiZ_gTJaE_frame_00000300 pair 65 [4, 6] combined 0 players 0 retained 0 seconds 0.0034286193549633026
sset_21_gloiZ_gTJaE_frame_00000300 pair 68 [4, 9] combined 0 players 0 retained 0 seconds 0.0030164821073412895
sset_21_gloiZ_gTJaE_frame_00000300 pair 71 [4, 12] combined 0 players 0 retained 0 seconds 0.006585509981960058
sset_21_gloiZ_gTJaE_frame_00000300 pair 75 [5, 0] combined 0 players 0 retained 0 seconds 0.02711561182513833
sset_21_gloiZ_gTJaE_frame_00000300 pair 77 [5, 2] combined 0 players 0 retained 0 seconds 0.006989883258938789
sset_21_gloiZ_gTJaE_frame_00000300 pair 78 [5, 3] combined 0 players 0 retained 0 seconds 0.012626714073121548
sset_21_gloiZ_gTJaE_frame_00000300 pair 79 [5, 4] combined 0 players 0 retained 0 seconds 0.005804684013128281
sset_21_gloiZ_gTJaE_frame_00000300 pair 81 [5, 7] combined 0 players 0 retained 0 seconds 0.005568843800574541
sset_21_gloiZ_gTJaE_frame_00000300 pair 82 [5, 8] combined 0 players 0 retained 0 seconds 0.005792328622192144
sset_21_gloiZ_gTJaE_frame_00000300 pair 84 [5, 10] combined 0 players 0 retained 0 seconds 0.005989655386656523
sset_21_gloiZ_gTJaE_frame_00000300 pair 85 [5, 11] combined 0 players 0 retained 0 seconds 0.0054690102115273476
sset_21_gloiZ_gTJaE_frame_00000300 pair 88 [5, 14] combined 0 players 0 retained 0 seconds 0.005412584636360407
sset_21_gloiZ_gTJaE_frame_00000300 pair 89 [5, 15] combined 0 players 0 retained 0 seconds 0.005798880010843277
sset_21_gloiZ_gTJaE_frame_00000300 pair 90 [6, 0] combined 0 players 0 retained 0 seconds 0.02495455788448453
sset_21_gloiZ_gTJaE_frame_00000300 pair 92 [6, 2] combined 0 players 0 retained 0 seconds 0.005427793134003878
sset_21_gloiZ_gTJaE_frame_00000300 pair 93 [6, 3] combined 0 players 0 retained 0 seconds 0.010686805937439203
sset_21_gloiZ_gTJaE_frame_00000300 pair 94 [6, 4] combined 0 players 0 retained 0 seconds 0.0047263531014323235
sset_21_gloiZ_gTJaE_frame_00000300 pair 96 [6, 7] combined 0 players 0 retained 0 seconds 0.004637707956135273
sset_21_gloiZ_gTJaE_frame_00000300 pair 97 [6, 8] combined 0 players 0 retained 0 seconds 0.004467091057449579
sset_21_gloiZ_gTJaE_frame_00000300 pair 99 [6, 10] combined 0 players 0 retained 0 seconds 0.0040771011263132095
sset_21_gloiZ_gTJaE_frame_00000300 pair 100 [6, 11] combined 0 players 0 retained 0 seconds 0.004249311983585358
sset_21_gloiZ_gTJaE_frame_00000300 pair 101 [6, 12] combined 0 players 0 retained 0 seconds 0.008127742912620306
sset_21_gloiZ_gTJaE_frame_00000300 pair 103 [6, 14] combined 0 players 0 retained 0 seconds 0.004226266872137785
sset_21_gloiZ_gTJaE_frame_00000300 pair 104 [6, 15] combined 0 players 0 retained 0 seconds 0.004632869735360146
sset_21_gloiZ_gTJaE_frame_00000300 pair 105 [7, 0] combined 0 players 0 retained 0 seconds 0.024784899782389402
sset_21_gloiZ_gTJaE_frame_00000300 pair 106 [7, 1] combined 0 players 0 retained 0 seconds 0.0055992077104747295
sset_21_gloiZ_gTJaE_frame_00000300 pair 108 [7, 3] combined 0 players 0 retained 0 seconds 0.010074149817228317
sset_21_gloiZ_gTJaE_frame_00000300 pair 110 [7, 5] combined 0 players 0 retained 0 seconds 0.004207321908324957
sset_21_gloiZ_gTJaE_frame_00000300 pair 111 [7, 6] combined 0 players 0 retained 0 seconds 0.0044672200456261635
sset_21_gloiZ_gTJaE_frame_00000300 pair 113 [7, 9] combined 0 players 0 retained 0 seconds 0.0038258093409240246
sset_21_gloiZ_gTJaE_frame_00000300 pair 116 [7, 12] combined 0 players 0 retained 0 seconds 0.00699415011331439
sset_21_gloiZ_gTJaE_frame_00000300 pair 117 [7, 13] combined 0 players 0 retained 0 seconds 0.003719068132340908
sset_21_gloiZ_gTJaE_frame_00000300 pair 121 [8, 1] combined 0 players 0 retained 0 seconds 0.00589391915127635
sset_21_gloiZ_gTJaE_frame_00000300 pair 125 [8, 5] combined 0 players 0 retained 0 seconds 0.0044623129069805145
sset_21_gloiZ_gTJaE_frame_00000300 pair 126 [8, 6] combined 0 players 0 retained 0 seconds 0.0038805101066827774
sset_21_gloiZ_gTJaE_frame_00000300 pair 128 [8, 9] combined 0 players 0 retained 0 seconds 0.003038389142602682
sset_21_gloiZ_gTJaE_frame_00000300 pair 135 [9, 0] combined 0 players 0 retained 0 seconds 0.02393541531637311
sset_21_gloiZ_gTJaE_frame_00000300 pair 137 [9, 2] combined 0 players 0 retained 0 seconds 0.004634395241737366
sset_21_gloiZ_gTJaE_frame_00000300 pair 138 [9, 3] combined 0 players 0 retained 0 seconds 0.010232737753540277
sset_21_gloiZ_gTJaE_frame_00000300 pair 139 [9, 4] combined 0 players 0 retained 0 seconds 0.0033479579724371433
sset_21_gloiZ_gTJaE_frame_00000300 pair 142 [9, 7] combined 0 players 0 retained 0 seconds 0.003846290986984968
sset_21_gloiZ_gTJaE_frame_00000300 pair 143 [9, 8] combined 0 players 0 retained 0 seconds 0.0033143158070743084
sset_21_gloiZ_gTJaE_frame_00000300 pair 144 [9, 10] combined 0 players 0 retained 0 seconds 0.0032945373095571995
sset_21_gloiZ_gTJaE_frame_00000300 pair 145 [9, 11] combined 0 players 0 retained 0 seconds 0.0033152378164231777
sset_21_gloiZ_gTJaE_frame_00000300 pair 148 [9, 14] combined 0 players 0 retained 0 seconds 0.0032992837950587273
sset_21_gloiZ_gTJaE_frame_00000300 pair 149 [9, 15] combined 0 players 0 retained 0 seconds 0.003537489101290703
sset_21_gloiZ_gTJaE_frame_00000300 pair 151 [10, 1] combined 0 players 0 retained 0 seconds 0.005036429967731237
sset_21_gloiZ_gTJaE_frame_00000300 pair 155 [10, 5] combined 0 players 0 retained 0 seconds 0.0036254338920116425
sset_21_gloiZ_gTJaE_frame_00000300 pair 156 [10, 6] combined 0 players 0 retained 0 seconds 0.003000343684107065
sset_21_gloiZ_gTJaE_frame_00000300 pair 159 [10, 9] combined 0 players 0 retained 0 seconds 0.002663862891495228
sset_21_gloiZ_gTJaE_frame_00000300 pair 165 [11, 0] combined 0 players 0 retained 0 seconds 0.02315976796671748
sset_21_gloiZ_gTJaE_frame_00000300 pair 166 [11, 1] combined 0 players 0 retained 0 seconds 0.004414981696754694
sset_21_gloiZ_gTJaE_frame_00000300 pair 168 [11, 3] combined 0 players 0 retained 0 seconds 0.009065500926226377
sset_21_gloiZ_gTJaE_frame_00000300 pair 170 [11, 5] combined 0 players 0 retained 0 seconds 0.0034342468716204166
sset_21_gloiZ_gTJaE_frame_00000300 pair 171 [11, 6] combined 0 players 0 retained 0 seconds 0.002862194087356329
sset_21_gloiZ_gTJaE_frame_00000300 pair 174 [11, 9] combined 0 players 0 retained 0 seconds 0.002509556245058775
sset_21_gloiZ_gTJaE_frame_00000300 pair 176 [11, 12] combined 0 players 0 retained 0 seconds 0.006430894136428833
sset_21_gloiZ_gTJaE_frame_00000300 pair 181 [12, 1] combined 0 players 0 retained 0 seconds 0.01594152580946684
sset_21_gloiZ_gTJaE_frame_00000300 pair 182 [12, 2] combined 0 players 0 retained 0 seconds 0.015220032073557377
sset_21_gloiZ_gTJaE_frame_00000300 pair 184 [12, 4] combined 0 players 0 retained 0 seconds 0.014121528249233961
sset_21_gloiZ_gTJaE_frame_00000300 pair 186 [12, 6] combined 0 players 0 retained 0 seconds 0.014212063048034906
sset_21_gloiZ_gTJaE_frame_00000300 pair 187 [12, 7] combined 0 players 0 retained 0 seconds 0.014252489898353815
sset_21_gloiZ_gTJaE_frame_00000300 pair 191 [12, 11] combined 0 players 0 retained 0 seconds 0.013762834016233683
sset_21_gloiZ_gTJaE_frame_00000300 pair 193 [12, 14] combined 0 players 0 retained 0 seconds 0.013795155100524426
sset_21_gloiZ_gTJaE_frame_00000300 pair 197 [13, 2] combined 0 players 0 retained 0 seconds 0.004712244030088186
sset_21_gloiZ_gTJaE_frame_00000300 pair 202 [13, 7] combined 0 players 0 retained 0 seconds 0.003983067348599434
sset_21_gloiZ_gTJaE_frame_00000300 pair 210 [14, 0] combined 0 players 0 retained 0 seconds 0.023805683944374323
sset_21_gloiZ_gTJaE_frame_00000300 pair 211 [14, 1] combined 0 players 0 retained 0 seconds 0.00492293294519186
sset_21_gloiZ_gTJaE_frame_00000300 pair 213 [14, 3] combined 0 players 0 retained 0 seconds 0.009282967075705528
sset_21_gloiZ_gTJaE_frame_00000300 pair 215 [14, 5] combined 0 players 0 retained 0 seconds 0.003924589604139328
sset_21_gloiZ_gTJaE_frame_00000300 pair 216 [14, 6] combined 0 players 0 retained 0 seconds 0.0032408060505986214
sset_21_gloiZ_gTJaE_frame_00000300 pair 219 [14, 9] combined 0 players 0 retained 0 seconds 0.0026663499884307384
sset_21_gloiZ_gTJaE_frame_00000300 pair 222 [14, 12] combined 0 players 0 retained 0 seconds 0.006334240082651377
sset_21_gloiZ_gTJaE_frame_00000300 pair 226 [15, 1] combined 0 players 0 retained 0 seconds 0.0053803022019565105
sset_21_gloiZ_gTJaE_frame_00000300 pair 230 [15, 5] combined 0 players 0 retained 0 seconds 0.004172512795776129
sset_21_gloiZ_gTJaE_frame_00000300 pair 231 [15, 6] combined 0 players 0 retained 0 seconds 0.003509917762130499
sset_21_gloiZ_gTJaE_frame_00000300 pair 234 [15, 9] combined 0 players 0 retained 0 seconds 0.0031880890019237995
[sset_21_gloiZ_gTJaE_frame_00000300] line-template: preparing rectangles
[sset_21_gloiZ_gTJaE_frame_00000300] measuring 256 parents (G0=0, G1=0, line_template=256; conflicting geometry groups=0)
[sset_21_gloiZ_gTJaE_frame_00000300] parents 250/256
[sset_21_gloiZ_gTJaE_frame_00000300] refitting 256 parents
[sset_21_gloiZ_gTJaE_frame_00000300] refits 250/256; valid children=186
{"view_id": "sset_21_gloiZ_gTJaE_frame_00000300", "chosen_key": null, "no_court_reason": "no_gated_court", "all_checks_equal": true, "error": null}
sset_21_gloiZ_gTJaE_frame_00023893 pair 0 [0, 1] combined 0 players 0 retained 0 seconds 0.020144732668995857
sset_21_gloiZ_gTJaE_frame_00023893 pair 1 [0, 2] combined 0 players 0 retained 0 seconds 0.01773265516385436
sset_21_gloiZ_gTJaE_frame_00023893 pair 2 [0, 3] combined 0 players 0 retained 0 seconds 0.01743434788659215
sset_21_gloiZ_gTJaE_frame_00023893 pair 3 [0, 4] combined 0 players 0 retained 0 seconds 0.0172930508852005
sset_21_gloiZ_gTJaE_frame_00023893 pair 4 [0, 5] combined 0 players 0 retained 0 seconds 0.01728469878435135
sset_21_gloiZ_gTJaE_frame_00023893 pair 5 [0, 6] combined 0 players 0 retained 0 seconds 0.01714808214455843
sset_21_gloiZ_gTJaE_frame_00023893 pair 6 [0, 7] combined 0 players 0 retained 0 seconds 0.017564136069267988
sset_21_gloiZ_gTJaE_frame_00023893 pair 7 [0, 8] combined 0 players 0 retained 0 seconds 0.016853668726980686
sset_21_gloiZ_gTJaE_frame_00023893 pair 8 [0, 9] combined 0 players 0 retained 0 seconds 0.017138062976300716
sset_21_gloiZ_gTJaE_frame_00023893 pair 9 [0, 10] combined 0 players 0 retained 0 seconds 0.01764914020895958
sset_21_gloiZ_gTJaE_frame_00023893 pair 11 [0, 12] combined 0 players 0 retained 0 seconds 0.01744250673800707
sset_21_gloiZ_gTJaE_frame_00023893 pair 13 [0, 14] combined 0 players 0 retained 0 seconds 0.01683106692507863
sset_21_gloiZ_gTJaE_frame_00023893 pair 15 [1, 0] combined 0 players 0 retained 0 seconds 0.016738553065806627
sset_21_gloiZ_gTJaE_frame_00023893 pair 18 [1, 4] combined 0 players 0 retained 0 seconds 0.010441240388900042
sset_21_gloiZ_gTJaE_frame_00023893 pair 19 [1, 5] combined 0 players 0 retained 0 seconds 0.010136935859918594
sset_21_gloiZ_gTJaE_frame_00023893 pair 20 [1, 6] combined 0 players 0 retained 0 seconds 0.01012311177328229
sset_21_gloiZ_gTJaE_frame_00023893 pair 22 [1, 8] combined 0 players 0 retained 0 seconds 0.009802490007132292
sset_21_gloiZ_gTJaE_frame_00023893 pair 23 [1, 9] combined 0 players 0 retained 0 seconds 0.00989421783015132
sset_21_gloiZ_gTJaE_frame_00023893 pair 24 [1, 10] combined 0 players 0 retained 0 seconds 0.010062748100608587
sset_21_gloiZ_gTJaE_frame_00023893 pair 25 [1, 11] combined 0 players 0 retained 0 seconds 0.010175523813813925
sset_21_gloiZ_gTJaE_frame_00023893 pair 27 [1, 13] combined 0 players 0 retained 0 seconds 0.010159189812839031
sset_21_gloiZ_gTJaE_frame_00023893 pair 28 [1, 14] combined 0 players 0 retained 0 seconds 0.00975204911082983
sset_21_gloiZ_gTJaE_frame_00023893 pair 30 [2, 0] combined 0 players 0 retained 0 seconds 0.011460221838206053
sset_21_gloiZ_gTJaE_frame_00023893 pair 35 [2, 6] combined 0 players 0 retained 0 seconds 0.004850365221500397
sset_21_gloiZ_gTJaE_frame_00023893 pair 36 [2, 7] combined 0 players 0 retained 0 seconds 0.005156218074262142
sset_21_gloiZ_gTJaE_frame_00023893 pair 41 [2, 12] combined 0 players 0 retained 0 seconds 0.004960598889738321
sset_21_gloiZ_gTJaE_frame_00023893 pair 42 [2, 13] combined 0 players 0 retained 0 seconds 0.004451264161616564
sset_21_gloiZ_gTJaE_frame_00023893 pair 43 [2, 14] combined 0 players 0 retained 0 seconds 0.004561542998999357
sset_21_gloiZ_gTJaE_frame_00023893 pair 45 [3, 0] combined 0 players 0 retained 0 seconds 0.011190826073288918
sset_21_gloiZ_gTJaE_frame_00023893 pair 50 [3, 6] combined 0 players 0 retained 0 seconds 0.004650203976780176
sset_21_gloiZ_gTJaE_frame_00023893 pair 51 [3, 7] combined 0 players 0 retained 0 seconds 0.005327492021024227
sset_21_gloiZ_gTJaE_frame_00023893 pair 56 [3, 12] combined 0 players 0 retained 0 seconds 0.005009235814213753
sset_21_gloiZ_gTJaE_frame_00023893 pair 57 [3, 13] combined 0 players 0 retained 0 seconds 0.004324026871472597
sset_21_gloiZ_gTJaE_frame_00023893 pair 58 [3, 14] combined 0 players 0 retained 0 seconds 0.00438999617472291
sset_21_gloiZ_gTJaE_frame_00023893 pair 60 [4, 0] combined 0 players 0 retained 0 seconds 0.010754270944744349
sset_21_gloiZ_gTJaE_frame_00023893 pair 61 [4, 1] combined 0 players 0 retained 0 seconds 0.00722715025767684
sset_21_gloiZ_gTJaE_frame_00023893 pair 66 [4, 7] combined 0 players 0 retained 0 seconds 0.004535109736025333
sset_21_gloiZ_gTJaE_frame_00023893 pair 71 [4, 12] combined 0 players 0 retained 0 seconds 0.004374569747596979
sset_21_gloiZ_gTJaE_frame_00023893 pair 75 [5, 0] combined 0 players 0 retained 0 seconds 0.010781200136989355
sset_21_gloiZ_gTJaE_frame_00023893 pair 76 [5, 1] combined 0 players 0 retained 0 seconds 0.007067873142659664
sset_21_gloiZ_gTJaE_frame_00023893 pair 85 [5, 11] combined 0 players 0 retained 0 seconds 0.004284874070435762
sset_21_gloiZ_gTJaE_frame_00023893 pair 90 [6, 0] combined 0 players 0 retained 0 seconds 0.01084429258480668
sset_21_gloiZ_gTJaE_frame_00023893 pair 91 [6, 1] combined 0 players 0 retained 0 seconds 0.006982195191085339
sset_21_gloiZ_gTJaE_frame_00023893 pair 92 [6, 2] combined 0 players 0 retained 0 seconds 0.004306870047003031
sset_21_gloiZ_gTJaE_frame_00023893 pair 93 [6, 3] combined 0 players 0 retained 0 seconds 0.004610863048583269
sset_21_gloiZ_gTJaE_frame_00023893 pair 105 [7, 0] combined 0 players 0 retained 0 seconds 0.011297149118036032
sset_21_gloiZ_gTJaE_frame_00023893 pair 107 [7, 2] combined 0 players 0 retained 0 seconds 0.005136318039149046
sset_21_gloiZ_gTJaE_frame_00023893 pair 108 [7, 3] combined 0 players 0 retained 0 seconds 0.00517086498439312
sset_21_gloiZ_gTJaE_frame_00023893 pair 109 [7, 4] combined 0 players 0 retained 0 seconds 0.004880005028098822
sset_21_gloiZ_gTJaE_frame_00023893 pair 113 [7, 9] combined 0 players 0 retained 0 seconds 0.004422484431415796
sset_21_gloiZ_gTJaE_frame_00023893 pair 114 [7, 10] combined 0 players 0 retained 0 seconds 0.004559821914881468
sset_21_gloiZ_gTJaE_frame_00023893 pair 115 [7, 11] combined 0 players 0 retained 0 seconds 0.0047713639214634895
sset_21_gloiZ_gTJaE_frame_00023893 pair 119 [7, 15] combined 0 players 0 retained 0 seconds 0.004890237934887409
sset_21_gloiZ_gTJaE_frame_00023893 pair 120 [8, 0] combined 0 players 0 retained 0 seconds 0.010314314626157284
sset_21_gloiZ_gTJaE_frame_00023893 pair 121 [8, 1] combined 0 players 0 retained 0 seconds 0.006394700147211552
sset_21_gloiZ_gTJaE_frame_00023893 pair 135 [9, 0] combined 0 players 0 retained 0 seconds 0.010291722137480974
sset_21_gloiZ_gTJaE_frame_00023893 pair 136 [9, 1] combined 0 players 0 retained 0 seconds 0.006821145303547382
sset_21_gloiZ_gTJaE_frame_00023893 pair 142 [9, 7] combined 0 players 0 retained 0 seconds 0.004045275971293449
sset_21_gloiZ_gTJaE_frame_00023893 pair 150 [10, 0] combined 0 players 0 retained 0 seconds 0.010272589046508074
sset_21_gloiZ_gTJaE_frame_00023893 pair 151 [10, 1] combined 0 players 0 retained 0 seconds 0.006918235681951046
sset_21_gloiZ_gTJaE_frame_00023893 pair 157 [10, 7] combined 0 players 0 retained 0 seconds 0.003952960949391127
sset_21_gloiZ_gTJaE_frame_00023893 pair 161 [10, 12] combined 0 players 0 retained 0 seconds 0.0041745747439563274
sset_21_gloiZ_gTJaE_frame_00023893 pair 166 [11, 1] combined 0 players 0 retained 0 seconds 0.007528792601078749
sset_21_gloiZ_gTJaE_frame_00023893 pair 170 [11, 5] combined 0 players 0 retained 0 seconds 0.005285841878503561
sset_21_gloiZ_gTJaE_frame_00023893 pair 172 [11, 7] combined 0 players 0 retained 0 seconds 0.004887996707111597
sset_21_gloiZ_gTJaE_frame_00023893 pair 179 [11, 15] combined 0 players 0 retained 0 seconds 0.004511246923357248
sset_21_gloiZ_gTJaE_frame_00023893 pair 180 [12, 0] combined 0 players 0 retained 0 seconds 0.011108278762549162
sset_21_gloiZ_gTJaE_frame_00023893 pair 182 [12, 2] combined 0 players 0 retained 0 seconds 0.0048677618615329266
sset_21_gloiZ_gTJaE_frame_00023893 pair 183 [12, 3] combined 0 players 0 retained 0 seconds 0.004903429187834263
sset_21_gloiZ_gTJaE_frame_00023893 pair 184 [12, 4] combined 0 players 0 retained 0 seconds 0.004550789017230272
sset_21_gloiZ_gTJaE_frame_00023893 pair 190 [12, 10] combined 0 players 0 retained 0 seconds 0.004300912842154503
sset_21_gloiZ_gTJaE_frame_00023893 pair 194 [12, 15] combined 0 players 0 retained 0 seconds 0.00470395665615797
sset_21_gloiZ_gTJaE_frame_00023893 pair 196 [13, 1] combined 0 players 0 retained 0 seconds 0.006758685223758221
sset_21_gloiZ_gTJaE_frame_00023893 pair 197 [13, 2] combined 0 players 0 retained 0 seconds 0.0043944488279521465
sset_21_gloiZ_gTJaE_frame_00023893 pair 198 [13, 3] combined 0 players 0 retained 0 seconds 0.003939811140298843
sset_21_gloiZ_gTJaE_frame_00023893 pair 209 [13, 15] combined 0 players 0 retained 0 seconds 0.003721337765455246
sset_21_gloiZ_gTJaE_frame_00023893 pair 210 [14, 0] combined 0 players 0 retained 0 seconds 0.01002483582124114
sset_21_gloiZ_gTJaE_frame_00023893 pair 211 [14, 1] combined 0 players 0 retained 0 seconds 0.006756153889000416
sset_21_gloiZ_gTJaE_frame_00023893 pair 212 [14, 2] combined 0 players 0 retained 0 seconds 0.0037696948274970055
sset_21_gloiZ_gTJaE_frame_00023893 pair 213 [14, 3] combined 0 players 0 retained 0 seconds 0.0037803142331540585
sset_21_gloiZ_gTJaE_frame_00023893 pair 224 [14, 15] combined 0 players 0 retained 0 seconds 0.0035043316893279552
sset_21_gloiZ_gTJaE_frame_00023893 pair 232 [15, 7] combined 0 players 0 retained 0 seconds 0.004722567740827799
sset_21_gloiZ_gTJaE_frame_00023893 pair 236 [15, 11] combined 0 players 0 retained 0 seconds 0.004496187902987003
sset_21_gloiZ_gTJaE_frame_00023893 pair 237 [15, 12] combined 0 players 0 retained 0 seconds 0.004253848921507597
sset_21_gloiZ_gTJaE_frame_00023893 pair 238 [15, 13] combined 0 players 0 retained 0 seconds 0.0038864370435476303
sset_21_gloiZ_gTJaE_frame_00023893 pair 239 [15, 14] combined 0 players 0 retained 0 seconds 0.003658927045762539
sset_21_gloiZ_gTJaE_frame_00023893 pair 0 [0, 1] combined 0 players 0 retained 0 seconds 0.0032835626043379307
sset_21_gloiZ_gTJaE_frame_00023893 pair 1 [0, 2] combined 0 players 0 retained 0 seconds 0.002710402011871338
sset_21_gloiZ_gTJaE_frame_00023893 pair 2 [0, 3] combined 0 players 0 retained 0 seconds 0.0027622156776487827
sset_21_gloiZ_gTJaE_frame_00023893 pair 3 [0, 4] combined 0 players 0 retained 0 seconds 0.0027265329845249653
sset_21_gloiZ_gTJaE_frame_00023893 pair 4 [0, 5] combined 0 players 0 retained 0 seconds 0.0026139109395444393
sset_21_gloiZ_gTJaE_frame_00023893 pair 5 [0, 6] combined 0 players 0 retained 0 seconds 0.002636656165122986
sset_21_gloiZ_gTJaE_frame_00023893 pair 6 [0, 7] combined 0 players 0 retained 0 seconds 0.003062983974814415
sset_21_gloiZ_gTJaE_frame_00023893 pair 7 [0, 8] combined 0 players 0 retained 0 seconds 0.002639482729136944
sset_21_gloiZ_gTJaE_frame_00023893 pair 8 [0, 9] combined 0 players 0 retained 0 seconds 0.0025438759475946426
sset_21_gloiZ_gTJaE_frame_00023893 pair 9 [0, 10] combined 0 players 0 retained 0 seconds 0.0025846646167337894
sset_21_gloiZ_gTJaE_frame_00023893 pair 11 [0, 12] combined 0 players 0 retained 0 seconds 0.0027469368651509285
sset_21_gloiZ_gTJaE_frame_00023893 pair 13 [0, 14] combined 0 players 0 retained 0 seconds 0.0025585051625967026
sset_21_gloiZ_gTJaE_frame_00023893 pair 15 [1, 0] combined 0 players 0 retained 0 seconds 0.0031790626235306263
sset_21_gloiZ_gTJaE_frame_00023893 pair 18 [1, 4] combined 0 players 0 retained 0 seconds 0.003084518015384674
sset_21_gloiZ_gTJaE_frame_00023893 pair 19 [1, 5] combined 0 players 0 retained 0 seconds 0.0030707293190062046
sset_21_gloiZ_gTJaE_frame_00023893 pair 20 [1, 6] combined 0 players 0 retained 0 seconds 0.0031420988962054253
sset_21_gloiZ_gTJaE_frame_00023893 pair 22 [1, 8] combined 0 players 0 retained 0 seconds 0.0028676209039986134
sset_21_gloiZ_gTJaE_frame_00023893 pair 23 [1, 9] combined 0 players 0 retained 0 seconds 0.002811651211231947
sset_21_gloiZ_gTJaE_frame_00023893 pair 24 [1, 10] combined 0 players 0 retained 0 seconds 0.0028281835839152336
sset_21_gloiZ_gTJaE_frame_00023893 pair 25 [1, 11] combined 0 players 0 retained 0 seconds 0.002832460682839155
sset_21_gloiZ_gTJaE_frame_00023893 pair 27 [1, 13] combined 0 players 0 retained 0 seconds 0.003219685982912779
sset_21_gloiZ_gTJaE_frame_00023893 pair 28 [1, 14] combined 0 players 0 retained 0 seconds 0.0028934390284121037
sset_21_gloiZ_gTJaE_frame_00023893 pair 30 [2, 0] combined 0 players 0 retained 0 seconds 0.0025774729438126087
sset_21_gloiZ_gTJaE_frame_00023893 pair 35 [2, 6] combined 0 players 0 retained 0 seconds 0.0024313372559845448
sset_21_gloiZ_gTJaE_frame_00023893 pair 36 [2, 7] combined 0 players 0 retained 0 seconds 0.0024049347266554832
sset_21_gloiZ_gTJaE_frame_00023893 pair 41 [2, 12] combined 0 players 0 retained 0 seconds 0.0024673184379935265
sset_21_gloiZ_gTJaE_frame_00023893 pair 42 [2, 13] combined 0 players 0 retained 0 seconds 0.002319165039807558
sset_21_gloiZ_gTJaE_frame_00023893 pair 43 [2, 14] combined 0 players 0 retained 0 seconds 0.0022446890361607075
sset_21_gloiZ_gTJaE_frame_00023893 pair 45 [3, 0] combined 0 players 0 retained 0 seconds 0.0026406929828226566
sset_21_gloiZ_gTJaE_frame_00023893 pair 50 [3, 6] combined 0 players 0 retained 0 seconds 0.0024408139288425446
sset_21_gloiZ_gTJaE_frame_00023893 pair 51 [3, 7] combined 0 players 0 retained 0 seconds 0.0024592257104814053
sset_21_gloiZ_gTJaE_frame_00023893 pair 56 [3, 12] combined 0 players 0 retained 0 seconds 0.00240123039111495
sset_21_gloiZ_gTJaE_frame_00023893 pair 57 [3, 13] combined 0 players 0 retained 0 seconds 0.0022298572584986687
sset_21_gloiZ_gTJaE_frame_00023893 pair 58 [3, 14] combined 0 players 0 retained 0 seconds 0.0022894907742738724
sset_21_gloiZ_gTJaE_frame_00023893 pair 60 [4, 0] combined 0 players 0 retained 0 seconds 0.00236958684399724
sset_21_gloiZ_gTJaE_frame_00023893 pair 61 [4, 1] combined 0 players 0 retained 0 seconds 0.002535001840442419
sset_21_gloiZ_gTJaE_frame_00023893 pair 66 [4, 7] combined 0 players 0 retained 0 seconds 0.0026299189776182175
sset_21_gloiZ_gTJaE_frame_00023893 pair 71 [4, 12] combined 0 players 0 retained 0 seconds 0.002520398236811161
sset_21_gloiZ_gTJaE_frame_00023893 pair 75 [5, 0] combined 0 players 0 retained 0 seconds 0.0024904832243919373
sset_21_gloiZ_gTJaE_frame_00023893 pair 76 [5, 1] combined 0 players 0 retained 0 seconds 0.002572407014667988
sset_21_gloiZ_gTJaE_frame_00023893 pair 85 [5, 11] combined 0 players 0 retained 0 seconds 0.0022392752580344677
sset_21_gloiZ_gTJaE_frame_00023893 pair 90 [6, 0] combined 0 players 0 retained 0 seconds 0.0023339339531958103
sset_21_gloiZ_gTJaE_frame_00023893 pair 91 [6, 1] combined 0 players 0 retained 0 seconds 0.0024386290460824966
sset_21_gloiZ_gTJaE_frame_00023893 pair 92 [6, 2] combined 0 players 0 retained 0 seconds 0.002084883861243725
sset_21_gloiZ_gTJaE_frame_00023893 pair 93 [6, 3] combined 0 players 0 retained 0 seconds 0.0022518550977110863
sset_21_gloiZ_gTJaE_frame_00023893 pair 105 [7, 0] combined 0 players 0 retained 0 seconds 0.0029884702526032925
sset_21_gloiZ_gTJaE_frame_00023893 pair 107 [7, 2] combined 0 players 0 retained 0 seconds 0.0025779088027775288
sset_21_gloiZ_gTJaE_frame_00023893 pair 108 [7, 3] combined 0 players 0 retained 0 seconds 0.0024505420587956905
sset_21_gloiZ_gTJaE_frame_00023893 pair 109 [7, 4] combined 0 players 0 retained 0 seconds 0.0023739030584692955
sset_21_gloiZ_gTJaE_frame_00023893 pair 113 [7, 9] combined 0 players 0 retained 0 seconds 0.0024644099175930023
sset_21_gloiZ_gTJaE_frame_00023893 pair 114 [7, 10] combined 0 players 0 retained 0 seconds 0.002419115975499153
sset_21_gloiZ_gTJaE_frame_00023893 pair 115 [7, 11] combined 0 players 0 retained 0 seconds 0.0025807861238718033
sset_21_gloiZ_gTJaE_frame_00023893 pair 119 [7, 15] combined 0 players 0 retained 0 seconds 0.002688294742256403
sset_21_gloiZ_gTJaE_frame_00023893 pair 120 [8, 0] combined 0 players 0 retained 0 seconds 0.002346922643482685
sset_21_gloiZ_gTJaE_frame_00023893 pair 121 [8, 1] combined 0 players 0 retained 0 seconds 0.0024178503081202507
sset_21_gloiZ_gTJaE_frame_00023893 pair 135 [9, 0] combined 0 players 0 retained 0 seconds 0.00243994127959013
sset_21_gloiZ_gTJaE_frame_00023893 pair 136 [9, 1] combined 0 players 0 retained 0 seconds 0.0023976308293640614
sset_21_gloiZ_gTJaE_frame_00023893 pair 142 [9, 7] combined 0 players 0 retained 0 seconds 0.002156284172087908
sset_21_gloiZ_gTJaE_frame_00023893 pair 150 [10, 0] combined 0 players 0 retained 0 seconds 0.002664105035364628
sset_21_gloiZ_gTJaE_frame_00023893 pair 151 [10, 1] combined 0 players 0 retained 0 seconds 0.0027441303245723248
sset_21_gloiZ_gTJaE_frame_00023893 pair 157 [10, 7] combined 0 players 0 retained 0 seconds 0.0024311072193086147
sset_21_gloiZ_gTJaE_frame_00023893 pair 161 [10, 12] combined 0 players 0 retained 0 seconds 0.0022637145593762398
sset_21_gloiZ_gTJaE_frame_00023893 pair 166 [11, 1] combined 0 players 0 retained 0 seconds 0.0025292211212217808
sset_21_gloiZ_gTJaE_frame_00023893 pair 170 [11, 5] combined 0 players 0 retained 0 seconds 0.0021854708902537823
sset_21_gloiZ_gTJaE_frame_00023893 pair 172 [11, 7] combined 0 players 0 retained 0 seconds 0.002315092831850052
sset_21_gloiZ_gTJaE_frame_00023893 pair 179 [11, 15] combined 0 players 0 retained 0 seconds 0.002227969001978636
sset_21_gloiZ_gTJaE_frame_00023893 pair 180 [12, 0] combined 0 players 0 retained 0 seconds 0.002733590081334114
sset_21_gloiZ_gTJaE_frame_00023893 pair 182 [12, 2] combined 0 players 0 retained 0 seconds 0.002612348645925522
sset_21_gloiZ_gTJaE_frame_00023893 pair 183 [12, 3] combined 0 players 0 retained 0 seconds 0.0022899149917066097
sset_21_gloiZ_gTJaE_frame_00023893 pair 184 [12, 4] combined 0 players 0 retained 0 seconds 0.0022540627978742123
sset_21_gloiZ_gTJaE_frame_00023893 pair 190 [12, 10] combined 0 players 0 retained 0 seconds 0.0022142911329865456
sset_21_gloiZ_gTJaE_frame_00023893 pair 194 [12, 15] combined 0 players 0 retained 0 seconds 0.0022888733074069023
sset_21_gloiZ_gTJaE_frame_00023893 pair 196 [13, 1] combined 0 players 0 retained 0 seconds 0.002508712001144886
sset_21_gloiZ_gTJaE_frame_00023893 pair 197 [13, 2] combined 0 players 0 retained 0 seconds 0.002226379234343767
sset_21_gloiZ_gTJaE_frame_00023893 pair 198 [13, 3] combined 0 players 0 retained 0 seconds 0.0023388350382447243
sset_21_gloiZ_gTJaE_frame_00023893 pair 209 [13, 15] combined 0 players 0 retained 0 seconds 0.002252745907753706
sset_21_gloiZ_gTJaE_frame_00023893 pair 210 [14, 0] combined 0 players 0 retained 0 seconds 0.0022350321523845196
sset_21_gloiZ_gTJaE_frame_00023893 pair 211 [14, 1] combined 0 players 0 retained 0 seconds 0.002472219057381153
sset_21_gloiZ_gTJaE_frame_00023893 pair 212 [14, 2] combined 0 players 0 retained 0 seconds 0.0022004623897373676
sset_21_gloiZ_gTJaE_frame_00023893 pair 213 [14, 3] combined 0 players 0 retained 0 seconds 0.0019827652722597122
sset_21_gloiZ_gTJaE_frame_00023893 pair 224 [14, 15] combined 0 players 0 retained 0 seconds 0.002134978771209717
sset_21_gloiZ_gTJaE_frame_00023893 pair 232 [15, 7] combined 0 players 0 retained 0 seconds 0.0024066241458058357
sset_21_gloiZ_gTJaE_frame_00023893 pair 236 [15, 11] combined 0 players 0 retained 0 seconds 0.0023651388473808765
sset_21_gloiZ_gTJaE_frame_00023893 pair 237 [15, 12] combined 0 players 0 retained 0 seconds 0.0023397807963192463
sset_21_gloiZ_gTJaE_frame_00023893 pair 238 [15, 13] combined 0 players 0 retained 0 seconds 0.002071965951472521
sset_21_gloiZ_gTJaE_frame_00023893 pair 239 [15, 14] combined 0 players 0 retained 0 seconds 0.0020754411816596985
[sset_21_gloiZ_gTJaE_frame_00023893] line-template: preparing rectangles
[sset_21_gloiZ_gTJaE_frame_00023893] measuring 256 parents (G0=0, G1=0, line_template=256; conflicting geometry groups=0)
[sset_21_gloiZ_gTJaE_frame_00023893] parents 250/256
[sset_21_gloiZ_gTJaE_frame_00023893] refitting 256 parents
[sset_21_gloiZ_gTJaE_frame_00023893] refits 250/256; valid children=206
{"view_id": "sset_21_gloiZ_gTJaE_frame_00023893", "chosen_key": null, "no_court_reason": "no_gated_court", "all_checks_equal": true, "error": null}
sset_21_gloiZ_gTJaE_frame_00038228 pair 8 [0, 9] combined 348 players 60 retained 30 seconds 0.03768072975799441
sset_21_gloiZ_gTJaE_frame_00038228 pair 12 [0, 13] combined 48 players 0 retained 0 seconds 0.004972236696630716
sset_21_gloiZ_gTJaE_frame_00038228 pair 13 [0, 14] combined 0 players 0 retained 0 seconds 0.006936298217624426
sset_21_gloiZ_gTJaE_frame_00038228 pair 27 [1, 13] combined 64 players 8 retained 4 seconds 0.031581693794578314
sset_21_gloiZ_gTJaE_frame_00038228 pair 28 [1, 14] combined 6840 players 30 retained 15 seconds 0.057371651753783226
sset_21_gloiZ_gTJaE_frame_00038228 pair 39 [2, 10] combined 200 players 50 retained 25 seconds 0.035139053128659725
sset_21_gloiZ_gTJaE_frame_00038228 pair 40 [2, 11] combined 32 players 0 retained 0 seconds 0.004526759032160044
sset_21_gloiZ_gTJaE_frame_00038228 pair 42 [2, 13] combined 0 players 0 retained 0 seconds 0.004017616156488657
sset_21_gloiZ_gTJaE_frame_00038228 pair 53 [3, 9] combined 120 players 4 retained 2 seconds 0.03264676500111818
sset_21_gloiZ_gTJaE_frame_00038228 pair 57 [3, 13] combined 0 players 0 retained 0 seconds 0.0038841739296913147
sset_21_gloiZ_gTJaE_frame_00038228 pair 58 [3, 14] combined 0 players 0 retained 0 seconds 0.005931186955422163
sset_21_gloiZ_gTJaE_frame_00038228 pair 70 [4, 11] combined 0 players 0 retained 0 seconds 0.004251653328537941
sset_21_gloiZ_gTJaE_frame_00038228 pair 71 [4, 12] combined 0 players 0 retained 0 seconds 0.003763786982744932
sset_21_gloiZ_gTJaE_frame_00038228 pair 73 [4, 14] combined 200 players 92 retained 46 seconds 0.03927571512758732
sset_21_gloiZ_gTJaE_frame_00038228 pair 83 [5, 9] combined 0 players 0 retained 0 seconds 0.005495550110936165
sset_21_gloiZ_gTJaE_frame_00038228 pair 87 [5, 13] combined 0 players 0 retained 0 seconds 0.0035936138592660427
sset_21_gloiZ_gTJaE_frame_00038228 pair 88 [5, 14] combined 0 players 0 retained 0 seconds 0.0051610940136015415
sset_21_gloiZ_gTJaE_frame_00038228 pair 98 [6, 9] combined 0 players 0 retained 0 seconds 0.004881253931671381
sset_21_gloiZ_gTJaE_frame_00038228 pair 99 [6, 10] combined 0 players 0 retained 0 seconds 0.004762481898069382
sset_21_gloiZ_gTJaE_frame_00038228 pair 100 [6, 11] combined 16 players 6 retained 3 seconds 0.030074400827288628
sset_21_gloiZ_gTJaE_frame_00038228 pair 102 [6, 13] combined 0 players 0 retained 0 seconds 0.0036677420139312744
sset_21_gloiZ_gTJaE_frame_00038228 pair 117 [7, 13] combined 0 players 0 retained 0 seconds 0.004352495074272156
sset_21_gloiZ_gTJaE_frame_00038228 pair 118 [7, 14] combined 0 players 0 retained 0 seconds 0.006523676682263613
sset_21_gloiZ_gTJaE_frame_00038228 pair 128 [8, 9] combined 136 players 0 retained 0 seconds 0.005988584831357002
sset_21_gloiZ_gTJaE_frame_00038228 pair 132 [8, 13] combined 0 players 0 retained 0 seconds 0.003564339131116867
sset_21_gloiZ_gTJaE_frame_00038228 pair 133 [8, 14] combined 0 players 0 retained 0 seconds 0.006044129841029644
sset_21_gloiZ_gTJaE_frame_00038228 pair 135 [9, 0] combined 0 players 0 retained 0 seconds 0.009111118037253618
sset_21_gloiZ_gTJaE_frame_00038228 pair 138 [9, 3] combined 0 players 0 retained 0 seconds 0.006652018055319786
sset_21_gloiZ_gTJaE_frame_00038228 pair 140 [9, 5] combined 0 players 0 retained 0 seconds 0.005293447058647871
sset_21_gloiZ_gTJaE_frame_00038228 pair 141 [9, 6] combined 0 players 0 retained 0 seconds 0.004785755183547735
sset_21_gloiZ_gTJaE_frame_00038228 pair 143 [9, 8] combined 272 players 0 retained 0 seconds 0.006696306634694338
sset_21_gloiZ_gTJaE_frame_00038228 pair 145 [9, 11] combined 4 players 0 retained 0 seconds 0.003992876969277859
sset_21_gloiZ_gTJaE_frame_00038228 pair 146 [9, 12] combined 0 players 0 retained 0 seconds 0.0035909488797187805
sset_21_gloiZ_gTJaE_frame_00038228 pair 148 [9, 14] combined 0 players 0 retained 0 seconds 0.006843011826276779
sset_21_gloiZ_gTJaE_frame_00038228 pair 152 [10, 2] combined 164 players 6 retained 3 seconds 0.0329796327278018
sset_21_gloiZ_gTJaE_frame_00038228 pair 156 [10, 6] combined 116 players 4 retained 2 seconds 0.032410137820988894
sset_21_gloiZ_gTJaE_frame_00038228 pair 161 [10, 12] combined 8 players 0 retained 0 seconds 0.004220333881676197
sset_21_gloiZ_gTJaE_frame_00038228 pair 167 [11, 2] combined 76 players 0 retained 0 seconds 0.005567533895373344
sset_21_gloiZ_gTJaE_frame_00038228 pair 169 [11, 4] combined 36 players 0 retained 0 seconds 0.005018460098654032
sset_21_gloiZ_gTJaE_frame_00038228 pair 171 [11, 6] combined 0 players 0 retained 0 seconds 0.004721581935882568
sset_21_gloiZ_gTJaE_frame_00038228 pair 174 [11, 9] combined 0 players 0 retained 0 seconds 0.00420009670779109
sset_21_gloiZ_gTJaE_frame_00038228 pair 177 [11, 13] combined 0 players 0 retained 0 seconds 0.0030401628464460373
sset_21_gloiZ_gTJaE_frame_00038228 pair 178 [11, 14] combined 68 players 34 retained 17 seconds 0.0342492931522429
sset_21_gloiZ_gTJaE_frame_00038228 pair 184 [12, 4] combined 0 players 0 retained 0 seconds 0.006151839159429073
sset_21_gloiZ_gTJaE_frame_00038228 pair 189 [12, 9] combined 0 players 0 retained 0 seconds 0.005804332904517651
sset_21_gloiZ_gTJaE_frame_00038228 pair 190 [12, 10] combined 0 players 0 retained 0 seconds 0.004521278664469719
sset_21_gloiZ_gTJaE_frame_00038228 pair 192 [12, 13] combined 0 players 0 retained 0 seconds 0.003371880855411291
sset_21_gloiZ_gTJaE_frame_00038228 pair 193 [12, 14] combined 60 players 30 retained 15 seconds 0.03427489986643195
sset_21_gloiZ_gTJaE_frame_00038228 pair 194 [12, 15] combined 0 players 0 retained 0 seconds 0.004285078030079603
sset_21_gloiZ_gTJaE_frame_00038228 pair 195 [13, 0] combined 200 players 0 retained 0 seconds 0.005959540139883757
sset_21_gloiZ_gTJaE_frame_00038228 pair 196 [13, 1] combined 168 players 0 retained 0 seconds 0.0061826203018426895
sset_21_gloiZ_gTJaE_frame_00038228 pair 197 [13, 2] combined 0 players 0 retained 0 seconds 0.005601018201559782
sset_21_gloiZ_gTJaE_frame_00038228 pair 198 [13, 3] combined 0 players 0 retained 0 seconds 0.0038495552726089954
sset_21_gloiZ_gTJaE_frame_00038228 pair 200 [13, 5] combined 0 players 0 retained 0 seconds 0.00394854974001646
sset_21_gloiZ_gTJaE_frame_00038228 pair 201 [13, 6] combined 0 players 0 retained 0 seconds 0.004635449964553118
sset_21_gloiZ_gTJaE_frame_00038228 pair 202 [13, 7] combined 0 players 0 retained 0 seconds 0.00465882895514369
sset_21_gloiZ_gTJaE_frame_00038228 pair 203 [13, 8] combined 120 players 0 retained 0 seconds 0.0044331541284918785
sset_21_gloiZ_gTJaE_frame_00038228 pair 206 [13, 11] combined 0 players 0 retained 0 seconds 0.0029694843105971813
sset_21_gloiZ_gTJaE_frame_00038228 pair 207 [13, 12] combined 0 players 0 retained 0 seconds 0.0030040228739380836
sset_21_gloiZ_gTJaE_frame_00038228 pair 210 [14, 0] combined 0 players 0 retained 0 seconds 0.0048194220289587975
sset_21_gloiZ_gTJaE_frame_00038228 pair 211 [14, 1] combined 0 players 0 retained 0 seconds 0.0064004636369645596
sset_21_gloiZ_gTJaE_frame_00038228 pair 213 [14, 3] combined 0 players 0 retained 0 seconds 0.004117154981940985
sset_21_gloiZ_gTJaE_frame_00038228 pair 214 [14, 4] combined 0 players 0 retained 0 seconds 0.005261430982500315
sset_21_gloiZ_gTJaE_frame_00038228 pair 215 [14, 5] combined 0 players 0 retained 0 seconds 0.003644455224275589
sset_21_gloiZ_gTJaE_frame_00038228 pair 217 [14, 7] combined 0 players 0 retained 0 seconds 0.0039035771042108536
sset_21_gloiZ_gTJaE_frame_00038228 pair 218 [14, 8] combined 0 players 0 retained 0 seconds 0.003546647261828184
sset_21_gloiZ_gTJaE_frame_00038228 pair 219 [14, 9] combined 0 players 0 retained 0 seconds 0.004762065131217241
sset_21_gloiZ_gTJaE_frame_00038228 pair 221 [14, 11] combined 0 players 0 retained 0 seconds 0.004090950824320316
sset_21_gloiZ_gTJaE_frame_00038228 pair 222 [14, 12] combined 0 players 0 retained 0 seconds 0.0037098280154168606
sset_21_gloiZ_gTJaE_frame_00038228 pair 224 [14, 15] combined 0 players 0 retained 0 seconds 0.003947257064282894
sset_21_gloiZ_gTJaE_frame_00038228 pair 237 [15, 12] combined 0 players 0 retained 0 seconds 0.0035248110070824623
sset_21_gloiZ_gTJaE_frame_00038228 pair 239 [15, 14] combined 0 players 0 retained 0 seconds 0.00684891315177083
sset_21_gloiZ_gTJaE_frame_00038228 pair 8 [0, 9] combined 0 players 0 retained 0 seconds 0.0027240668423473835
sset_21_gloiZ_gTJaE_frame_00038228 pair 12 [0, 13] combined 0 players 0 retained 0 seconds 0.0023539052344858646
sset_21_gloiZ_gTJaE_frame_00038228 pair 13 [0, 14] combined 0 players 0 retained 0 seconds 0.0039552259258925915
sset_21_gloiZ_gTJaE_frame_00038228 pair 27 [1, 13] combined 0 players 0 retained 0 seconds 0.002317750360816717
sset_21_gloiZ_gTJaE_frame_00038228 pair 28 [1, 14] combined 0 players 0 retained 0 seconds 0.0038940347731113434
sset_21_gloiZ_gTJaE_frame_00038228 pair 39 [2, 10] combined 0 players 0 retained 0 seconds 0.002226528711616993
sset_21_gloiZ_gTJaE_frame_00038228 pair 40 [2, 11] combined 0 players 0 retained 0 seconds 0.0021579391323029995
sset_21_gloiZ_gTJaE_frame_00038228 pair 42 [2, 13] combined 0 players 0 retained 0 seconds 0.0019382159225642681
sset_21_gloiZ_gTJaE_frame_00038228 pair 53 [3, 9] combined 0 players 0 retained 0 seconds 0.002512184903025627
sset_21_gloiZ_gTJaE_frame_00038228 pair 57 [3, 13] combined 0 players 0 retained 0 seconds 0.0019263853318989277
sset_21_gloiZ_gTJaE_frame_00038228 pair 58 [3, 14] combined 0 players 0 retained 0 seconds 0.0029074419289827347
sset_21_gloiZ_gTJaE_frame_00038228 pair 70 [4, 11] combined 0 players 0 retained 0 seconds 0.002211559098213911
sset_21_gloiZ_gTJaE_frame_00038228 pair 71 [4, 12] combined 0 players 0 retained 0 seconds 0.00181510578840971
sset_21_gloiZ_gTJaE_frame_00038228 pair 73 [4, 14] combined 0 players 0 retained 0 seconds 0.003964476753026247
sset_21_gloiZ_gTJaE_frame_00038228 pair 83 [5, 9] combined 0 players 0 retained 0 seconds 0.0026780907064676285
sset_21_gloiZ_gTJaE_frame_00038228 pair 87 [5, 13] combined 0 players 0 retained 0 seconds 0.002052405383437872
sset_21_gloiZ_gTJaE_frame_00038228 pair 88 [5, 14] combined 0 players 0 retained 0 seconds 0.0026305480860173702
sset_21_gloiZ_gTJaE_frame_00038228 pair 98 [6, 9] combined 0 players 0 retained 0 seconds 0.0024489792995154858
sset_21_gloiZ_gTJaE_frame_00038228 pair 99 [6, 10] combined 0 players 0 retained 0 seconds 0.0017689052037894726
sset_21_gloiZ_gTJaE_frame_00038228 pair 100 [6, 11] combined 0 players 0 retained 0 seconds 0.0018810639157891273
sset_21_gloiZ_gTJaE_frame_00038228 pair 102 [6, 13] combined 0 players 0 retained 0 seconds 0.0021602208726108074
sset_21_gloiZ_gTJaE_frame_00038228 pair 117 [7, 13] combined 0 players 0 retained 0 seconds 0.002195684239268303
sset_21_gloiZ_gTJaE_frame_00038228 pair 118 [7, 14] combined 0 players 0 retained 0 seconds 0.0031141331419348717
sset_21_gloiZ_gTJaE_frame_00038228 pair 128 [8, 9] combined 0 players 0 retained 0 seconds 0.0024276701733469963
sset_21_gloiZ_gTJaE_frame_00038228 pair 132 [8, 13] combined 0 players 0 retained 0 seconds 0.0018905503675341606
sset_21_gloiZ_gTJaE_frame_00038228 pair 133 [8, 14] combined 0 players 0 retained 0 seconds 0.003907904960215092
sset_21_gloiZ_gTJaE_frame_00038228 pair 135 [9, 0] combined 0 players 0 retained 0 seconds 0.002406839281320572
sset_21_gloiZ_gTJaE_frame_00038228 pair 138 [9, 3] combined 0 players 0 retained 0 seconds 0.002101533580571413
sset_21_gloiZ_gTJaE_frame_00038228 pair 140 [9, 5] combined 0 players 0 retained 0 seconds 0.0025452743284404278
sset_21_gloiZ_gTJaE_frame_00038228 pair 141 [9, 6] combined 0 players 0 retained 0 seconds 0.00210851663723588
sset_21_gloiZ_gTJaE_frame_00038228 pair 143 [9, 8] combined 0 players 0 retained 0 seconds 0.002710956148803234
sset_21_gloiZ_gTJaE_frame_00038228 pair 145 [9, 11] combined 0 players 0 retained 0 seconds 0.0019136150367558002
sset_21_gloiZ_gTJaE_frame_00038228 pair 146 [9, 12] combined 0 players 0 retained 0 seconds 0.0020249569788575172
sset_21_gloiZ_gTJaE_frame_00038228 pair 148 [9, 14] combined 0 players 0 retained 0 seconds 0.0033998265862464905
sset_21_gloiZ_gTJaE_frame_00038228 pair 152 [10, 2] combined 0 players 0 retained 0 seconds 0.0023068380542099476
sset_21_gloiZ_gTJaE_frame_00038228 pair 156 [10, 6] combined 0 players 0 retained 0 seconds 0.0024352092295885086
sset_21_gloiZ_gTJaE_frame_00038228 pair 161 [10, 12] combined 0 players 0 retained 0 seconds 0.0019071907736361027
sset_21_gloiZ_gTJaE_frame_00038228 pair 167 [11, 2] combined 0 players 0 retained 0 seconds 0.0021898592822253704
sset_21_gloiZ_gTJaE_frame_00038228 pair 169 [11, 4] combined 0 players 0 retained 0 seconds 0.0019189920276403427
sset_21_gloiZ_gTJaE_frame_00038228 pair 171 [11, 6] combined 0 players 0 retained 0 seconds 0.001980328932404518
sset_21_gloiZ_gTJaE_frame_00038228 pair 174 [11, 9] combined 0 players 0 retained 0 seconds 0.0020631332881748676
sset_21_gloiZ_gTJaE_frame_00038228 pair 177 [11, 13] combined 0 players 0 retained 0 seconds 0.0018948782235383987
sset_21_gloiZ_gTJaE_frame_00038228 pair 178 [11, 14] combined 0 players 0 retained 0 seconds 0.0035393270663917065
sset_21_gloiZ_gTJaE_frame_00038228 pair 184 [12, 4] combined 0 players 0 retained 0 seconds 0.0020171781070530415
sset_21_gloiZ_gTJaE_frame_00038228 pair 189 [12, 9] combined 0 players 0 retained 0 seconds 0.002484865952283144
sset_21_gloiZ_gTJaE_frame_00038228 pair 190 [12, 10] combined 0 players 0 retained 0 seconds 0.0017521800473332405
sset_21_gloiZ_gTJaE_frame_00038228 pair 192 [12, 13] combined 0 players 0 retained 0 seconds 0.001729723997414112
sset_21_gloiZ_gTJaE_frame_00038228 pair 193 [12, 14] combined 0 players 0 retained 0 seconds 0.0035564680583775043
sset_21_gloiZ_gTJaE_frame_00038228 pair 194 [12, 15] combined 0 players 0 retained 0 seconds 0.0017187148332595825
sset_21_gloiZ_gTJaE_frame_00038228 pair 195 [13, 0] combined 0 players 0 retained 0 seconds 0.002117494121193886
sset_21_gloiZ_gTJaE_frame_00038228 pair 196 [13, 1] combined 0 players 0 retained 0 seconds 0.001821958925575018
sset_21_gloiZ_gTJaE_frame_00038228 pair 197 [13, 2] combined 0 players 0 retained 0 seconds 0.002283718902617693
sset_21_gloiZ_gTJaE_frame_00038228 pair 198 [13, 3] combined 0 players 0 retained 0 seconds 0.0018719090148806572
sset_21_gloiZ_gTJaE_frame_00038228 pair 200 [13, 5] combined 0 players 0 retained 0 seconds 0.002171632833778858
sset_21_gloiZ_gTJaE_frame_00038228 pair 201 [13, 6] combined 0 players 0 retained 0 seconds 0.0020593199878931046
sset_21_gloiZ_gTJaE_frame_00038228 pair 202 [13, 7] combined 0 players 0 retained 0 seconds 0.0017368900589644909
sset_21_gloiZ_gTJaE_frame_00038228 pair 203 [13, 8] combined 0 players 0 retained 0 seconds 0.002191985957324505
sset_21_gloiZ_gTJaE_frame_00038228 pair 206 [13, 11] combined 0 players 0 retained 0 seconds 0.0018767211586236954
sset_21_gloiZ_gTJaE_frame_00038228 pair 207 [13, 12] combined 0 players 0 retained 0 seconds 0.0017763231880962849
sset_21_gloiZ_gTJaE_frame_00038228 pair 210 [14, 0] combined 0 players 0 retained 0 seconds 0.0025165737606585026
sset_21_gloiZ_gTJaE_frame_00038228 pair 211 [14, 1] combined 0 players 0 retained 0 seconds 0.002258415799587965
sset_21_gloiZ_gTJaE_frame_00038228 pair 213 [14, 3] combined 0 players 0 retained 0 seconds 0.0027598957531154156
sset_21_gloiZ_gTJaE_frame_00038228 pair 214 [14, 4] combined 0 players 0 retained 0 seconds 0.0025042137131094933
sset_21_gloiZ_gTJaE_frame_00038228 pair 215 [14, 5] combined 0 players 0 retained 0 seconds 0.0022147521376609802
sset_21_gloiZ_gTJaE_frame_00038228 pair 217 [14, 7] combined 0 players 0 retained 0 seconds 0.002355598844587803
sset_21_gloiZ_gTJaE_frame_00038228 pair 218 [14, 8] combined 0 players 0 retained 0 seconds 0.0027173603884875774
sset_21_gloiZ_gTJaE_frame_00038228 pair 219 [14, 9] combined 0 players 0 retained 0 seconds 0.0027734809555113316
sset_21_gloiZ_gTJaE_frame_00038228 pair 221 [14, 11] combined 0 players 0 retained 0 seconds 0.0023184590972959995
sset_21_gloiZ_gTJaE_frame_00038228 pair 222 [14, 12] combined 0 players 0 retained 0 seconds 0.0023939930833876133
sset_21_gloiZ_gTJaE_frame_00038228 pair 224 [14, 15] combined 0 players 0 retained 0 seconds 0.0024085910990834236
sset_21_gloiZ_gTJaE_frame_00038228 pair 237 [15, 12] combined 0 players 0 retained 0 seconds 0.0019679288379848003
sset_21_gloiZ_gTJaE_frame_00038228 pair 239 [15, 14] combined 0 players 0 retained 0 seconds 0.0038801650516688824
[sset_21_gloiZ_gTJaE_frame_00038228] line-template: preparing rectangles
[sset_21_gloiZ_gTJaE_frame_00038228] measuring 418 parents (G0=162, G1=0, line_template=256; conflicting geometry groups=0)
[sset_21_gloiZ_gTJaE_frame_00038228] parents 250/418
[sset_21_gloiZ_gTJaE_frame_00038228] refitting 418 parents
[sset_21_gloiZ_gTJaE_frame_00038228] refits 250/418; valid children=87
{"view_id": "sset_21_gloiZ_gTJaE_frame_00038228", "chosen_key": null, "no_court_reason": "no_gated_court", "all_checks_equal": true, "error": null}
{"views": ["shuttleset_21_scene_0034", "shuttleset_21_scene_0044", "sset_21_gloiZ_gTJaE_frame_00100347", "sset_21_gloiZ_gTJaE_frame_00000300", "sset_21_gloiZ_gTJaE_frame_00023893", "sset_21_gloiZ_gTJaE_frame_00038228"], "startup_seconds": 0.03698606416583061, "wall_seconds": 1156.904988261871, "peak_rss_mb": 2287.39453125, "failed": []}
