shuttleset_03_scene_0017 svd12 pair 1 matched
shuttleset_03_scene_0017 svd12 pair 2 matched
shuttleset_03_scene_0017 svd12 pair 4 matched
shuttleset_03_scene_0017 svd12 pair 5 matched
shuttleset_03_scene_0017 svd12 pair 6 camera_direction_bound
shuttleset_03_scene_0017 svd12 pair 7 camera_direction_bound
shuttleset_03_scene_0017 svd12 pair 8 camera_direction_bound
shuttleset_03_scene_0017 svd12 pair 10 camera_direction_bound
am2_window_00_frame_150 full16 pair 0 matched
shuttleset_03_scene_0017 svd12 pair 11 matched
shuttleset_03_scene_0017 svd12 pair 13 matched
shuttleset_03_scene_0017 svd12 pair 14 matched
am3_window_00_frame_0 full16 pair 0 matched
gxBQ_window_00_frame_5 svd12 pair 16 matched
gxBQ_window_00_frame_0 full16 pair 0 matched
gxBQ_window_00_frame_0 full16 pair 1 camera_direction_bound
shuttleset_03_scene_0017 svd12 pair 30 matched
shuttleset_03_scene_0017 svd12 pair 32 camera_direction_bound
shuttleset_03_scene_0017 svd12 pair 34 matched
shuttleset_03_scene_0017 svd12 pair 35 matched
shuttleset_03_scene_0017 svd12 pair 36 camera_direction_bound
shuttleset_03_scene_0017 svd12 pair 37 camera_direction_bound
shuttleset_03_scene_0017 svd12 pair 38 camera_direction_bound
shuttleset_03_scene_0017 svd12 pair 40 camera_direction_bound
shuttleset_03_scene_0017 svd12 pair 41 camera_direction_bound
shuttleset_03_scene_0017 svd12 pair 43 camera_direction_bound
shuttleset_03_scene_0017 svd12 pair 44 camera_direction_bound
am2_window_00_frame_150 full16 pair 1 matched
am2_window_00_frame_150 full16 pair 2 camera_direction_bound
am2_window_00_frame_150 full16 pair 3 camera_direction_bound
shuttleset_03_scene_0017 svd12 pair 45 matched
shuttleset_03_scene_0017 svd12 pair 47 camera_direction_bound
shuttleset_03_scene_0017 svd12 pair 49 matched
shuttleset_03_scene_0017 svd12 pair 50 matched
gxBQ_window_00_frame_5 svd12 pair 17 matched
am3_window_00_frame_0 full16 pair 1 matched
am3_window_00_frame_0 full16 pair 2 camera_direction_bound
am2_window_01_frame_28019 svd12 pair 0 matched
am2_window_01_frame_28019 svd12 pair 1 camera_direction_bound
am2_window_01_frame_28019 svd12 pair 2 camera_direction_bound
am2_window_01_frame_28019 svd12 pair 6 camera_direction_bound
am2_window_01_frame_28019 svd12 pair 8 camera_direction_bound
am2_window_01_frame_28019 svd12 pair 9 camera_direction_bound
shuttleset_03_scene_0017 svd12 pair 51 matched
shuttleset_03_scene_0017 svd12 pair 52 camera_direction_bound
shuttleset_03_scene_0017 svd12 pair 53 matched
shuttleset_03_scene_0017 svd12 pair 55 camera_direction_bound
shuttleset_03_scene_0017 svd12 pair 56 camera_direction_bound
shuttleset_03_scene_0017 svd12 pair 58 camera_direction_bound
shuttleset_03_scene_0017 svd12 pair 59 camera_direction_bound
am2_window_00_frame_150 full16 pair 4 matched
am2_window_00_frame_150 full16 pair 5 camera_direction_bound
am3_window_00_frame_0 full16 pair 3 matched
am3_window_00_frame_0 full16 pair 4 camera_direction_bound
am3_window_00_frame_0 full16 pair 5 camera_direction_bound
shuttleset_03_scene_0017 svd12 pair 75 matched
gxBQ_window_00_frame_5 svd12 pair 19 matched
shuttleset_03_scene_0017 svd12 pair 77 matched
gxBQ_window_00_frame_0 full16 pair 2 matched
shuttleset_03_scene_0017 svd12 pair 78 matched
shuttleset_03_scene_0017 svd12 pair 80 camera_direction_bound
shuttleset_03_scene_0017 svd12 pair 81 camera_direction_bound
shuttleset_03_scene_0017 svd12 pair 82 matched
shuttleset_03_scene_0017 svd12 pair 83 camera_direction_bound
shuttleset_03_scene_0017 svd12 pair 85 matched
shuttleset_03_scene_0017 svd12 pair 86 matched
shuttleset_03_scene_0017 svd12 pair 88 matched
shuttleset_03_scene_0017 svd12 pair 89 matched
gxBQ_window_00_frame_0 full16 pair 3 matched
gxBQ_window_00_frame_0 full16 pair 4 camera_direction_bound
shuttleset_03_scene_0017 svd12 pair 90 matched
shuttleset_03_scene_0017 svd12 pair 92 matched
shuttleset_03_scene_0017 svd12 pair 93 matched
shuttleset_03_scene_0017 svd12 pair 95 camera_direction_bound
am3_window_00_frame_0 full16 pair 6 matched
shuttleset_03_scene_0017 svd12 pair 96 matched
shuttleset_03_scene_0017 svd12 pair 97 matched
shuttleset_03_scene_0017 svd12 pair 98 camera_direction_bound
gxBQ_window_00_frame_5 svd12 pair 20 matched
gxBQ_window_00_frame_5 svd12 pair 21 camera_direction_bound
gxBQ_window_00_frame_5 svd12 pair 22 camera_direction_bound
gxBQ_window_00_frame_5 svd12 pair 23 camera_direction_bound
shuttleset_03_scene_0017 svd12 pair 100 matched
shuttleset_03_scene_0017 svd12 pair 101 matched
shuttleset_03_scene_0017 svd12 pair 103 matched
shuttleset_03_scene_0017 svd12 pair 104 matched
shuttleset_03_scene_0017 svd12 pair 105 camera_direction_bound
shuttleset_03_scene_0017 svd12 pair 107 camera_direction_bound
am2_window_00_frame_150 full16 pair 6 matched
gxBQ_window_00_frame_5 svd12 pair 24 matched
shuttleset_03_scene_0017 svd12 pair 108 matched
shuttleset_03_scene_0017 svd12 pair 110 camera_direction_bound
am2_window_00_frame_150 full16 pair 7 matched
am2_window_00_frame_150 full16 pair 8 matched
am2_window_00_frame_150 full16 pair 9 camera_direction_bound
am2_window_00_frame_150 full16 pair 10 camera_direction_bound
am2_window_00_frame_150 full16 pair 11 camera_direction_bound
shuttleset_03_scene_0017 svd12 pair 111 matched
shuttleset_03_scene_0017 svd12 pair 112 matched
shuttleset_03_scene_0017 svd12 pair 113 camera_direction_bound
shuttleset_03_scene_0017 svd12 pair 115 matched
shuttleset_03_scene_0017 svd12 pair 116 matched
shuttleset_03_scene_0017 svd12 pair 118 camera_direction_bound
shuttleset_03_scene_0017 svd12 pair 119 camera_direction_bound
shuttleset_03_scene_0017 svd12 pair 120 camera_direction_bound
shuttleset_03_scene_0017 svd12 pair 122 camera_direction_bound
shuttleset_03_scene_0017 svd12 pair 123 camera_direction_bound
am2_window_01_frame_28019 svd12 pair 10 matched
am2_window_01_frame_28019 svd12 pair 11 camera_direction_bound
am2_window_01_frame_28019 svd12 pair 12 camera_direction_bound
shuttleset_03_scene_0017 svd12 pair 125 matched
am3_window_00_frame_0 full16 pair 7 matched
am3_window_00_frame_0 full16 pair 8 camera_direction_bound
am3_window_00_frame_0 full16 pair 9 camera_direction_bound
am3_window_00_frame_0 full16 pair 10 camera_direction_bound
am3_window_00_frame_0 full16 pair 11 camera_direction_bound
am3_window_00_frame_0 full16 pair 12 camera_direction_bound
am3_window_00_frame_0 full16 pair 13 camera_direction_bound
am3_window_00_frame_0 full16 pair 14 camera_direction_bound
shuttleset_03_scene_0017 svd12 pair 126 matched
gxBQ_window_00_frame_0 full16 pair 5 matched
gxBQ_window_00_frame_0 full16 pair 6 camera_direction_bound
am2_window_01_frame_28019 svd12 pair 13 matched
am2_window_01_frame_28019 svd12 pair 14 camera_direction_bound
shuttleset_03_scene_0017 svd12 pair 127 matched
shuttleset_03_scene_0017 svd12 pair 128 matched
shuttleset_03_scene_0017 svd12 pair 130 camera_direction_bound
shuttleset_03_scene_0017 svd12 pair 131 camera_direction_bound
shuttleset_03_scene_0017 svd12 pair 133 camera_direction_bound
shuttleset_03_scene_0017 svd12 pair 134 camera_direction_bound
shuttleset_03_scene_0017 svd12 pair 135 camera_direction_bound
shuttleset_03_scene_0017 svd12 pair 137 camera_direction_bound
shuttleset_03_scene_0017 svd12 pair 138 matched
shuttleset_03_scene_0017 svd12 pair 140 camera_direction_bound
shuttleset_03_scene_0017 svd12 pair 141 camera_direction_bound
shuttleset_03_scene_0017 svd12 pair 142 camera_direction_bound
shuttleset_03_scene_0017 svd12 pair 143 matched
shuttleset_03_scene_0017 svd12 pair 145 matched
shuttleset_03_scene_0017 svd12 pair 146 matched
am2_window_00_frame_150 full16 pair 12 matched
shuttleset_03_scene_0017 svd12 pair 148 matched
shuttleset_03_scene_0017 svd12 pair 149 camera_direction_bound
shuttleset_03_scene_0017 svd12 pair 165 camera_direction_bound
shuttleset_03_scene_0017 svd12 pair 167 camera_direction_bound
shuttleset_03_scene_0017 svd12 pair 168 camera_direction_bound
gxBQ_window_00_frame_5 svd12 pair 25 matched
shuttleset_03_scene_0017 svd12 pair 170 matched
shuttleset_03_scene_0017 svd12 pair 171 matched
shuttleset_03_scene_0017 svd12 pair 172 matched
shuttleset_03_scene_0017 svd12 pair 173 camera_direction_bound
shuttleset_03_scene_0017 svd12 pair 174 matched
shuttleset_03_scene_0017 svd12 pair 176 camera_direction_bound
shuttleset_03_scene_0017 svd12 pair 178 camera_direction_bound
shuttleset_03_scene_0017 svd12 pair 179 camera_direction_bound
shuttleset_03_scene_0017 svd12 pair 180 matched
shuttleset_03_scene_0017 svd12 pair 182 camera_direction_bound
shuttleset_03_scene_0017 svd12 pair 183 camera_direction_bound
shuttleset_03_scene_0017 svd12 pair 185 matched
shuttleset_03_scene_0017 svd12 pair 186 matched
shuttleset_03_scene_0017 svd12 pair 187 matched
shuttleset_03_scene_0017 svd12 pair 188 camera_direction_bound
shuttleset_03_scene_0017 svd12 pair 189 matched
shuttleset_03_scene_0017 svd12 pair 191 camera_direction_bound
shuttleset_03_scene_0017 svd12 pair 193 camera_direction_bound
shuttleset_03_scene_0017 svd12 pair 194 camera_direction_bound
shuttleset_03_scene_0017 svd12 pair 210 matched
shuttleset_03_scene_0017 svd12 pair 212 camera_direction_bound
shuttleset_03_scene_0017 svd12 pair 213 camera_direction_bound
shuttleset_03_scene_0017 svd12 pair 215 matched
shuttleset_03_scene_0017 svd12 pair 216 matched
shuttleset_03_scene_0017 svd12 pair 217 camera_direction_bound
shuttleset_03_scene_0017 svd12 pair 218 camera_direction_bound
shuttleset_03_scene_0017 svd12 pair 219 matched
shuttleset_03_scene_0017 svd12 pair 221 camera_direction_bound
shuttleset_03_scene_0017 svd12 pair 222 camera_direction_bound
shuttleset_03_scene_0017 svd12 pair 224 camera_direction_bound
shuttleset_03_scene_0017 svd12 pair 225 matched
shuttleset_03_scene_0017 svd12 pair 227 camera_direction_bound
shuttleset_03_scene_0017 svd12 pair 228 camera_direction_bound
shuttleset_03_scene_0017 svd12 pair 230 matched
am3_window_00_frame_0 full16 pair 15 matched
am2_window_00_frame_150 full16 pair 13 matched
am2_window_00_frame_150 full16 pair 14 camera_direction_bound
shuttleset_03_scene_0017 svd12 pair 231 matched
shuttleset_03_scene_0017 svd12 pair 232 camera_direction_bound
shuttleset_03_scene_0017 svd12 pair 233 camera_direction_bound
shuttleset_03_scene_0017 svd12 pair 234 camera_direction_bound
shuttleset_03_scene_0017 svd12 pair 236 camera_direction_bound
shuttleset_03_scene_0017 svd12 pair 237 camera_direction_bound
shuttleset_03_scene_0017 svd12 pair 239 camera_direction_bound
shuttleset_03_scene_0017 full16 pair 0 matched
gxBQ_window_00_frame_0 full16 pair 7 matched
gxBQ_window_00_frame_5 svd12 pair 27 matched
shuttleset_03_scene_0017 full16 pair 1 matched
shuttleset_03_scene_0017 full16 pair 2 matched
shuttleset_03_scene_0017 full16 pair 3 camera_direction_bound
am3_window_00_frame_0 full16 pair 16 matched
shuttleset_03_scene_0017 full16 pair 4 matched
am2_window_01_frame_28019 svd12 pair 15 matched
shuttleset_03_scene_0017 full16 pair 5 matched
shuttleset_03_scene_0017 full16 pair 6 camera_direction_bound
shuttleset_03_scene_0017 full16 pair 7 camera_direction_bound
shuttleset_03_scene_0017 full16 pair 8 camera_direction_bound
am2_window_00_frame_150 full16 pair 15 matched
shuttleset_03_scene_0017 full16 pair 9 matched
shuttleset_03_scene_0017 full16 pair 10 camera_direction_bound
gxBQ_window_00_frame_5 svd12 pair 28 matched
shuttleset_03_scene_0017 full16 pair 11 matched
shuttleset_03_scene_0017 full16 pair 12 camera_direction_bound
shuttleset_03_scene_0017 full16 pair 13 matched
gxBQ_window_00_frame_0 full16 pair 8 matched
am3_window_00_frame_0 full16 pair 17 matched
am3_window_00_frame_0 full16 pair 18 camera_direction_bound
shuttleset_03_scene_0017 full16 pair 14 matched
shuttleset_03_scene_0017 full16 pair 15 matched
shuttleset_03_scene_0017 full16 pair 16 matched
shuttleset_03_scene_0017 full16 pair 17 camera_direction_bound
shuttleset_03_scene_0017 full16 pair 18 matched
shuttleset_03_scene_0017 full16 pair 19 camera_direction_bound
shuttleset_03_scene_0017 full16 pair 20 camera_direction_bound
shuttleset_03_scene_0017 full16 pair 21 matched
am3_window_00_frame_0 full16 pair 19 matched
gxBQ_window_00_frame_5 svd12 pair 31 matched
shuttleset_03_scene_0017 full16 pair 22 matched
shuttleset_03_scene_0017 full16 pair 23 camera_direction_bound
shuttleset_03_scene_0017 full16 pair 24 camera_direction_bound
shuttleset_03_scene_0017 full16 pair 25 matched
shuttleset_03_scene_0017 full16 pair 26 matched
shuttleset_03_scene_0017 full16 pair 27 camera_direction_bound
shuttleset_03_scene_0017 full16 pair 28 camera_direction_bound
shuttleset_03_scene_0017 full16 pair 29 matched
am2_window_00_frame_150 full16 pair 16 matched
gxBQ_window_00_frame_0 full16 pair 9 matched
gxBQ_window_00_frame_0 full16 pair 10 camera_direction_bound
shuttleset_03_scene_0017 full16 pair 30 matched
am2_window_01_frame_28019 svd12 pair 16 matched
am2_window_01_frame_28019 svd12 pair 17 camera_direction_bound
shuttleset_03_scene_0017 full16 pair 31 matched
shuttleset_03_scene_0017 full16 pair 32 camera_direction_bound
shuttleset_03_scene_0017 full16 pair 33 matched
shuttleset_03_scene_0017 full16 pair 34 matched
shuttleset_03_scene_0017 full16 pair 35 matched
shuttleset_03_scene_0017 full16 pair 36 camera_direction_bound
shuttleset_03_scene_0017 full16 pair 37 camera_direction_bound
shuttleset_03_scene_0017 full16 pair 38 camera_direction_bound
am3_window_00_frame_0 full16 pair 20 matched
am3_window_00_frame_0 full16 pair 21 camera_direction_bound
am3_window_00_frame_0 full16 pair 22 camera_direction_bound
gxBQ_window_00_frame_0 full16 pair 11 matched
gxBQ_window_00_frame_0 full16 pair 12 camera_direction_bound
gxBQ_window_00_frame_0 full16 pair 13 camera_direction_bound
gxBQ_window_00_frame_0 full16 pair 14 camera_direction_bound
shuttleset_03_scene_0017 full16 pair 39 matched
shuttleset_03_scene_0017 full16 pair 40 camera_direction_bound
shuttleset_03_scene_0017 full16 pair 41 camera_direction_bound
am3_window_00_frame_0 full16 pair 23 matched
shuttleset_03_scene_0017 full16 pair 42 matched
shuttleset_03_scene_0017 full16 pair 43 camera_direction_bound
shuttleset_03_scene_0017 full16 pair 44 camera_direction_bound
gxBQ_window_00_frame_5 svd12 pair 32 matched
shuttleset_03_scene_0017 full16 pair 45 matched
shuttleset_03_scene_0017 full16 pair 46 camera_direction_bound
shuttleset_03_scene_0017 full16 pair 47 camera_direction_bound
shuttleset_03_scene_0017 full16 pair 48 matched
am3_window_00_frame_0 full16 pair 24 matched
am3_window_00_frame_0 full16 pair 25 matched
am3_window_00_frame_0 full16 pair 26 camera_direction_bound
am2_window_00_frame_150 full16 pair 17 matched
shuttleset_03_scene_0017 full16 pair 49 matched
gxBQ_window_00_frame_5 svd12 pair 34 matched
gxBQ_window_00_frame_5 svd12 pair 35 camera_direction_bound
shuttleset_03_scene_0017 full16 pair 50 matched
shuttleset_03_scene_0017 full16 pair 51 matched
shuttleset_03_scene_0017 full16 pair 52 camera_direction_bound
shuttleset_03_scene_0017 full16 pair 53 matched
shuttleset_03_scene_0017 full16 pair 54 matched
shuttleset_03_scene_0017 full16 pair 55 camera_direction_bound
shuttleset_03_scene_0017 full16 pair 56 camera_direction_bound
shuttleset_03_scene_0017 full16 pair 57 matched
shuttleset_03_scene_0017 full16 pair 58 camera_direction_bound
shuttleset_03_scene_0017 full16 pair 59 camera_direction_bound
shuttleset_03_scene_0017 full16 pair 60 camera_direction_bound
gxBQ_window_00_frame_0 full16 pair 15 matched
shuttleset_03_scene_0017 full16 pair 61 matched
shuttleset_03_scene_0017 full16 pair 62 matched
gxBQ_window_00_frame_5 svd12 pair 36 matched
am3_window_00_frame_0 full16 pair 27 matched
am2_window_00_frame_150 full16 pair 18 matched
shuttleset_03_scene_0017 full16 pair 63 matched
am2_window_01_frame_28019 svd12 pair 21 matched
am2_window_01_frame_28019 svd12 pair 23 camera_direction_bound
gxBQ_window_00_frame_5 svd12 pair 37 matched
gxBQ_window_00_frame_5 svd12 pair 38 camera_direction_bound
am2_window_00_frame_150 full16 pair 19 matched
shuttleset_03_scene_0017 full16 pair 64 matched
gxBQ_window_00_frame_5 svd12 pair 39 matched
shuttleset_03_scene_0017 full16 pair 65 matched
gxBQ_window_00_frame_0 full16 pair 16 matched
shuttleset_03_scene_0017 full16 pair 66 matched
shuttleset_03_scene_0017 full16 pair 67 camera_direction_bound
am2_window_01_frame_28019 svd12 pair 24 matched
am2_window_01_frame_28019 svd12 pair 25 camera_direction_bound
am2_window_01_frame_28019 svd12 pair 26 camera_direction_bound
am2_window_00_frame_150 full16 pair 20 matched
shuttleset_03_scene_0017 full16 pair 68 matched
am2_window_01_frame_28019 svd12 pair 27 matched
am2_window_01_frame_28019 svd12 pair 28 camera_direction_bound
am2_window_01_frame_28019 svd12 pair 29 camera_direction_bound
am2_window_01_frame_28019 svd12 pair 30 camera_direction_bound
shuttleset_03_scene_0017 full16 pair 69 matched
shuttleset_03_scene_0017 full16 pair 70 camera_direction_bound
shuttleset_03_scene_0017 full16 pair 71 camera_direction_bound
shuttleset_03_scene_0017 full16 pair 72 matched
shuttleset_03_scene_0017 full16 pair 73 matched
shuttleset_03_scene_0017 full16 pair 74 matched
am3_window_00_frame_0 full16 pair 28 matched
gxBQ_window_00_frame_0 full16 pair 17 matched
shuttleset_03_scene_0017 full16 pair 75 matched
shuttleset_03_scene_0017 full16 pair 76 camera_direction_bound
gxBQ_window_00_frame_0 full16 pair 18 matched
shuttleset_03_scene_0017 full16 pair 77 matched
shuttleset_03_scene_0017 full16 pair 78 matched
am2_window_00_frame_150 full16 pair 21 matched
am2_window_00_frame_150 full16 pair 22 camera_direction_bound
am2_window_00_frame_150 full16 pair 23 camera_direction_bound
shuttleset_03_scene_0017 full16 pair 79 matched
shuttleset_03_scene_0017 full16 pair 80 camera_direction_bound
shuttleset_03_scene_0017 full16 pair 81 camera_direction_bound
shuttleset_03_scene_0017 full16 pair 82 matched
shuttleset_03_scene_0017 full16 pair 83 camera_direction_bound
shuttleset_03_scene_0017 full16 pair 84 camera_direction_bound
shuttleset_03_scene_0017 full16 pair 85 matched
gxBQ_window_00_frame_5 svd12 pair 40 matched
gxBQ_window_00_frame_5 svd12 pair 42 camera_direction_bound
gxBQ_window_00_frame_5 svd12 pair 43 camera_direction_bound
shuttleset_03_scene_0017 full16 pair 86 matched
shuttleset_03_scene_0017 full16 pair 87 camera_direction_bound
shuttleset_03_scene_0017 full16 pair 88 matched
shuttleset_03_scene_0017 full16 pair 89 matched
am2_window_00_frame_150 full16 pair 24 matched
am2_window_00_frame_150 full16 pair 25 camera_direction_bound
shuttleset_03_scene_0017 full16 pair 90 matched
shuttleset_03_scene_0017 full16 pair 91 camera_direction_bound
shuttleset_03_scene_0017 full16 pair 92 matched
am3_window_00_frame_0 full16 pair 29 matched
shuttleset_03_scene_0017 full16 pair 93 matched
gxBQ_window_00_frame_0 full16 pair 19 matched
gxBQ_window_00_frame_0 full16 pair 20 camera_direction_bound
shuttleset_03_scene_0017 full16 pair 94 matched
shuttleset_03_scene_0017 full16 pair 95 camera_direction_bound
shuttleset_03_scene_0017 full16 pair 96 matched
shuttleset_03_scene_0017 full16 pair 97 matched
shuttleset_03_scene_0017 full16 pair 98 camera_direction_bound
shuttleset_03_scene_0017 full16 pair 99 camera_direction_bound
gxBQ_window_00_frame_5 svd12 pair 46 matched
shuttleset_03_scene_0017 full16 pair 100 matched
shuttleset_03_scene_0017 full16 pair 101 matched
shuttleset_03_scene_0017 full16 pair 102 camera_direction_bound
shuttleset_03_scene_0017 full16 pair 103 matched
shuttleset_03_scene_0017 full16 pair 104 matched
shuttleset_03_scene_0017 full16 pair 105 camera_direction_bound
am2_window_00_frame_150 full16 pair 26 matched
shuttleset_03_scene_0017 full16 pair 106 matched
shuttleset_03_scene_0017 full16 pair 107 camera_direction_bound
am2_window_01_frame_28019 svd12 pair 31 matched
am2_window_01_frame_28019 svd12 pair 32 camera_direction_bound
am2_window_01_frame_28019 svd12 pair 36 camera_direction_bound
am2_window_01_frame_28019 svd12 pair 38 camera_direction_bound
am2_window_01_frame_28019 svd12 pair 39 camera_direction_bound
am2_window_00_frame_150 full16 pair 27 matched
am3_window_00_frame_0 full16 pair 30 matched
shuttleset_03_scene_0017 full16 pair 108 matched
gxBQ_window_00_frame_0 full16 pair 21 matched
shuttleset_03_scene_0017 full16 pair 109 matched
shuttleset_03_scene_0017 full16 pair 110 camera_direction_bound
am2_window_00_frame_150 full16 pair 28 matched
am2_window_00_frame_150 full16 pair 29 camera_direction_bound
shuttleset_03_scene_0017 full16 pair 111 matched
shuttleset_03_scene_0017 full16 pair 112 matched
shuttleset_03_scene_0017 full16 pair 113 camera_direction_bound
shuttleset_03_scene_0017 full16 pair 114 matched
shuttleset_03_scene_0017 full16 pair 115 matched
shuttleset_03_scene_0017 full16 pair 116 matched
shuttleset_03_scene_0017 full16 pair 117 camera_direction_bound
shuttleset_03_scene_0017 full16 pair 118 camera_direction_bound
shuttleset_03_scene_0017 full16 pair 119 camera_direction_bound
shuttleset_03_scene_0017 full16 pair 120 camera_direction_bound
shuttleset_03_scene_0017 full16 pair 121 matched
shuttleset_03_scene_0017 full16 pair 122 camera_direction_bound
shuttleset_03_scene_0017 full16 pair 123 camera_direction_bound
shuttleset_03_scene_0017 full16 pair 124 camera_direction_bound
shuttleset_03_scene_0017 full16 pair 125 matched
shuttleset_03_scene_0017 full16 pair 126 matched
gxBQ_window_00_frame_5 svd12 pair 47 matched
gxBQ_window_00_frame_5 svd12 pair 49 camera_direction_bound
gxBQ_window_00_frame_5 svd12 pair 50 camera_direction_bound
shuttleset_03_scene_0017 full16 pair 127 matched
shuttleset_03_scene_0017 full16 pair 128 matched
shuttleset_03_scene_0017 full16 pair 129 matched
shuttleset_03_scene_0017 full16 pair 130 camera_direction_bound
shuttleset_03_scene_0017 full16 pair 131 camera_direction_bound
shuttleset_03_scene_0017 full16 pair 132 matched
shuttleset_03_scene_0017 full16 pair 133 camera_direction_bound
shuttleset_03_scene_0017 full16 pair 134 camera_direction_bound
shuttleset_03_scene_0017 full16 pair 135 camera_direction_bound
shuttleset_03_scene_0017 full16 pair 136 camera_direction_bound
shuttleset_03_scene_0017 full16 pair 137 camera_direction_bound
shuttleset_03_scene_0017 full16 pair 138 matched
shuttleset_03_scene_0017 full16 pair 139 matched
shuttleset_03_scene_0017 full16 pair 140 camera_direction_bound
shuttleset_03_scene_0017 full16 pair 141 camera_direction_bound
shuttleset_03_scene_0017 full16 pair 142 camera_direction_bound
shuttleset_03_scene_0017 full16 pair 143 matched
shuttleset_03_scene_0017 full16 pair 144 camera_direction_bound
shuttleset_03_scene_0017 full16 pair 145 matched
shuttleset_03_scene_0017 full16 pair 146 matched
shuttleset_03_scene_0017 full16 pair 147 camera_direction_bound
shuttleset_03_scene_0017 full16 pair 148 matched
shuttleset_03_scene_0017 full16 pair 149 camera_direction_bound
am3_window_00_frame_0 full16 pair 31 matched
gxBQ_window_00_frame_0 full16 pair 22 matched
gxBQ_window_00_frame_0 full16 pair 23 camera_direction_bound
gxBQ_window_00_frame_0 full16 pair 24 camera_direction_bound
shuttleset_03_scene_0017 full16 pair 150 matched
shuttleset_03_scene_0017 full16 pair 151 camera_direction_bound
shuttleset_03_scene_0017 full16 pair 152 matched
am2_window_00_frame_150 full16 pair 30 matched
shuttleset_03_scene_0017 full16 pair 153 matched
shuttleset_03_scene_0017 full16 pair 154 matched
shuttleset_03_scene_0017 full16 pair 155 camera_direction_bound
shuttleset_03_scene_0017 full16 pair 156 camera_direction_bound
gxBQ_window_00_frame_5 svd12 pair 51 matched
gxBQ_window_00_frame_5 svd12 pair 52 camera_direction_bound
am3_window_00_frame_0 full16 pair 32 matched
gxBQ_window_00_frame_0 full16 pair 25 matched
gxBQ_window_00_frame_0 full16 pair 26 camera_direction_bound
shuttleset_03_scene_0017 full16 pair 157 matched
shuttleset_03_scene_0017 full16 pair 158 matched
shuttleset_03_scene_0017 full16 pair 159 camera_direction_bound
am3_window_00_frame_0 full16 pair 33 matched
shuttleset_03_scene_0017 full16 pair 160 matched
shuttleset_03_scene_0017 full16 pair 161 matched
shuttleset_03_scene_0017 full16 pair 162 camera_direction_bound
shuttleset_03_scene_0017 full16 pair 163 matched
shuttleset_03_scene_0017 full16 pair 164 matched
shuttleset_03_scene_0017 full16 pair 165 camera_direction_bound
am3_window_00_frame_0 full16 pair 34 matched
shuttleset_03_scene_0017 full16 pair 166 matched
shuttleset_03_scene_0017 full16 pair 167 camera_direction_bound
shuttleset_03_scene_0017 full16 pair 168 camera_direction_bound
shuttleset_03_scene_0017 full16 pair 169 camera_direction_bound
shuttleset_03_scene_0017 full16 pair 170 matched
shuttleset_03_scene_0017 full16 pair 171 matched
shuttleset_03_scene_0017 full16 pair 172 matched
shuttleset_03_scene_0017 full16 pair 173 camera_direction_bound
am2_window_01_frame_28019 svd12 pair 40 matched
am2_window_01_frame_28019 svd12 pair 41 camera_direction_bound
am2_window_01_frame_28019 svd12 pair 42 camera_direction_bound
shuttleset_03_scene_0017 full16 pair 174 matched
am2_window_01_frame_28019 svd12 pair 43 matched
am2_window_01_frame_28019 svd12 pair 44 camera_direction_bound
am2_window_01_frame_28019 svd12 pair 45 camera_direction_bound
am2_window_01_frame_28019 svd12 pair 46 camera_direction_bound
am2_window_01_frame_28019 svd12 pair 47 camera_direction_bound
am2_window_01_frame_28019 svd12 pair 51 camera_direction_bound
am2_window_01_frame_28019 svd12 pair 53 camera_direction_bound
shuttleset_03_scene_0017 full16 pair 175 matched
shuttleset_03_scene_0017 full16 pair 176 camera_direction_bound
gxBQ_window_00_frame_5 svd12 pair 53 matched
gxBQ_window_00_frame_5 svd12 pair 54 camera_direction_bound
gxBQ_window_00_frame_5 svd12 pair 55 camera_direction_bound
shuttleset_03_scene_0017 full16 pair 177 matched
shuttleset_03_scene_0017 full16 pair 178 camera_direction_bound
shuttleset_03_scene_0017 full16 pair 179 camera_direction_bound
shuttleset_03_scene_0017 full16 pair 180 matched
shuttleset_03_scene_0017 full16 pair 181 matched
shuttleset_03_scene_0017 full16 pair 182 camera_direction_bound
shuttleset_03_scene_0017 full16 pair 183 camera_direction_bound
shuttleset_03_scene_0017 full16 pair 184 camera_direction_bound
shuttleset_03_scene_0017 full16 pair 185 matched
am2_window_00_frame_150 full16 pair 31 matched
shuttleset_03_scene_0017 full16 pair 186 matched
am3_window_00_frame_0 full16 pair 35 matched
am2_window_01_frame_28019 svd12 pair 54 matched
am2_window_01_frame_28019 svd12 pair 55 camera_direction_bound
am2_window_01_frame_28019 svd12 pair 56 camera_direction_bound
am2_window_01_frame_28019 svd12 pair 57 matched
am2_window_01_frame_28019 svd12 pair 58 camera_direction_bound
am2_window_01_frame_28019 svd12 pair 59 camera_direction_bound
am2_window_01_frame_28019 svd12 pair 105 camera_direction_bound
shuttleset_03_scene_0017 full16 pair 187 matched
shuttleset_03_scene_0017 full16 pair 188 camera_direction_bound
shuttleset_03_scene_0017 full16 pair 189 matched
shuttleset_03_scene_0017 full16 pair 190 matched
shuttleset_03_scene_0017 full16 pair 191 camera_direction_bound
shuttleset_03_scene_0017 full16 pair 192 matched
shuttleset_03_scene_0017 full16 pair 193 camera_direction_bound
shuttleset_03_scene_0017 full16 pair 194 camera_direction_bound
shuttleset_03_scene_0017 full16 pair 195 camera_direction_bound
shuttleset_03_scene_0017 full16 pair 196 camera_direction_bound
shuttleset_03_scene_0017 full16 pair 197 matched
shuttleset_03_scene_0017 full16 pair 198 matched
shuttleset_03_scene_0017 full16 pair 199 matched
shuttleset_03_scene_0017 full16 pair 200 camera_direction_bound
shuttleset_03_scene_0017 full16 pair 201 camera_direction_bound
shuttleset_03_scene_0017 full16 pair 202 camera_direction_bound
shuttleset_03_scene_0017 full16 pair 203 matched
shuttleset_03_scene_0017 full16 pair 204 camera_direction_bound
shuttleset_03_scene_0017 full16 pair 205 camera_direction_bound
shuttleset_03_scene_0017 full16 pair 206 matched
shuttleset_03_scene_0017 full16 pair 207 matched
shuttleset_03_scene_0017 full16 pair 208 matched
shuttleset_03_scene_0017 full16 pair 209 camera_direction_bound
gxBQ_window_00_frame_0 full16 pair 27 matched
shuttleset_03_scene_0017 full16 pair 210 matched
shuttleset_03_scene_0017 full16 pair 211 camera_direction_bound
shuttleset_03_scene_0017 full16 pair 212 camera_direction_bound
shuttleset_03_scene_0017 full16 pair 213 camera_direction_bound
gxBQ_window_00_frame_5 svd12 pair 57 matched
shuttleset_03_scene_0017 full16 pair 214 matched
am3_window_00_frame_0 full16 pair 36 matched
am3_window_00_frame_0 full16 pair 37 camera_direction_bound
am3_window_00_frame_0 full16 pair 38 camera_direction_bound
shuttleset_03_scene_0017 full16 pair 215 matched
shuttleset_03_scene_0017 full16 pair 216 matched
shuttleset_03_scene_0017 full16 pair 217 camera_direction_bound
shuttleset_03_scene_0017 full16 pair 218 camera_direction_bound
shuttleset_03_scene_0017 full16 pair 219 matched
shuttleset_03_scene_0017 full16 pair 220 matched
shuttleset_03_scene_0017 full16 pair 221 camera_direction_bound
shuttleset_03_scene_0017 full16 pair 222 camera_direction_bound
shuttleset_03_scene_0017 full16 pair 223 matched
shuttleset_03_scene_0017 full16 pair 224 camera_direction_bound
shuttleset_03_scene_0017 full16 pair 225 matched
shuttleset_03_scene_0017 full16 pair 226 matched
shuttleset_03_scene_0017 full16 pair 227 camera_direction_bound
shuttleset_03_scene_0017 full16 pair 228 camera_direction_bound
shuttleset_03_scene_0017 full16 pair 229 matched
shuttleset_03_scene_0017 full16 pair 230 matched
shuttleset_03_scene_0017 full16 pair 231 matched
shuttleset_03_scene_0017 full16 pair 232 camera_direction_bound
shuttleset_03_scene_0017 full16 pair 233 camera_direction_bound
shuttleset_03_scene_0017 full16 pair 234 camera_direction_bound
shuttleset_03_scene_0017 full16 pair 235 matched
shuttleset_03_scene_0017 full16 pair 236 camera_direction_bound
shuttleset_03_scene_0017 full16 pair 237 camera_direction_bound
shuttleset_03_scene_0017 full16 pair 238 camera_direction_bound
shuttleset_03_scene_0017 full16 pair 239 camera_direction_bound
am3_window_00_frame_0 full16 pair 39 matched
am3_window_00_frame_0 full16 pair 40 camera_direction_bound
am3_window_00_frame_0 full16 pair 41 matched
shuttleset_03_scene_0019 full16 pair 0 matched
am2_window_00_frame_150 full16 pair 32 matched
gxBQ_window_00_frame_5 svd12 pair 58 matched
shuttleset_03_scene_0019 full16 pair 1 matched
gxBQ_window_00_frame_5 svd12 pair 76 matched
shuttleset_03_scene_0019 full16 pair 2 matched
shuttleset_03_scene_0019 full16 pair 3 camera_direction_bound
am3_window_00_frame_0 full16 pair 42 matched
gxBQ_window_00_frame_0 full16 pair 28 matched
gxBQ_window_00_frame_5 svd12 pair 77 matched
gxBQ_window_00_frame_5 svd12 pair 78 camera_direction_bound
gxBQ_window_00_frame_5 svd12 pair 80 camera_direction_bound
shuttleset_03_scene_0019 full16 pair 4 matched
shuttleset_03_scene_0019 full16 pair 5 camera_direction_bound
gxBQ_window_00_frame_5 svd12 pair 81 matched
am2_window_01_frame_28019 svd12 pair 106 matched
am2_window_01_frame_28019 svd12 pair 107 camera_direction_bound
am2_window_01_frame_28019 svd12 pair 108 camera_direction_bound
am2_window_01_frame_28019 svd12 pair 113 camera_direction_bound
am2_window_01_frame_28019 svd12 pair 114 camera_direction_bound
gxBQ_window_00_frame_5 svd12 pair 82 matched
am2_window_00_frame_150 full16 pair 33 matched
am2_window_00_frame_150 full16 pair 34 camera_direction_bound
shuttleset_03_scene_0019 full16 pair 6 matched
am3_window_00_frame_0 full16 pair 43 matched
gxBQ_window_00_frame_5 svd12 pair 83 matched
gxBQ_window_00_frame_5 svd12 pair 84 camera_direction_bound
gxBQ_window_00_frame_5 svd12 pair 85 camera_direction_bound
shuttleset_03_scene_0019 full16 pair 7 matched
am2_window_00_frame_150 full16 pair 35 matched
am2_window_00_frame_150 full16 pair 36 camera_direction_bound
gxBQ_window_00_frame_0 full16 pair 29 matched
gxBQ_window_00_frame_0 full16 pair 30 camera_direction_bound
am2_window_00_frame_150 full16 pair 37 matched
am2_window_00_frame_150 full16 pair 38 matched
shuttleset_03_scene_0019 full16 pair 8 matched
am2_window_00_frame_150 full16 pair 39 matched
am2_window_00_frame_150 full16 pair 40 camera_direction_bound
gxBQ_window_00_frame_5 svd12 pair 87 matched
shuttleset_03_scene_0019 full16 pair 9 matched
am3_window_00_frame_0 full16 pair 44 matched
am3_window_00_frame_0 full16 pair 45 camera_direction_bound
shuttleset_03_scene_0019 full16 pair 10 matched
shuttleset_03_scene_0019 full16 pair 11 matched
shuttleset_03_scene_0019 full16 pair 12 matched
gxBQ_window_00_frame_5 svd12 pair 88 matched
shuttleset_03_scene_0019 full16 pair 13 matched
gxBQ_window_00_frame_0 full16 pair 31 matched
shuttleset_03_scene_0019 full16 pair 14 matched
shuttleset_03_scene_0019 full16 pair 15 matched
shuttleset_03_scene_0019 full16 pair 16 matched
shuttleset_03_scene_0019 full16 pair 17 camera_direction_bound
am3_window_00_frame_0 full16 pair 46 matched
am2_window_00_frame_150 full16 pair 41 matched
am2_window_00_frame_150 full16 pair 42 camera_direction_bound
am2_window_00_frame_150 full16 pair 43 camera_direction_bound
am2_window_00_frame_150 full16 pair 44 matched
am2_window_00_frame_150 full16 pair 45 camera_direction_bound
shuttleset_03_scene_0019 full16 pair 18 matched
shuttleset_03_scene_0019 full16 pair 19 camera_direction_bound
shuttleset_03_scene_0019 full16 pair 20 matched
shuttleset_03_scene_0019 full16 pair 21 matched
shuttleset_03_scene_0019 full16 pair 22 matched
shuttleset_03_scene_0019 full16 pair 23 camera_direction_bound
shuttleset_03_scene_0019 full16 pair 24 camera_direction_bound
shuttleset_03_scene_0019 full16 pair 25 matched
shuttleset_03_scene_0019 full16 pair 26 matched
shuttleset_03_scene_0019 full16 pair 27 matched
shuttleset_03_scene_0019 full16 pair 28 camera_direction_bound
shuttleset_03_scene_0019 full16 pair 29 camera_direction_bound
am2_window_01_frame_28019 svd12 pair 115 matched
am2_window_01_frame_28019 svd12 pair 116 camera_direction_bound
am2_window_01_frame_28019 svd12 pair 117 camera_direction_bound
am2_window_01_frame_28019 svd12 pair 118 camera_direction_bound
am2_window_01_frame_28019 svd12 pair 119 camera_direction_bound
am2_window_01_frame_28019 svd12 pair 135 camera_direction_bound
am2_window_01_frame_28019 svd12 pair 136 camera_direction_bound
am2_window_01_frame_28019 svd12 pair 137 camera_direction_bound
am2_window_01_frame_28019 svd12 pair 138 camera_direction_bound
am2_window_01_frame_28019 svd12 pair 142 camera_direction_bound
shuttleset_03_scene_0019 full16 pair 30 matched
shuttleset_03_scene_0019 full16 pair 31 matched
gxBQ_window_00_frame_5 svd12 pair 91 matched
gxBQ_window_00_frame_5 svd12 pair 92 camera_direction_bound
gxBQ_window_00_frame_5 svd12 pair 93 camera_direction_bound
gxBQ_window_00_frame_5 svd12 pair 95 camera_direction_bound
gxBQ_window_00_frame_5 svd12 pair 96 camera_direction_bound
gxBQ_window_00_frame_5 svd12 pair 97 camera_direction_bound
gxBQ_window_00_frame_5 svd12 pair 98 camera_direction_bound
gxBQ_window_00_frame_5 svd12 pair 99 camera_direction_bound
gxBQ_window_00_frame_5 svd12 pair 100 camera_direction_bound
gxBQ_window_00_frame_5 svd12 pair 102 camera_direction_bound
gxBQ_window_00_frame_5 svd12 pair 103 camera_direction_bound
gxBQ_window_00_frame_5 svd12 pair 106 camera_direction_bound
am3_window_00_frame_0 full16 pair 47 matched
shuttleset_03_scene_0019 full16 pair 32 matched
shuttleset_03_scene_0019 full16 pair 33 matched
shuttleset_03_scene_0019 full16 pair 34 camera_direction_bound
shuttleset_03_scene_0019 full16 pair 35 camera_direction_bound
shuttleset_03_scene_0019 full16 pair 36 camera_direction_bound
shuttleset_03_scene_0019 full16 pair 37 camera_direction_bound
shuttleset_03_scene_0019 full16 pair 38 matched
shuttleset_03_scene_0019 full16 pair 39 camera_direction_bound
shuttleset_03_scene_0019 full16 pair 40 camera_direction_bound
shuttleset_03_scene_0019 full16 pair 41 camera_direction_bound
shuttleset_03_scene_0019 full16 pair 42 camera_direction_bound
shuttleset_03_scene_0019 full16 pair 43 matched
shuttleset_03_scene_0019 full16 pair 44 camera_direction_bound
gxBQ_window_00_frame_0 full16 pair 32 matched
am3_window_00_frame_0 full16 pair 48 matched
am3_window_00_frame_0 full16 pair 49 camera_direction_bound
am3_window_00_frame_0 full16 pair 50 camera_direction_bound
gxBQ_window_00_frame_0 full16 pair 33 matched
gxBQ_window_00_frame_0 full16 pair 34 camera_direction_bound
am2_window_00_frame_150 full16 pair 46 matched
shuttleset_03_scene_0019 full16 pair 45 matched
shuttleset_03_scene_0019 full16 pair 46 camera_direction_bound
shuttleset_03_scene_0019 full16 pair 47 matched
shuttleset_03_scene_0019 full16 pair 48 camera_direction_bound
am2_window_01_frame_28019 svd12 pair 144 matched
am2_window_01_frame_28019 svd12 pair 145 camera_direction_bound
am2_window_01_frame_28019 svd12 pair 146 camera_direction_bound
am2_window_01_frame_28019 svd12 pair 147 matched
am2_window_01_frame_28019 svd12 pair 148 camera_direction_bound
am2_window_01_frame_28019 svd12 pair 149 camera_direction_bound
am2_window_01_frame_28019 svd12 pair 150 camera_direction_bound
shuttleset_03_scene_0019 full16 pair 49 matched
shuttleset_03_scene_0019 full16 pair 50 camera_direction_bound
shuttleset_03_scene_0019 full16 pair 51 matched
shuttleset_03_scene_0019 full16 pair 52 matched
shuttleset_03_scene_0019 full16 pair 53 camera_direction_bound
shuttleset_03_scene_0019 full16 pair 54 camera_direction_bound
shuttleset_03_scene_0019 full16 pair 55 camera_direction_bound
shuttleset_03_scene_0019 full16 pair 56 matched
shuttleset_03_scene_0019 full16 pair 57 matched
shuttleset_03_scene_0019 full16 pair 58 camera_direction_bound
shuttleset_03_scene_0019 full16 pair 59 matched
shuttleset_03_scene_0019 full16 pair 60 camera_direction_bound
shuttleset_03_scene_0019 full16 pair 61 matched
gxBQ_window_00_frame_5 svd12 pair 107 matched
shuttleset_03_scene_0019 full16 pair 62 matched
shuttleset_03_scene_0019 full16 pair 63 camera_direction_bound
am3_window_00_frame_0 full16 pair 51 matched
shuttleset_03_scene_0019 full16 pair 64 matched
shuttleset_03_scene_0019 full16 pair 65 camera_direction_bound
shuttleset_03_scene_0019 full16 pair 66 matched
shuttleset_03_scene_0019 full16 pair 67 camera_direction_bound
shuttleset_03_scene_0019 full16 pair 68 camera_direction_bound
am2_window_01_frame_28019 svd12 pair 151 matched
am2_window_01_frame_28019 svd12 pair 152 camera_direction_bound
shuttleset_03_scene_0019 full16 pair 69 matched
shuttleset_03_scene_0019 full16 pair 70 camera_direction_bound
shuttleset_03_scene_0019 full16 pair 71 matched
shuttleset_03_scene_0019 full16 pair 72 camera_direction_bound
gxBQ_window_00_frame_0 full16 pair 35 matched
gxBQ_window_00_frame_0 full16 pair 36 camera_direction_bound
shuttleset_03_scene_0019 full16 pair 73 matched
shuttleset_03_scene_0019 full16 pair 74 camera_direction_bound
am2_window_00_frame_150 full16 pair 47 matched
am2_window_00_frame_150 full16 pair 48 camera_direction_bound
shuttleset_03_scene_0019 full16 pair 75 matched
shuttleset_03_scene_0019 full16 pair 76 camera_direction_bound
shuttleset_03_scene_0019 full16 pair 77 camera_direction_bound
shuttleset_03_scene_0019 full16 pair 78 matched
am2_window_01_frame_28019 svd12 pair 153 matched
am2_window_01_frame_28019 svd12 pair 157 camera_direction_bound
shuttleset_03_scene_0019 full16 pair 79 matched
am3_window_00_frame_0 full16 pair 52 matched
am3_window_00_frame_0 full16 pair 53 camera_direction_bound
am3_window_00_frame_0 full16 pair 54 camera_direction_bound
am3_window_00_frame_0 full16 pair 55 camera_direction_bound
am3_window_00_frame_0 full16 pair 56 camera_direction_bound
am3_window_00_frame_0 full16 pair 57 camera_direction_bound
am3_window_00_frame_0 full16 pair 58 camera_direction_bound
am3_window_00_frame_0 full16 pair 59 camera_direction_bound
gxBQ_window_00_frame_5 svd12 pair 108 matched
am2_window_00_frame_150 full16 pair 49 matched
am2_window_00_frame_150 full16 pair 50 camera_direction_bound
shuttleset_03_scene_0019 full16 pair 80 matched
shuttleset_03_scene_0019 full16 pair 81 camera_direction_bound
shuttleset_03_scene_0019 full16 pair 82 camera_direction_bound
shuttleset_03_scene_0019 full16 pair 83 camera_direction_bound
shuttleset_03_scene_0019 full16 pair 84 camera_direction_bound
shuttleset_03_scene_0019 full16 pair 85 matched
shuttleset_03_scene_0019 full16 pair 86 camera_direction_bound
shuttleset_03_scene_0019 full16 pair 87 camera_direction_bound
shuttleset_03_scene_0019 full16 pair 88 matched
shuttleset_03_scene_0019 full16 pair 89 camera_direction_bound
shuttleset_03_scene_0019 full16 pair 90 camera_direction_bound
am3_window_00_frame_0 full16 pair 60 matched
am3_window_00_frame_0 full16 pair 61 camera_direction_bound
shuttleset_03_scene_0019 full16 pair 91 matched
shuttleset_03_scene_0019 full16 pair 92 camera_direction_bound
shuttleset_03_scene_0019 full16 pair 93 camera_direction_bound
shuttleset_03_scene_0019 full16 pair 94 camera_direction_bound
gxBQ_window_00_frame_0 full16 pair 37 matched
gxBQ_window_00_frame_5 svd12 pair 110 matched
gxBQ_window_00_frame_5 svd12 pair 111 camera_direction_bound
gxBQ_window_00_frame_5 svd12 pair 112 camera_direction_bound
gxBQ_window_00_frame_5 svd12 pair 113 camera_direction_bound
shuttleset_03_scene_0019 full16 pair 95 matched
shuttleset_03_scene_0019 full16 pair 96 camera_direction_bound
shuttleset_03_scene_0019 full16 pair 97 camera_direction_bound
shuttleset_03_scene_0019 full16 pair 98 camera_direction_bound
gxBQ_window_00_frame_5 svd12 pair 114 matched
gxBQ_window_00_frame_5 svd12 pair 115 camera_direction_bound
am3_window_00_frame_0 full16 pair 62 matched
shuttleset_03_scene_0019 full16 pair 99 matched
shuttleset_03_scene_0019 full16 pair 100 camera_direction_bound
shuttleset_03_scene_0019 full16 pair 101 camera_direction_bound
shuttleset_03_scene_0019 full16 pair 102 camera_direction_bound
shuttleset_03_scene_0019 full16 pair 103 camera_direction_bound
shuttleset_03_scene_0019 full16 pair 104 camera_direction_bound
shuttleset_03_scene_0019 full16 pair 105 matched
am3_window_00_frame_0 full16 pair 63 matched
shuttleset_03_scene_0019 full16 pair 106 matched
shuttleset_03_scene_0019 full16 pair 107 camera_direction_bound
shuttleset_03_scene_0019 full16 pair 108 matched
am3_window_00_frame_0 full16 pair 64 matched
am3_window_00_frame_0 full16 pair 65 camera_direction_bound
am3_window_00_frame_0 full16 pair 66 camera_direction_bound
am3_window_00_frame_0 full16 pair 67 camera_direction_bound
shuttleset_03_scene_0019 full16 pair 109 matched
shuttleset_03_scene_0019 full16 pair 110 camera_direction_bound
shuttleset_03_scene_0019 full16 pair 111 camera_direction_bound
shuttleset_03_scene_0019 full16 pair 112 camera_direction_bound
am3_window_00_frame_0 full16 pair 68 matched
am3_window_00_frame_0 full16 pair 69 camera_direction_bound
am3_window_00_frame_0 full16 pair 70 matched
am3_window_00_frame_0 full16 pair 71 camera_direction_bound
shuttleset_03_scene_0019 full16 pair 113 matched
shuttleset_03_scene_0019 full16 pair 114 camera_direction_bound
shuttleset_03_scene_0019 full16 pair 115 camera_direction_bound
shuttleset_03_scene_0019 full16 pair 116 camera_direction_bound
shuttleset_03_scene_0019 full16 pair 117 camera_direction_bound
shuttleset_03_scene_0019 full16 pair 118 matched
shuttleset_03_scene_0019 full16 pair 119 camera_direction_bound
shuttleset_03_scene_0019 full16 pair 120 matched
shuttleset_03_scene_0019 full16 pair 121 matched
shuttleset_03_scene_0019 full16 pair 122 camera_direction_bound
shuttleset_03_scene_0019 full16 pair 123 matched
shuttleset_03_scene_0019 full16 pair 124 camera_direction_bound
shuttleset_03_scene_0019 full16 pair 125 camera_direction_bound
shuttleset_03_scene_0019 full16 pair 126 camera_direction_bound
shuttleset_03_scene_0019 full16 pair 127 camera_direction_bound
gxBQ_window_00_frame_0 full16 pair 38 matched
shuttleset_03_scene_0019 full16 pair 128 matched
shuttleset_03_scene_0019 full16 pair 129 camera_direction_bound
shuttleset_03_scene_0019 full16 pair 130 camera_direction_bound
shuttleset_03_scene_0019 full16 pair 131 camera_direction_bound
shuttleset_03_scene_0019 full16 pair 132 camera_direction_bound
shuttleset_03_scene_0019 full16 pair 133 matched
shuttleset_03_scene_0019 full16 pair 134 camera_direction_bound
am2_window_01_frame_28019 svd12 pair 159 matched
am2_window_00_frame_150 full16 pair 51 matched
am3_window_00_frame_0 full16 pair 72 matched
gxBQ_window_00_frame_5 svd12 pair 117 matched
am2_window_00_frame_150 full16 pair 52 matched
am2_window_00_frame_150 full16 pair 53 matched
am2_window_00_frame_150 full16 pair 54 camera_direction_bound
am2_window_00_frame_150 full16 pair 55 camera_direction_bound
am2_window_00_frame_150 full16 pair 56 camera_direction_bound
shuttleset_03_scene_0019 full16 pair 135 matched
shuttleset_03_scene_0019 full16 pair 136 camera_direction_bound
shuttleset_03_scene_0019 full16 pair 137 matched
shuttleset_03_scene_0019 full16 pair 138 camera_direction_bound
shuttleset_03_scene_0019 full16 pair 139 camera_direction_bound
shuttleset_03_scene_0019 full16 pair 140 camera_direction_bound
shuttleset_03_scene_0019 full16 pair 141 camera_direction_bound
shuttleset_03_scene_0019 full16 pair 142 matched
shuttleset_03_scene_0019 full16 pair 143 matched
shuttleset_03_scene_0019 full16 pair 144 camera_direction_bound
shuttleset_03_scene_0019 full16 pair 145 camera_direction_bound
am3_window_00_frame_0 full16 pair 73 matched
shuttleset_03_scene_0019 full16 pair 146 matched
shuttleset_03_scene_0019 full16 pair 147 matched
shuttleset_03_scene_0019 full16 pair 148 camera_direction_bound
shuttleset_03_scene_0019 full16 pair 149 matched
am3_window_00_frame_0 full16 pair 74 matched
am3_window_00_frame_0 full16 pair 75 camera_direction_bound
shuttleset_03_scene_0019 full16 pair 150 matched
shuttleset_03_scene_0019 full16 pair 151 camera_direction_bound
shuttleset_03_scene_0019 full16 pair 152 camera_direction_bound
shuttleset_03_scene_0019 full16 pair 153 camera_direction_bound
am2_window_00_frame_150 full16 pair 57 matched
am2_window_01_frame_28019 svd12 pair 160 matched
gxBQ_window_00_frame_0 full16 pair 39 matched
gxBQ_window_00_frame_0 full16 pair 40 camera_direction_bound
shuttleset_03_scene_0019 full16 pair 154 matched
shuttleset_03_scene_0019 full16 pair 155 camera_direction_bound
gxBQ_window_00_frame_0 full16 pair 41 matched
gxBQ_window_00_frame_0 full16 pair 42 camera_direction_bound
gxBQ_window_00_frame_0 full16 pair 43 camera_direction_bound
gxBQ_window_00_frame_0 full16 pair 44 camera_direction_bound
am2_window_00_frame_150 full16 pair 58 matched
am2_window_00_frame_150 full16 pair 59 camera_direction_bound
am2_window_00_frame_150 full16 pair 60 camera_direction_bound
shuttleset_03_scene_0019 full16 pair 156 matched
shuttleset_03_scene_0019 full16 pair 157 camera_direction_bound
shuttleset_03_scene_0019 full16 pair 158 camera_direction_bound
shuttleset_03_scene_0019 full16 pair 159 camera_direction_bound
am3_window_00_frame_0 full16 pair 76 matched
shuttleset_03_scene_0019 full16 pair 160 matched
shuttleset_03_scene_0019 full16 pair 161 camera_direction_bound
shuttleset_03_scene_0019 full16 pair 162 camera_direction_bound
shuttleset_03_scene_0019 full16 pair 163 matched
shuttleset_03_scene_0019 full16 pair 164 camera_direction_bound
am3_window_00_frame_0 full16 pair 77 matched
am3_window_00_frame_0 full16 pair 78 camera_direction_bound
gxBQ_window_00_frame_5 svd12 pair 118 matched
gxBQ_window_00_frame_5 svd12 pair 121 camera_direction_bound
shuttleset_03_scene_0019 full16 pair 165 matched
gxBQ_window_00_frame_5 svd12 pair 122 matched
gxBQ_window_00_frame_5 svd12 pair 123 camera_direction_bound
am3_window_00_frame_0 full16 pair 79 matched
am3_window_00_frame_0 full16 pair 80 camera_direction_bound
shuttleset_03_scene_0019 full16 pair 166 matched
shuttleset_03_scene_0019 full16 pair 167 camera_direction_bound
shuttleset_03_scene_0019 full16 pair 168 camera_direction_bound
shuttleset_03_scene_0019 full16 pair 169 camera_direction_bound
gxBQ_window_00_frame_5 svd12 pair 125 matched
gxBQ_window_00_frame_5 svd12 pair 126 camera_direction_bound
gxBQ_window_00_frame_5 svd12 pair 127 camera_direction_bound
gxBQ_window_00_frame_5 svd12 pair 128 camera_direction_bound
gxBQ_window_00_frame_5 svd12 pair 129 matched
gxBQ_window_00_frame_5 svd12 pair 130 camera_direction_bound
shuttleset_03_scene_0019 full16 pair 170 matched
shuttleset_03_scene_0019 full16 pair 171 camera_direction_bound
shuttleset_03_scene_0019 full16 pair 172 camera_direction_bound
shuttleset_03_scene_0019 full16 pair 173 camera_direction_bound
shuttleset_03_scene_0019 full16 pair 174 camera_direction_bound
shuttleset_03_scene_0019 full16 pair 175 matched
shuttleset_03_scene_0019 full16 pair 176 camera_direction_bound
shuttleset_03_scene_0019 full16 pair 177 camera_direction_bound
shuttleset_03_scene_0019 full16 pair 178 camera_direction_bound
shuttleset_03_scene_0019 full16 pair 179 camera_direction_bound
shuttleset_03_scene_0019 full16 pair 180 matched
shuttleset_03_scene_0019 full16 pair 181 matched
shuttleset_03_scene_0019 full16 pair 182 camera_direction_bound
shuttleset_03_scene_0019 full16 pair 183 matched
shuttleset_03_scene_0019 full16 pair 184 matched
shuttleset_03_scene_0019 full16 pair 185 camera_direction_bound
shuttleset_03_scene_0019 full16 pair 186 camera_direction_bound
shuttleset_03_scene_0019 full16 pair 187 camera_direction_bound
shuttleset_03_scene_0019 full16 pair 188 camera_direction_bound
shuttleset_03_scene_0019 full16 pair 189 matched
shuttleset_03_scene_0019 full16 pair 190 camera_direction_bound
shuttleset_03_scene_0019 full16 pair 191 camera_direction_bound
shuttleset_03_scene_0019 full16 pair 192 camera_direction_bound
shuttleset_03_scene_0019 full16 pair 193 camera_direction_bound
shuttleset_03_scene_0019 full16 pair 194 camera_direction_bound
am3_window_00_frame_0 full16 pair 81 matched
am2_window_01_frame_28019 svd12 pair 161 matched
am2_window_01_frame_28019 svd12 pair 162 camera_direction_bound
am2_window_01_frame_28019 svd12 pair 163 camera_direction_bound
shuttleset_03_scene_0019 full16 pair 195 matched
shuttleset_03_scene_0019 full16 pair 196 matched
shuttleset_03_scene_0019 full16 pair 197 camera_direction_bound
am2_window_01_frame_28019 svd12 pair 164 matched
shuttleset_03_scene_0019 full16 pair 198 matched
shuttleset_03_scene_0019 full16 pair 199 camera_direction_bound
shuttleset_03_scene_0019 full16 pair 200 camera_direction_bound
shuttleset_03_scene_0019 full16 pair 201 camera_direction_bound
shuttleset_03_scene_0019 full16 pair 202 camera_direction_bound
shuttleset_03_scene_0019 full16 pair 203 camera_direction_bound
shuttleset_03_scene_0019 full16 pair 204 matched
shuttleset_03_scene_0019 full16 pair 205 camera_direction_bound
shuttleset_03_scene_0019 full16 pair 206 camera_direction_bound
shuttleset_03_scene_0019 full16 pair 207 camera_direction_bound
shuttleset_03_scene_0019 full16 pair 208 matched
shuttleset_03_scene_0019 full16 pair 209 camera_direction_bound
gxBQ_window_00_frame_5 svd12 pair 132 matched
shuttleset_03_scene_0019 full16 pair 210 matched
shuttleset_03_scene_0019 full16 pair 211 camera_direction_bound
shuttleset_03_scene_0019 full16 pair 212 matched
shuttleset_03_scene_0019 full16 pair 213 camera_direction_bound
shuttleset_03_scene_0019 full16 pair 214 matched
shuttleset_03_scene_0019 full16 pair 215 matched
shuttleset_03_scene_0019 full16 pair 216 camera_direction_bound
shuttleset_03_scene_0019 full16 pair 217 matched
shuttleset_03_scene_0019 full16 pair 218 matched
shuttleset_03_scene_0019 full16 pair 219 camera_direction_bound
shuttleset_03_scene_0019 full16 pair 220 matched
shuttleset_03_scene_0019 full16 pair 221 camera_direction_bound
shuttleset_03_scene_0019 full16 pair 222 camera_direction_bound
shuttleset_03_scene_0019 full16 pair 223 matched
shuttleset_03_scene_0019 full16 pair 224 matched
shuttleset_03_scene_0019 full16 pair 225 matched
shuttleset_03_scene_0019 full16 pair 226 camera_direction_bound
shuttleset_03_scene_0019 full16 pair 227 camera_direction_bound
shuttleset_03_scene_0019 full16 pair 228 matched
shuttleset_03_scene_0019 full16 pair 229 camera_direction_bound
shuttleset_03_scene_0019 full16 pair 230 camera_direction_bound
shuttleset_03_scene_0019 full16 pair 231 camera_direction_bound
shuttleset_03_scene_0019 full16 pair 232 camera_direction_bound
shuttleset_03_scene_0019 full16 pair 233 camera_direction_bound
shuttleset_03_scene_0019 full16 pair 234 matched
shuttleset_03_scene_0019 full16 pair 235 camera_direction_bound
shuttleset_03_scene_0019 full16 pair 236 camera_direction_bound
shuttleset_03_scene_0019 full16 pair 237 camera_direction_bound
shuttleset_03_scene_0019 full16 pair 238 camera_direction_bound
shuttleset_03_scene_0019 full16 pair 239 matched
am3_window_00_frame_0 full16 pair 82 matched
am3_window_00_frame_0 full16 pair 83 camera_direction_bound
am3_window_00_frame_0 full16 pair 84 camera_direction_bound
am3_window_00_frame_0 full16 pair 85 camera_direction_bound
am3_window_00_frame_0 full16 pair 86 camera_direction_bound
am3_window_00_frame_0 full16 pair 87 camera_direction_bound
am3_window_00_frame_0 full16 pair 88 camera_direction_bound
am3_window_00_frame_0 full16 pair 89 camera_direction_bound
am3_window_00_frame_0 full16 pair 90 camera_direction_bound
gxBQ_window_00_frame_5 svd12 pair 133 matched
gxBQ_window_00_frame_5 svd12 pair 136 camera_direction_bound
gxBQ_window_00_frame_5 svd12 pair 137 camera_direction_bound
gxBQ_window_00_frame_0 full16 pair 45 matched
am2_window_00_frame_150 full16 pair 61 matched
shuttleset_03_scene_0019 svd12 pair 1 matched
shuttleset_03_scene_0019 svd12 pair 2 matched
shuttleset_03_scene_0019 svd12 pair 4 matched
shuttleset_03_scene_0019 svd12 pair 5 camera_direction_bound
am3_window_00_frame_0 full16 pair 91 matched
shuttleset_03_scene_0019 svd12 pair 6 matched
gxBQ_window_00_frame_5 svd12 pair 138 matched
gxBQ_window_00_frame_0 full16 pair 46 matched
shuttleset_03_scene_0019 svd12 pair 7 matched
gxBQ_window_00_frame_5 svd12 pair 140 matched
gxBQ_window_00_frame_5 svd12 pair 141 camera_direction_bound
gxBQ_window_00_frame_5 svd12 pair 142 camera_direction_bound
gxBQ_window_00_frame_5 svd12 pair 143 camera_direction_bound
shuttleset_03_scene_0019 svd12 pair 8 matched
gxBQ_window_00_frame_5 svd12 pair 144 matched
gxBQ_window_00_frame_5 svd12 pair 145 camera_direction_bound
gxBQ_window_00_frame_5 svd12 pair 147 camera_direction_bound
gxBQ_window_00_frame_5 svd12 pair 148 camera_direction_bound
gxBQ_window_00_frame_5 svd12 pair 151 matched
am2_window_00_frame_150 full16 pair 62 matched
am2_window_00_frame_150 full16 pair 63 camera_direction_bound
am3_window_00_frame_0 full16 pair 92 matched
am3_window_00_frame_0 full16 pair 93 camera_direction_bound
am3_window_00_frame_0 full16 pair 94 camera_direction_bound
am3_window_00_frame_0 full16 pair 95 camera_direction_bound
gxBQ_window_00_frame_5 svd12 pair 152 matched
gxBQ_window_00_frame_5 svd12 pair 153 camera_direction_bound
gxBQ_window_00_frame_5 svd12 pair 155 camera_direction_bound
gxBQ_window_00_frame_5 svd12 pair 156 camera_direction_bound
shuttleset_03_scene_0019 svd12 pair 10 matched
gxBQ_window_00_frame_5 svd12 pair 157 matched
gxBQ_window_00_frame_5 svd12 pair 158 matched
shuttleset_03_scene_0019 svd12 pair 11 matched
shuttleset_03_scene_0019 svd12 pair 12 matched
gxBQ_window_00_frame_0 full16 pair 47 matched
gxBQ_window_00_frame_0 full16 pair 48 camera_direction_bound
gxBQ_window_00_frame_5 svd12 pair 159 matched
gxBQ_window_00_frame_5 svd12 pair 160 camera_direction_bound
shuttleset_03_scene_0019 svd12 pair 13 matched
am2_window_00_frame_150 full16 pair 64 matched
am2_window_00_frame_150 full16 pair 65 camera_direction_bound
gxBQ_window_00_frame_5 svd12 pair 162 matched
shuttleset_03_scene_0019 svd12 pair 30 matched
shuttleset_03_scene_0019 svd12 pair 32 matched
shuttleset_03_scene_0019 svd12 pair 34 camera_direction_bound
shuttleset_03_scene_0019 svd12 pair 35 camera_direction_bound
shuttleset_03_scene_0019 svd12 pair 36 camera_direction_bound
shuttleset_03_scene_0019 svd12 pair 37 camera_direction_bound
shuttleset_03_scene_0019 svd12 pair 38 matched
shuttleset_03_scene_0019 svd12 pair 40 camera_direction_bound
shuttleset_03_scene_0019 svd12 pair 41 camera_direction_bound
shuttleset_03_scene_0019 svd12 pair 42 camera_direction_bound
shuttleset_03_scene_0019 svd12 pair 43 matched
am3_window_00_frame_0 full16 pair 96 matched
gxBQ_window_00_frame_5 svd12 pair 163 matched
shuttleset_03_scene_0019 svd12 pair 45 matched
shuttleset_03_scene_0019 svd12 pair 47 matched
gxBQ_window_00_frame_0 full16 pair 49 matched
am2_window_01_frame_28019 svd12 pair 165 matched
am2_window_01_frame_28019 svd12 pair 166 camera_direction_bound
shuttleset_03_scene_0019 svd12 pair 49 matched
shuttleset_03_scene_0019 svd12 pair 50 camera_direction_bound
shuttleset_03_scene_0019 svd12 pair 51 matched
shuttleset_03_scene_0019 svd12 pair 52 matched
shuttleset_03_scene_0019 svd12 pair 53 camera_direction_bound
shuttleset_03_scene_0019 svd12 pair 55 camera_direction_bound
shuttleset_03_scene_0019 svd12 pair 56 matched
shuttleset_03_scene_0019 svd12 pair 57 matched
shuttleset_03_scene_0019 svd12 pair 58 camera_direction_bound
shuttleset_03_scene_0019 svd12 pair 75 matched
shuttleset_03_scene_0019 svd12 pair 77 camera_direction_bound
shuttleset_03_scene_0019 svd12 pair 78 matched
am3_window_00_frame_0 full16 pair 97 matched
am3_window_00_frame_0 full16 pair 98 camera_direction_bound
am3_window_00_frame_0 full16 pair 99 camera_direction_bound
am3_window_00_frame_0 full16 pair 100 camera_direction_bound
am3_window_00_frame_0 full16 pair 101 camera_direction_bound
am3_window_00_frame_0 full16 pair 102 camera_direction_bound
am3_window_00_frame_0 full16 pair 103 camera_direction_bound
am3_window_00_frame_0 full16 pair 104 camera_direction_bound
am2_window_00_frame_150 full16 pair 66 matched
shuttleset_03_scene_0019 svd12 pair 80 matched
shuttleset_03_scene_0019 svd12 pair 81 camera_direction_bound
shuttleset_03_scene_0019 svd12 pair 82 camera_direction_bound
shuttleset_03_scene_0019 svd12 pair 83 camera_direction_bound
shuttleset_03_scene_0019 svd12 pair 85 matched
shuttleset_03_scene_0019 svd12 pair 86 camera_direction_bound
shuttleset_03_scene_0019 svd12 pair 87 camera_direction_bound
gxBQ_window_00_frame_5 svd12 pair 166 matched
shuttleset_03_scene_0019 svd12 pair 88 matched
shuttleset_03_scene_0019 svd12 pair 90 camera_direction_bound
shuttleset_03_scene_0019 svd12 pair 92 camera_direction_bound
shuttleset_03_scene_0019 svd12 pair 93 camera_direction_bound
am2_window_00_frame_150 full16 pair 67 matched
am2_window_00_frame_150 full16 pair 68 matched
am2_window_00_frame_150 full16 pair 69 camera_direction_bound
am2_window_00_frame_150 full16 pair 70 camera_direction_bound
am2_window_00_frame_150 full16 pair 71 camera_direction_bound
gxBQ_window_00_frame_0 full16 pair 50 matched
shuttleset_03_scene_0019 svd12 pair 95 matched
shuttleset_03_scene_0019 svd12 pair 96 camera_direction_bound
shuttleset_03_scene_0019 svd12 pair 97 camera_direction_bound
shuttleset_03_scene_0019 svd12 pair 98 camera_direction_bound
shuttleset_03_scene_0019 svd12 pair 100 camera_direction_bound
shuttleset_03_scene_0019 svd12 pair 101 camera_direction_bound
shuttleset_03_scene_0019 svd12 pair 102 camera_direction_bound
shuttleset_03_scene_0019 svd12 pair 103 camera_direction_bound
shuttleset_03_scene_0019 svd12 pair 105 matched
shuttleset_03_scene_0019 svd12 pair 107 camera_direction_bound
shuttleset_03_scene_0019 svd12 pair 108 matched
shuttleset_03_scene_0019 svd12 pair 110 camera_direction_bound
shuttleset_03_scene_0019 svd12 pair 111 camera_direction_bound
shuttleset_03_scene_0019 svd12 pair 112 camera_direction_bound
shuttleset_03_scene_0019 svd12 pair 113 matched
shuttleset_03_scene_0019 svd12 pair 115 camera_direction_bound
shuttleset_03_scene_0019 svd12 pair 116 camera_direction_bound
shuttleset_03_scene_0019 svd12 pair 117 camera_direction_bound
shuttleset_03_scene_0019 svd12 pair 118 matched
shuttleset_03_scene_0019 svd12 pair 120 matched
shuttleset_03_scene_0019 svd12 pair 122 camera_direction_bound
shuttleset_03_scene_0019 svd12 pair 123 matched
shuttleset_03_scene_0019 svd12 pair 125 camera_direction_bound
shuttleset_03_scene_0019 svd12 pair 126 camera_direction_bound
shuttleset_03_scene_0019 svd12 pair 127 camera_direction_bound
am3_window_00_frame_0 full16 pair 105 matched
am3_window_00_frame_0 full16 pair 106 camera_direction_bound
shuttleset_03_scene_0019 svd12 pair 128 matched
shuttleset_03_scene_0019 svd12 pair 130 camera_direction_bound
shuttleset_03_scene_0019 svd12 pair 131 camera_direction_bound
shuttleset_03_scene_0019 svd12 pair 132 camera_direction_bound
shuttleset_03_scene_0019 svd12 pair 133 matched
am2_window_00_frame_150 full16 pair 72 matched
shuttleset_03_scene_0019 svd12 pair 135 matched
gxBQ_window_00_frame_0 full16 pair 51 matched
gxBQ_window_00_frame_0 full16 pair 52 camera_direction_bound
shuttleset_03_scene_0019 svd12 pair 137 matched
shuttleset_03_scene_0019 svd12 pair 138 camera_direction_bound
shuttleset_03_scene_0019 svd12 pair 140 camera_direction_bound
shuttleset_03_scene_0019 svd12 pair 141 camera_direction_bound
shuttleset_03_scene_0019 svd12 pair 142 matched
shuttleset_03_scene_0019 svd12 pair 143 matched
shuttleset_03_scene_0019 svd12 pair 145 camera_direction_bound
shuttleset_03_scene_0019 svd12 pair 146 matched
shuttleset_03_scene_0019 svd12 pair 147 matched
shuttleset_03_scene_0019 svd12 pair 148 camera_direction_bound
shuttleset_03_scene_0019 svd12 pair 165 matched
shuttleset_03_scene_0019 svd12 pair 167 camera_direction_bound
shuttleset_03_scene_0019 svd12 pair 168 camera_direction_bound
shuttleset_03_scene_0019 svd12 pair 170 matched
shuttleset_03_scene_0019 svd12 pair 171 camera_direction_bound
shuttleset_03_scene_0019 svd12 pair 172 camera_direction_bound
shuttleset_03_scene_0019 svd12 pair 173 camera_direction_bound
shuttleset_03_scene_0019 svd12 pair 174 camera_direction_bound
shuttleset_03_scene_0019 svd12 pair 176 camera_direction_bound
shuttleset_03_scene_0019 svd12 pair 177 camera_direction_bound
shuttleset_03_scene_0019 svd12 pair 178 camera_direction_bound
am2_window_00_frame_150 full16 pair 73 matched
am2_window_00_frame_150 full16 pair 74 camera_direction_bound
shuttleset_03_scene_0019 svd12 pair 180 matched
shuttleset_03_scene_0019 svd12 pair 182 camera_direction_bound
shuttleset_03_scene_0019 svd12 pair 183 matched
shuttleset_03_scene_0019 svd12 pair 185 camera_direction_bound
shuttleset_03_scene_0019 svd12 pair 186 camera_direction_bound
shuttleset_03_scene_0019 svd12 pair 187 camera_direction_bound
shuttleset_03_scene_0019 svd12 pair 188 camera_direction_bound
shuttleset_03_scene_0019 svd12 pair 189 matched
shuttleset_03_scene_0019 svd12 pair 191 camera_direction_bound
shuttleset_03_scene_0019 svd12 pair 192 camera_direction_bound
shuttleset_03_scene_0019 svd12 pair 193 camera_direction_bound
shuttleset_03_scene_0019 svd12 pair 195 matched
shuttleset_03_scene_0019 svd12 pair 197 camera_direction_bound
shuttleset_03_scene_0019 svd12 pair 198 matched
shuttleset_03_scene_0019 svd12 pair 200 camera_direction_bound
shuttleset_03_scene_0019 svd12 pair 201 camera_direction_bound
shuttleset_03_scene_0019 svd12 pair 202 camera_direction_bound
shuttleset_03_scene_0019 svd12 pair 203 camera_direction_bound
shuttleset_03_scene_0019 svd12 pair 204 matched
shuttleset_03_scene_0019 svd12 pair 206 camera_direction_bound
shuttleset_03_scene_0019 svd12 pair 207 camera_direction_bound
shuttleset_03_scene_0019 svd12 pair 208 matched
gxBQ_window_00_frame_5 svd12 pair 167 matched
gxBQ_window_00_frame_5 svd12 pair 168 camera_direction_bound
gxBQ_window_00_frame_5 svd12 pair 170 camera_direction_bound
gxBQ_window_00_frame_5 svd12 pair 171 camera_direction_bound
gxBQ_window_00_frame_5 svd12 pair 172 camera_direction_bound
gxBQ_window_00_frame_5 svd12 pair 173 camera_direction_bound
gxBQ_window_00_frame_5 svd12 pair 174 camera_direction_bound
gxBQ_window_00_frame_5 svd12 pair 175 camera_direction_bound
shuttleset_03_scene_0019 svd12 pair 210 matched
shuttleset_03_scene_0019 svd12 pair 212 matched
shuttleset_03_scene_0019 svd12 pair 213 camera_direction_bound
shuttleset_03_scene_0019 svd12 pair 215 matched
shuttleset_03_scene_0019 svd12 pair 216 camera_direction_bound
shuttleset_03_scene_0019 svd12 pair 217 matched
shuttleset_03_scene_0019 svd12 pair 218 matched
shuttleset_03_scene_0019 svd12 pair 219 camera_direction_bound
shuttleset_03_scene_0019 svd12 pair 221 camera_direction_bound
shuttleset_03_scene_0019 svd12 pair 222 camera_direction_bound
shuttleset_03_scene_0019 svd12 pair 223 matched
am3_window_00_frame_0 full16 pair 107 matched
am2_window_00_frame_150 full16 pair 75 matched
gxBQ_window_00_frame_0 full16 pair 53 matched
shuttleset_03_scene_0016 svd12 pair 1 matched
shuttleset_03_scene_0016 svd12 pair 2 matched
am2_window_00_frame_150 full16 pair 76 matched
am2_window_00_frame_150 full16 pair 77 camera_direction_bound
shuttleset_03_scene_0016 svd12 pair 4 matched
am2_window_00_frame_150 full16 pair 78 matched
shuttleset_03_scene_0016 svd12 pair 5 matched
shuttleset_03_scene_0016 svd12 pair 6 camera_direction_bound
am3_window_00_frame_0 full16 pair 108 matched
am3_window_00_frame_0 full16 pair 109 camera_direction_bound
shuttleset_03_scene_0016 svd12 pair 8 matched
gxBQ_window_00_frame_0 full16 pair 54 matched
gxBQ_window_00_frame_0 full16 pair 55 camera_direction_bound
gxBQ_window_00_frame_0 full16 pair 56 camera_direction_bound
am2_window_01_frame_28019 svd12 pair 167 matched
am2_window_01_frame_28019 svd12 pair 168 camera_direction_bound
gxBQ_window_00_frame_5 svd12 pair 177 matched
shuttleset_03_scene_0016 svd12 pair 10 matched
am2_window_00_frame_150 full16 pair 79 matched
shuttleset_03_scene_0016 svd12 pair 11 matched
am2_window_00_frame_150 full16 pair 80 matched
am2_window_00_frame_150 full16 pair 81 camera_direction_bound
am2_window_00_frame_150 full16 pair 82 matched
am2_window_00_frame_150 full16 pair 83 matched
shuttleset_03_scene_0016 svd12 pair 12 matched
shuttleset_03_scene_0016 svd12 pair 13 camera_direction_bound
shuttleset_03_scene_0016 svd12 pair 14 camera_direction_bound
am2_window_00_frame_150 full16 pair 84 matched
am2_window_00_frame_150 full16 pair 85 camera_direction_bound
shuttleset_03_scene_0016 svd12 pair 30 matched
am3_window_00_frame_0 full16 pair 110 matched
shuttleset_03_scene_0016 svd12 pair 32 matched
shuttleset_03_scene_0016 svd12 pair 34 camera_direction_bound
shuttleset_03_scene_0016 svd12 pair 35 camera_direction_bound
shuttleset_03_scene_0016 svd12 pair 36 camera_direction_bound
shuttleset_03_scene_0016 svd12 pair 38 camera_direction_bound
shuttleset_03_scene_0016 svd12 pair 40 camera_direction_bound
shuttleset_03_scene_0016 svd12 pair 41 camera_direction_bound
shuttleset_03_scene_0016 svd12 pair 42 camera_direction_bound
shuttleset_03_scene_0016 svd12 pair 43 camera_direction_bound
shuttleset_03_scene_0016 svd12 pair 44 camera_direction_bound
shuttleset_03_scene_0016 svd12 pair 45 matched
gxBQ_window_00_frame_0 full16 pair 57 matched
shuttleset_03_scene_0016 svd12 pair 47 matched
shuttleset_03_scene_0016 svd12 pair 49 matched
shuttleset_03_scene_0016 svd12 pair 50 camera_direction_bound
shuttleset_03_scene_0016 svd12 pair 51 matched
shuttleset_03_scene_0016 svd12 pair 53 camera_direction_bound
shuttleset_03_scene_0016 svd12 pair 55 camera_direction_bound
am2_window_00_frame_150 full16 pair 86 matched
am2_window_00_frame_150 full16 pair 87 camera_direction_bound
am2_window_00_frame_150 full16 pair 88 camera_direction_bound
am2_window_00_frame_150 full16 pair 89 matched
am2_window_00_frame_150 full16 pair 90 camera_direction_bound
gxBQ_window_00_frame_5 svd12 pair 178 matched
shuttleset_03_scene_0016 svd12 pair 56 matched
shuttleset_03_scene_0016 svd12 pair 57 matched
shuttleset_03_scene_0016 svd12 pair 58 matched
shuttleset_03_scene_0016 svd12 pair 59 matched
am3_window_00_frame_0 full16 pair 111 matched
am3_window_00_frame_0 full16 pair 112 camera_direction_bound
am2_window_00_frame_150 full16 pair 91 matched
shuttleset_03_scene_0016 svd12 pair 75 matched
shuttleset_03_scene_0016 svd12 pair 77 camera_direction_bound
am3_window_00_frame_0 full16 pair 113 matched
shuttleset_03_scene_0016 svd12 pair 78 matched
shuttleset_03_scene_0016 svd12 pair 80 matched
shuttleset_03_scene_0016 svd12 pair 81 matched
shuttleset_03_scene_0016 svd12 pair 83 matched
shuttleset_03_scene_0016 svd12 pair 85 matched
shuttleset_03_scene_0016 svd12 pair 86 camera_direction_bound
shuttleset_03_scene_0016 svd12 pair 87 camera_direction_bound
shuttleset_03_scene_0016 svd12 pair 88 camera_direction_bound
shuttleset_03_scene_0016 svd12 pair 89 matched
am2_window_00_frame_150 full16 pair 92 matched
am2_window_00_frame_150 full16 pair 93 camera_direction_bound
am2_window_00_frame_150 full16 pair 94 camera_direction_bound
am3_window_00_frame_0 full16 pair 114 matched
am3_window_00_frame_0 full16 pair 115 matched
shuttleset_03_scene_0016 svd12 pair 90 matched
shuttleset_03_scene_0016 svd12 pair 92 camera_direction_bound
shuttleset_03_scene_0016 svd12 pair 93 camera_direction_bound
shuttleset_03_scene_0016 svd12 pair 95 matched
shuttleset_03_scene_0016 svd12 pair 96 matched
shuttleset_03_scene_0016 svd12 pair 98 camera_direction_bound
shuttleset_03_scene_0016 svd12 pair 100 camera_direction_bound
shuttleset_03_scene_0016 svd12 pair 101 camera_direction_bound
shuttleset_03_scene_0016 svd12 pair 102 camera_direction_bound
shuttleset_03_scene_0016 svd12 pair 103 matched
shuttleset_03_scene_0016 svd12 pair 104 matched
shuttleset_03_scene_0016 svd12 pair 105 camera_direction_bound
shuttleset_03_scene_0016 svd12 pair 107 camera_direction_bound
gxBQ_window_00_frame_0 full16 pair 58 matched
shuttleset_03_scene_0016 svd12 pair 108 matched
am2_window_00_frame_150 full16 pair 95 matched
shuttleset_03_scene_0016 svd12 pair 110 matched
shuttleset_03_scene_0016 svd12 pair 111 matched
shuttleset_03_scene_0016 svd12 pair 113 matched
shuttleset_03_scene_0016 svd12 pair 115 matched
shuttleset_03_scene_0016 svd12 pair 116 camera_direction_bound
shuttleset_03_scene_0016 svd12 pair 117 matched
shuttleset_03_scene_0016 svd12 pair 118 camera_direction_bound
shuttleset_03_scene_0016 svd12 pair 119 camera_direction_bound
shuttleset_03_scene_0016 svd12 pair 135 matched
shuttleset_03_scene_0016 svd12 pair 137 camera_direction_bound
shuttleset_03_scene_0016 svd12 pair 138 camera_direction_bound
shuttleset_03_scene_0016 svd12 pair 140 matched
shuttleset_03_scene_0016 svd12 pair 141 camera_direction_bound
shuttleset_03_scene_0016 svd12 pair 142 matched
shuttleset_03_scene_0016 svd12 pair 145 camera_direction_bound
shuttleset_03_scene_0016 svd12 pair 146 camera_direction_bound
shuttleset_03_scene_0016 svd12 pair 147 camera_direction_bound
shuttleset_03_scene_0016 svd12 pair 148 matched
shuttleset_03_scene_0016 svd12 pair 149 matched
am3_window_00_frame_0 full16 pair 116 matched
shuttleset_03_scene_0016 svd12 pair 165 matched
shuttleset_03_scene_0016 svd12 pair 167 camera_direction_bound
shuttleset_03_scene_0016 svd12 pair 168 camera_direction_bound
gxBQ_window_00_frame_5 svd12 pair 196 matched
gxBQ_window_00_frame_5 svd12 pair 197 camera_direction_bound
shuttleset_03_scene_0016 svd12 pair 170 matched
shuttleset_03_scene_0016 svd12 pair 171 camera_direction_bound
shuttleset_03_scene_0016 svd12 pair 172 matched
shuttleset_03_scene_0016 svd12 pair 174 camera_direction_bound
shuttleset_03_scene_0016 svd12 pair 176 camera_direction_bound
shuttleset_03_scene_0016 svd12 pair 177 camera_direction_bound
am2_window_00_frame_150 full16 pair 96 matched
am2_window_00_frame_150 full16 pair 97 matched
am2_window_00_frame_150 full16 pair 98 matched
am2_window_00_frame_150 full16 pair 99 camera_direction_bound
am2_window_00_frame_150 full16 pair 100 camera_direction_bound
am2_window_00_frame_150 full16 pair 101 camera_direction_bound
shuttleset_03_scene_0016 svd12 pair 178 matched
shuttleset_03_scene_0016 svd12 pair 179 matched
am2_window_00_frame_150 full16 pair 102 matched
shuttleset_03_scene_0016 svd12 pair 180 matched
shuttleset_03_scene_0016 svd12 pair 182 camera_direction_bound
shuttleset_03_scene_0016 svd12 pair 183 matched
shuttleset_03_scene_0016 svd12 pair 185 camera_direction_bound
shuttleset_03_scene_0016 svd12 pair 186 camera_direction_bound
shuttleset_03_scene_0016 svd12 pair 187 camera_direction_bound
shuttleset_03_scene_0016 svd12 pair 189 camera_direction_bound
shuttleset_03_scene_0016 svd12 pair 191 camera_direction_bound
shuttleset_03_scene_0016 svd12 pair 192 camera_direction_bound
shuttleset_03_scene_0016 svd12 pair 193 camera_direction_bound
shuttleset_03_scene_0016 svd12 pair 194 camera_direction_bound
shuttleset_03_scene_0016 svd12 pair 195 matched
shuttleset_03_scene_0016 svd12 pair 197 camera_direction_bound
shuttleset_03_scene_0016 svd12 pair 198 matched
shuttleset_03_scene_0016 svd12 pair 200 camera_direction_bound
shuttleset_03_scene_0016 svd12 pair 201 camera_direction_bound
shuttleset_03_scene_0016 svd12 pair 202 matched
shuttleset_03_scene_0016 svd12 pair 204 camera_direction_bound
shuttleset_03_scene_0016 svd12 pair 206 camera_direction_bound
shuttleset_03_scene_0016 svd12 pair 207 camera_direction_bound
shuttleset_03_scene_0016 svd12 pair 208 camera_direction_bound
shuttleset_03_scene_0016 svd12 pair 209 matched
shuttleset_03_scene_0016 svd12 pair 210 camera_direction_bound
shuttleset_03_scene_0016 svd12 pair 212 camera_direction_bound
shuttleset_03_scene_0016 svd12 pair 213 matched
shuttleset_03_scene_0016 svd12 pair 215 camera_direction_bound
shuttleset_03_scene_0016 svd12 pair 216 matched
shuttleset_03_scene_0016 svd12 pair 217 camera_direction_bound
shuttleset_03_scene_0016 svd12 pair 219 matched
am2_window_00_frame_150 full16 pair 103 matched
am2_window_00_frame_150 full16 pair 104 camera_direction_bound
shuttleset_03_scene_0016 svd12 pair 221 matched
shuttleset_03_scene_0016 svd12 pair 222 camera_direction_bound
shuttleset_03_scene_0016 svd12 pair 223 camera_direction_bound
shuttleset_03_scene_0016 svd12 pair 224 camera_direction_bound
shuttleset_03_scene_0016 svd12 pair 225 camera_direction_bound
shuttleset_03_scene_0016 svd12 pair 227 camera_direction_bound
shuttleset_03_scene_0016 svd12 pair 228 matched
shuttleset_03_scene_0016 svd12 pair 230 matched
shuttleset_03_scene_0016 svd12 pair 231 matched
shuttleset_03_scene_0016 svd12 pair 232 camera_direction_bound
shuttleset_03_scene_0016 svd12 pair 234 matched
shuttleset_03_scene_0016 svd12 pair 236 matched
shuttleset_03_scene_0016 svd12 pair 237 camera_direction_bound
shuttleset_03_scene_0016 svd12 pair 238 matched
shuttleset_03_scene_0016 svd12 pair 239 camera_direction_bound
gxBQ_window_00_frame_0 full16 pair 59 matched
shuttleset_03_scene_0016 full16 pair 0 matched
am2_window_01_frame_28019 svd12 pair 172 matched
am2_window_01_frame_28019 svd12 pair 174 camera_direction_bound
shuttleset_03_scene_0016 full16 pair 1 matched
gxBQ_window_00_frame_0 full16 pair 60 matched
gxBQ_window_00_frame_0 full16 pair 61 matched
gxBQ_window_00_frame_0 full16 pair 62 matched
gxBQ_window_00_frame_0 full16 pair 63 camera_direction_bound
gxBQ_window_00_frame_0 full16 pair 64 matched
gxBQ_window_00_frame_0 full16 pair 65 matched
gxBQ_window_00_frame_0 full16 pair 66 camera_direction_bound
gxBQ_window_00_frame_0 full16 pair 67 camera_direction_bound
gxBQ_window_00_frame_0 full16 pair 68 matched
gxBQ_window_00_frame_0 full16 pair 69 camera_direction_bound
gxBQ_window_00_frame_0 full16 pair 70 camera_direction_bound
gxBQ_window_00_frame_0 full16 pair 71 camera_direction_bound
am2_window_01_frame_28019 svd12 pair 175 matched
am2_window_01_frame_28019 svd12 pair 176 camera_direction_bound
am3_window_00_frame_0 full16 pair 117 matched
gxBQ_window_00_frame_5 svd12 pair 198 matched
am2_window_01_frame_28019 svd12 pair 177 matched
am2_window_01_frame_28019 svd12 pair 178 camera_direction_bound
am2_window_01_frame_28019 svd12 pair 179 camera_direction_bound
am2_window_01_frame_28019 svd12 pair 180 camera_direction_bound
am2_window_01_frame_28019 svd12 pair 181 camera_direction_bound
am2_window_01_frame_28019 svd12 pair 182 camera_direction_bound
am2_window_01_frame_28019 svd12 pair 183 camera_direction_bound
am2_window_01_frame_28019 svd12 pair 187 camera_direction_bound
am2_window_01_frame_28019 svd12 pair 189 camera_direction_bound
shuttleset_03_scene_0016 full16 pair 2 matched
shuttleset_03_scene_0016 full16 pair 3 camera_direction_bound
gxBQ_window_00_frame_0 full16 pair 72 matched
shuttleset_03_scene_0016 full16 pair 4 matched
am2_window_01_frame_28019 svd12 pair 190 matched
am2_window_01_frame_28019 svd12 pair 191 camera_direction_bound
am2_window_01_frame_28019 svd12 pair 192 camera_direction_bound
am2_window_01_frame_28019 svd12 pair 193 camera_direction_bound
am2_window_01_frame_28019 svd12 pair 194 camera_direction_bound
am2_window_01_frame_28019 svd12 pair 195 camera_direction_bound
shuttleset_03_scene_0016 full16 pair 5 matched
shuttleset_03_scene_0016 full16 pair 6 camera_direction_bound
gxBQ_window_00_frame_0 full16 pair 73 matched
am2_window_01_frame_28019 svd12 pair 196 matched
am2_window_01_frame_28019 svd12 pair 197 camera_direction_bound
am2_window_01_frame_28019 svd12 pair 198 matched
am2_window_01_frame_28019 svd12 pair 202 camera_direction_bound
gxBQ_window_00_frame_5 svd12 pair 200 matched
gxBQ_window_00_frame_5 svd12 pair 201 camera_direction_bound
am2_window_00_frame_150 full16 pair 105 matched
shuttleset_03_scene_0016 full16 pair 7 matched
am2_window_01_frame_28019 svd12 pair 204 matched
am2_window_01_frame_28019 svd12 pair 205 camera_direction_bound
gxBQ_window_00_frame_0 full16 pair 74 matched
gxBQ_window_00_frame_0 full16 pair 75 camera_direction_bound
am2_window_01_frame_28019 svd12 pair 206 matched
am2_window_01_frame_28019 svd12 pair 207 camera_direction_bound
am2_window_01_frame_28019 svd12 pair 208 camera_direction_bound
am2_window_01_frame_28019 svd12 pair 209 matched
shuttleset_03_scene_0016 full16 pair 8 matched
am2_window_01_frame_28019 svd12 pair 210 matched
am2_window_01_frame_28019 svd12 pair 211 camera_direction_bound
am2_window_01_frame_28019 svd12 pair 212 matched
am2_window_01_frame_28019 svd12 pair 213 camera_direction_bound
am2_window_01_frame_28019 svd12 pair 217 camera_direction_bound
am2_window_01_frame_28019 svd12 pair 219 camera_direction_bound
am2_window_01_frame_28019 svd12 pair 220 camera_direction_bound
am2_window_01_frame_28019 svd12 pair 221 camera_direction_bound
am2_window_01_frame_28019 svd12 pair 222 camera_direction_bound
am2_window_01_frame_28019 svd12 pair 223 camera_direction_bound
am2_window_01_frame_28019 svd12 pair 224 camera_direction_bound
am2_window_01_frame_28019 svd12 pair 225 camera_direction_bound
am2_window_01_frame_28019 svd12 pair 226 camera_direction_bound
am2_window_01_frame_28019 svd12 pair 227 camera_direction_bound
am2_window_01_frame_28019 svd12 pair 228 camera_direction_bound
am2_window_01_frame_28019 svd12 pair 232 camera_direction_bound
am2_window_01_frame_28019 svd12 pair 234 camera_direction_bound
am2_window_01_frame_28019 svd12 pair 235 matched
am2_window_01_frame_28019 svd12 pair 236 camera_direction_bound
am2_window_01_frame_28019 svd12 pair 237 camera_direction_bound
am2_window_01_frame_28019 svd12 pair 238 matched
am2_window_01_frame_28019 svd12 pair 239 camera_direction_bound
am3_window_00_frame_0 full16 pair 118 matched
shuttleset_03_scene_0016 full16 pair 9 matched
am2_window_00_frame_150 full16 pair 106 matched
am2_window_00_frame_150 full16 pair 107 camera_direction_bound
shuttleset_03_scene_0016 full16 pair 10 matched
gxBQ_window_00_frame_5 svd12 pair 202 matched
shuttleset_03_scene_0016 full16 pair 11 matched
shuttleset_03_scene_0016 full16 pair 12 matched
shuttleset_03_scene_0016 full16 pair 13 camera_direction_bound
shuttleset_03_scene_0016 full16 pair 14 camera_direction_bound
gxBQ_window_00_frame_5 svd12 pair 203 matched
gxBQ_window_00_frame_5 svd12 pair 204 camera_direction_bound
shuttleset_03_scene_0016 full16 pair 15 matched
shuttleset_03_scene_0016 full16 pair 16 matched
shuttleset_03_scene_0016 full16 pair 17 camera_direction_bound
gxBQ_window_00_frame_0 full16 pair 76 matched
gxBQ_window_00_frame_0 full16 pair 77 camera_direction_bound
gxBQ_window_00_frame_5 svd12 pair 205 matched
am3_window_00_frame_0 full16 pair 119 matched
am2_window_00_frame_150 full16 pair 108 matched
shuttleset_03_scene_0016 full16 pair 18 matched
shuttleset_03_scene_0016 full16 pair 19 camera_direction_bound
shuttleset_03_scene_0016 full16 pair 20 matched
shuttleset_03_scene_0016 full16 pair 21 matched
shuttleset_03_scene_0016 full16 pair 22 camera_direction_bound
shuttleset_03_scene_0016 full16 pair 23 camera_direction_bound
shuttleset_03_scene_0016 full16 pair 24 camera_direction_bound
shuttleset_03_scene_0016 full16 pair 25 camera_direction_bound
shuttleset_03_scene_0016 full16 pair 26 matched
shuttleset_03_scene_0016 full16 pair 27 matched
shuttleset_03_scene_0016 full16 pair 28 matched
shuttleset_03_scene_0016 full16 pair 29 matched
gxBQ_window_00_frame_5 svd12 pair 206 matched
gxBQ_window_00_frame_5 svd12 pair 208 camera_direction_bound
shuttleset_03_scene_0016 full16 pair 30 matched
shuttleset_03_scene_0016 full16 pair 31 matched
am3_window_00_frame_0 full16 pair 120 matched
am3_window_00_frame_0 full16 pair 121 camera_direction_bound
am3_window_00_frame_0 full16 pair 122 camera_direction_bound
shuttleset_03_scene_0016 full16 pair 32 matched
gxBQ_window_00_frame_0 full16 pair 78 matched
am2_window_00_frame_150 full16 pair 109 matched
am2_window_00_frame_150 full16 pair 110 camera_direction_bound
am2_window_01_frame_28019 full16 pair 0 matched
am2_window_01_frame_28019 full16 pair 1 camera_direction_bound
am2_window_01_frame_28019 full16 pair 2 camera_direction_bound
am2_window_01_frame_28019 full16 pair 3 camera_direction_bound
gxBQ_window_00_frame_0 full16 pair 79 matched
shuttleset_03_scene_0016 full16 pair 33 matched
shuttleset_03_scene_0016 full16 pair 34 camera_direction_bound
shuttleset_03_scene_0016 full16 pair 35 camera_direction_bound
shuttleset_03_scene_0016 full16 pair 36 camera_direction_bound
shuttleset_03_scene_0016 full16 pair 37 matched
shuttleset_03_scene_0016 full16 pair 38 camera_direction_bound
shuttleset_03_scene_0016 full16 pair 39 camera_direction_bound
shuttleset_03_scene_0016 full16 pair 40 camera_direction_bound
shuttleset_03_scene_0016 full16 pair 41 camera_direction_bound
shuttleset_03_scene_0016 full16 pair 42 camera_direction_bound
shuttleset_03_scene_0016 full16 pair 43 camera_direction_bound
shuttleset_03_scene_0016 full16 pair 44 camera_direction_bound
am2_window_00_frame_150 full16 pair 111 matched
am2_window_00_frame_150 full16 pair 112 matched
am2_window_00_frame_150 full16 pair 113 camera_direction_bound
am2_window_00_frame_150 full16 pair 114 matched
am2_window_00_frame_150 full16 pair 115 camera_direction_bound
am2_window_01_frame_28019 full16 pair 4 matched
shuttleset_03_scene_0016 full16 pair 45 matched
shuttleset_03_scene_0016 full16 pair 46 camera_direction_bound
gxBQ_window_00_frame_5 svd12 pair 211 matched
gxBQ_window_00_frame_5 svd12 pair 212 camera_direction_bound
shuttleset_03_scene_0016 full16 pair 47 matched
am3_window_00_frame_0 full16 pair 123 matched
am3_window_00_frame_0 full16 pair 124 camera_direction_bound
shuttleset_03_scene_0016 full16 pair 48 matched
am2_window_01_frame_28019 full16 pair 5 matched
am2_window_01_frame_28019 full16 pair 6 camera_direction_bound
am2_window_01_frame_28019 full16 pair 7 camera_direction_bound
am2_window_01_frame_28019 full16 pair 8 camera_direction_bound
am2_window_01_frame_28019 full16 pair 9 camera_direction_bound
shuttleset_03_scene_0016 full16 pair 49 matched
shuttleset_03_scene_0016 full16 pair 50 camera_direction_bound
shuttleset_03_scene_0016 full16 pair 51 matched
shuttleset_03_scene_0016 full16 pair 52 camera_direction_bound
shuttleset_03_scene_0016 full16 pair 53 camera_direction_bound
shuttleset_03_scene_0016 full16 pair 54 matched
shuttleset_03_scene_0016 full16 pair 55 camera_direction_bound
shuttleset_03_scene_0016 full16 pair 56 matched
shuttleset_03_scene_0016 full16 pair 57 matched
gxBQ_window_00_frame_0 full16 pair 80 matched
gxBQ_window_00_frame_0 full16 pair 81 camera_direction_bound
shuttleset_03_scene_0016 full16 pair 58 matched
shuttleset_03_scene_0016 full16 pair 59 matched
shuttleset_03_scene_0016 full16 pair 60 camera_direction_bound
am2_window_00_frame_150 full16 pair 116 matched
am2_window_00_frame_150 full16 pair 117 camera_direction_bound
am2_window_00_frame_150 full16 pair 118 camera_direction_bound
am2_window_00_frame_150 full16 pair 119 matched
shuttleset_03_scene_0016 full16 pair 61 matched
am3_window_00_frame_0 full16 pair 125 matched
am2_window_00_frame_150 full16 pair 120 matched
am2_window_00_frame_150 full16 pair 121 camera_direction_bound
gxBQ_window_00_frame_5 svd12 pair 213 matched
am2_window_00_frame_150 full16 pair 122 matched
am2_window_00_frame_150 full16 pair 123 matched
shuttleset_03_scene_0016 full16 pair 62 matched
am2_window_00_frame_150 full16 pair 124 matched
am2_window_00_frame_150 full16 pair 125 matched
am2_window_00_frame_150 full16 pair 126 matched
shuttleset_03_scene_0016 full16 pair 63 matched
am2_window_00_frame_150 full16 pair 127 matched
am2_window_00_frame_150 full16 pair 128 camera_direction_bound
am2_window_00_frame_150 full16 pair 129 matched
am2_window_00_frame_150 full16 pair 130 camera_direction_bound
gxBQ_window_00_frame_5 svd12 pair 215 matched
gxBQ_window_00_frame_5 svd12 pair 216 camera_direction_bound
am2_window_00_frame_150 full16 pair 131 matched
am2_window_00_frame_150 full16 pair 132 matched
am2_window_00_frame_150 full16 pair 133 matched
am2_window_00_frame_150 full16 pair 134 camera_direction_bound
shuttleset_03_scene_0016 full16 pair 64 matched
am2_window_00_frame_150 full16 pair 135 matched
am2_window_00_frame_150 full16 pair 136 camera_direction_bound
am2_window_00_frame_150 full16 pair 137 matched
shuttleset_03_scene_0016 full16 pair 65 matched
shuttleset_03_scene_0016 full16 pair 66 camera_direction_bound
am2_window_00_frame_150 full16 pair 138 matched
am2_window_00_frame_150 full16 pair 139 matched
am2_window_00_frame_150 full16 pair 140 matched
am2_window_00_frame_150 full16 pair 141 matched
am2_window_00_frame_150 full16 pair 142 camera_direction_bound
am2_window_00_frame_150 full16 pair 143 camera_direction_bound
am2_window_00_frame_150 full16 pair 144 matched
am2_window_00_frame_150 full16 pair 145 camera_direction_bound
am2_window_00_frame_150 full16 pair 146 matched
am2_window_00_frame_150 full16 pair 147 matched
am2_window_00_frame_150 full16 pair 148 camera_direction_bound
am2_window_00_frame_150 full16 pair 149 camera_direction_bound
am2_window_00_frame_150 full16 pair 150 camera_direction_bound
shuttleset_03_scene_0016 full16 pair 67 matched
am3_window_00_frame_0 full16 pair 126 matched
am3_window_00_frame_0 full16 pair 127 camera_direction_bound
am3_window_00_frame_0 full16 pair 128 camera_direction_bound
shuttleset_03_scene_0016 full16 pair 68 matched
gxBQ_window_00_frame_0 full16 pair 82 matched
am2_window_00_frame_150 full16 pair 151 matched
shuttleset_03_scene_0016 full16 pair 69 matched
am2_window_00_frame_150 full16 pair 152 matched
am2_window_00_frame_150 full16 pair 153 camera_direction_bound
am2_window_00_frame_150 full16 pair 154 camera_direction_bound
gxBQ_window_00_frame_5 svd12 pair 217 matched
shuttleset_03_scene_0016 full16 pair 70 matched
am2_window_00_frame_150 full16 pair 155 matched
am2_window_00_frame_150 full16 pair 156 camera_direction_bound
shuttleset_03_scene_0016 full16 pair 71 matched
shuttleset_03_scene_0016 full16 pair 72 matched
shuttleset_03_scene_0016 full16 pair 73 camera_direction_bound
shuttleset_03_scene_0016 full16 pair 74 camera_direction_bound
am3_window_00_frame_0 full16 pair 129 matched
am3_window_00_frame_0 full16 pair 130 camera_direction_bound
am2_window_00_frame_150 full16 pair 157 matched
am2_window_00_frame_150 full16 pair 158 matched
am2_window_00_frame_150 full16 pair 159 matched
am2_window_00_frame_150 full16 pair 160 camera_direction_bound
am2_window_00_frame_150 full16 pair 161 camera_direction_bound
am2_window_00_frame_150 full16 pair 162 matched
gxBQ_window_00_frame_5 svd12 pair 218 matched
gxBQ_window_00_frame_5 svd12 pair 219 camera_direction_bound
am2_window_01_frame_28019 full16 pair 10 matched
am2_window_01_frame_28019 full16 pair 11 camera_direction_bound
am2_window_01_frame_28019 full16 pair 12 camera_direction_bound
am2_window_00_frame_150 full16 pair 163 matched
am2_window_00_frame_150 full16 pair 164 camera_direction_bound
am2_window_00_frame_150 full16 pair 165 camera_direction_bound
am2_window_00_frame_150 full16 pair 166 camera_direction_bound
am2_window_00_frame_150 full16 pair 167 camera_direction_bound
am2_window_00_frame_150 full16 pair 168 camera_direction_bound
am2_window_00_frame_150 full16 pair 169 camera_direction_bound
am2_window_00_frame_150 full16 pair 170 camera_direction_bound
am2_window_00_frame_150 full16 pair 171 camera_direction_bound
am2_window_00_frame_150 full16 pair 172 camera_direction_bound
am2_window_00_frame_150 full16 pair 173 camera_direction_bound
am2_window_00_frame_150 full16 pair 174 camera_direction_bound
am2_window_00_frame_150 full16 pair 175 camera_direction_bound
am2_window_00_frame_150 full16 pair 176 camera_direction_bound
am2_window_00_frame_150 full16 pair 177 camera_direction_bound
am2_window_00_frame_150 full16 pair 178 camera_direction_bound
am2_window_00_frame_150 full16 pair 179 camera_direction_bound
am2_window_00_frame_150 full16 pair 180 camera_direction_bound
shuttleset_03_scene_0016 full16 pair 75 matched
shuttleset_03_scene_0016 full16 pair 76 camera_direction_bound
shuttleset_03_scene_0016 full16 pair 77 camera_direction_bound
am2_window_01_frame_28019 full16 pair 13 matched
am2_window_01_frame_28019 full16 pair 14 camera_direction_bound
shuttleset_03_scene_0016 full16 pair 78 matched
am3_window_00_frame_0 full16 pair 131 matched
gxBQ_window_00_frame_5 svd12 pair 220 matched
shuttleset_03_scene_0016 full16 pair 79 matched
shuttleset_03_scene_0016 full16 pair 80 matched
shuttleset_03_scene_0016 full16 pair 81 matched
gxBQ_window_00_frame_0 full16 pair 83 matched
shuttleset_03_scene_0016 full16 pair 82 matched
shuttleset_03_scene_0016 full16 pair 83 matched
shuttleset_03_scene_0016 full16 pair 84 camera_direction_bound
shuttleset_03_scene_0016 full16 pair 85 matched
shuttleset_03_scene_0016 full16 pair 86 camera_direction_bound
shuttleset_03_scene_0016 full16 pair 87 camera_direction_bound
shuttleset_03_scene_0016 full16 pair 88 camera_direction_bound
shuttleset_03_scene_0016 full16 pair 89 matched
am2_window_00_frame_150 full16 pair 181 matched
shuttleset_03_scene_0016 full16 pair 90 matched
shuttleset_03_scene_0016 full16 pair 91 matched
shuttleset_03_scene_0016 full16 pair 92 camera_direction_bound
shuttleset_03_scene_0016 full16 pair 93 camera_direction_bound
shuttleset_03_scene_0016 full16 pair 94 matched
shuttleset_03_scene_0016 full16 pair 95 matched
shuttleset_03_scene_0016 full16 pair 96 matched
shuttleset_03_scene_0016 full16 pair 97 camera_direction_bound
shuttleset_03_scene_0016 full16 pair 98 camera_direction_bound
shuttleset_03_scene_0016 full16 pair 99 camera_direction_bound
shuttleset_03_scene_0016 full16 pair 100 camera_direction_bound
shuttleset_03_scene_0016 full16 pair 101 camera_direction_bound
shuttleset_03_scene_0016 full16 pair 102 camera_direction_bound
shuttleset_03_scene_0016 full16 pair 103 matched
shuttleset_03_scene_0016 full16 pair 104 matched
shuttleset_03_scene_0016 full16 pair 105 camera_direction_bound
shuttleset_03_scene_0016 full16 pair 106 matched
shuttleset_03_scene_0016 full16 pair 107 camera_direction_bound
shuttleset_03_scene_0016 full16 pair 108 matched
shuttleset_03_scene_0016 full16 pair 109 camera_direction_bound
gxBQ_window_00_frame_5 svd12 pair 221 matched
gxBQ_window_00_frame_5 svd12 pair 223 camera_direction_bound
shuttleset_03_scene_0016 full16 pair 110 matched
shuttleset_03_scene_0016 full16 pair 111 matched
shuttleset_03_scene_0016 full16 pair 112 matched
shuttleset_03_scene_0016 full16 pair 113 matched
shuttleset_03_scene_0016 full16 pair 114 matched
shuttleset_03_scene_0016 full16 pair 115 matched
shuttleset_03_scene_0016 full16 pair 116 camera_direction_bound
shuttleset_03_scene_0016 full16 pair 117 matched
shuttleset_03_scene_0016 full16 pair 118 camera_direction_bound
shuttleset_03_scene_0016 full16 pair 119 camera_direction_bound
am3_window_00_frame_0 full16 pair 132 matched
shuttleset_03_scene_0016 full16 pair 120 matched
shuttleset_03_scene_0016 full16 pair 121 camera_direction_bound
shuttleset_03_scene_0016 full16 pair 122 matched
shuttleset_03_scene_0016 full16 pair 123 camera_direction_bound
gxBQ_window_00_frame_0 full16 pair 84 matched
gxBQ_window_00_frame_0 full16 pair 85 camera_direction_bound
am2_window_00_frame_150 full16 pair 182 matched
am2_window_00_frame_150 full16 pair 183 camera_direction_bound
am2_window_00_frame_150 full16 pair 184 camera_direction_bound
shuttleset_03_scene_0016 full16 pair 124 matched
gxBQ_window_00_frame_0 full16 pair 86 matched
gxBQ_window_00_frame_0 full16 pair 87 camera_direction_bound
gxBQ_window_00_frame_0 full16 pair 88 camera_direction_bound
gxBQ_window_00_frame_0 full16 pair 89 camera_direction_bound
shuttleset_03_scene_0016 full16 pair 125 matched
shuttleset_03_scene_0016 full16 pair 126 camera_direction_bound
shuttleset_03_scene_0016 full16 pair 127 matched
shuttleset_03_scene_0016 full16 pair 128 camera_direction_bound
shuttleset_03_scene_0016 full16 pair 129 matched
shuttleset_03_scene_0016 full16 pair 130 camera_direction_bound
am2_window_00_frame_150 full16 pair 185 matched
am2_window_00_frame_150 full16 pair 186 camera_direction_bound
gxBQ_window_00_frame_5 full16 pair 0 matched
gxBQ_window_00_frame_5 full16 pair 1 camera_direction_bound
shuttleset_03_scene_0016 full16 pair 131 matched
shuttleset_03_scene_0016 full16 pair 132 matched
shuttleset_03_scene_0016 full16 pair 133 matched
shuttleset_03_scene_0016 full16 pair 134 matched
am3_window_00_frame_0 full16 pair 133 matched
shuttleset_03_scene_0016 full16 pair 135 matched
shuttleset_03_scene_0016 full16 pair 136 camera_direction_bound
shuttleset_03_scene_0016 full16 pair 137 camera_direction_bound
shuttleset_03_scene_0016 full16 pair 138 camera_direction_bound
shuttleset_03_scene_0016 full16 pair 139 matched
am2_window_01_frame_28019 full16 pair 15 matched
shuttleset_03_scene_0016 full16 pair 140 matched
shuttleset_03_scene_0016 full16 pair 141 camera_direction_bound
shuttleset_03_scene_0016 full16 pair 142 matched
shuttleset_03_scene_0016 full16 pair 143 camera_direction_bound
shuttleset_03_scene_0016 full16 pair 144 matched
shuttleset_03_scene_0016 full16 pair 145 camera_direction_bound
shuttleset_03_scene_0016 full16 pair 146 camera_direction_bound
shuttleset_03_scene_0016 full16 pair 147 camera_direction_bound
shuttleset_03_scene_0016 full16 pair 148 matched
shuttleset_03_scene_0016 full16 pair 149 matched
gxBQ_window_00_frame_0 full16 pair 90 matched
gxBQ_window_00_frame_0 full16 pair 91 camera_direction_bound
shuttleset_03_scene_0016 full16 pair 150 matched
shuttleset_03_scene_0016 full16 pair 151 camera_direction_bound
shuttleset_03_scene_0016 full16 pair 152 camera_direction_bound
shuttleset_03_scene_0016 full16 pair 153 matched
am2_window_00_frame_150 full16 pair 187 matched
gxBQ_window_00_frame_5 full16 pair 2 matched
gxBQ_window_00_frame_5 full16 pair 3 camera_direction_bound
shuttleset_03_scene_0016 full16 pair 154 matched
shuttleset_03_scene_0016 full16 pair 155 camera_direction_bound
shuttleset_03_scene_0016 full16 pair 156 camera_direction_bound
shuttleset_03_scene_0016 full16 pair 157 matched
am2_window_00_frame_150 full16 pair 188 matched
am2_window_00_frame_150 full16 pair 189 matched
am2_window_00_frame_150 full16 pair 190 camera_direction_bound
am2_window_00_frame_150 full16 pair 191 camera_direction_bound
am2_window_00_frame_150 full16 pair 192 camera_direction_bound
am2_window_00_frame_150 full16 pair 193 camera_direction_bound
am2_window_00_frame_150 full16 pair 194 camera_direction_bound
shuttleset_03_scene_0016 full16 pair 158 matched
shuttleset_03_scene_0016 full16 pair 159 matched
am3_window_00_frame_0 full16 pair 134 matched
am3_window_00_frame_0 full16 pair 135 camera_direction_bound
gxBQ_window_00_frame_0 full16 pair 92 matched
am3_window_00_frame_0 full16 pair 136 matched
am3_window_00_frame_0 full16 pair 137 camera_direction_bound
am3_window_00_frame_0 full16 pair 138 camera_direction_bound
am3_window_00_frame_0 full16 pair 139 matched
am3_window_00_frame_0 full16 pair 140 camera_direction_bound
am3_window_00_frame_0 full16 pair 141 camera_direction_bound
shuttleset_03_scene_0016 full16 pair 160 matched
shuttleset_03_scene_0016 full16 pair 161 camera_direction_bound
shuttleset_03_scene_0016 full16 pair 162 camera_direction_bound
shuttleset_03_scene_0016 full16 pair 163 camera_direction_bound
am3_window_00_frame_0 full16 pair 142 matched
am3_window_00_frame_0 full16 pair 143 camera_direction_bound
am3_window_00_frame_0 full16 pair 144 camera_direction_bound
am3_window_00_frame_0 full16 pair 145 camera_direction_bound
am3_window_00_frame_0 full16 pair 146 camera_direction_bound
am3_window_00_frame_0 full16 pair 147 camera_direction_bound
am3_window_00_frame_0 full16 pair 148 camera_direction_bound
am3_window_00_frame_0 full16 pair 149 camera_direction_bound
am3_window_00_frame_0 full16 pair 150 camera_direction_bound
shuttleset_03_scene_0016 full16 pair 164 matched
gxBQ_window_00_frame_5 full16 pair 4 matched
gxBQ_window_00_frame_5 full16 pair 5 camera_direction_bound
am2_window_00_frame_150 full16 pair 195 matched
shuttleset_03_scene_0016 full16 pair 165 matched
shuttleset_03_scene_0016 full16 pair 166 camera_direction_bound
shuttleset_03_scene_0016 full16 pair 167 camera_direction_bound
shuttleset_03_scene_0016 full16 pair 168 camera_direction_bound
shuttleset_03_scene_0016 full16 pair 169 matched
am3_window_00_frame_0 full16 pair 151 matched
am2_window_00_frame_150 full16 pair 196 matched
am2_window_00_frame_150 full16 pair 197 camera_direction_bound
shuttleset_03_scene_0016 full16 pair 170 matched
shuttleset_03_scene_0016 full16 pair 171 camera_direction_bound
shuttleset_03_scene_0016 full16 pair 172 matched
shuttleset_03_scene_0016 full16 pair 173 camera_direction_bound
shuttleset_03_scene_0016 full16 pair 174 camera_direction_bound
shuttleset_03_scene_0016 full16 pair 175 matched
shuttleset_03_scene_0016 full16 pair 176 camera_direction_bound
shuttleset_03_scene_0016 full16 pair 177 camera_direction_bound
shuttleset_03_scene_0016 full16 pair 178 matched
gxBQ_window_00_frame_0 full16 pair 93 matched
shuttleset_03_scene_0016 full16 pair 179 matched
gxBQ_window_00_frame_0 full16 pair 94 matched
shuttleset_03_scene_0016 full16 pair 180 matched
gxBQ_window_00_frame_5 full16 pair 6 matched
shuttleset_03_scene_0016 full16 pair 181 matched
shuttleset_03_scene_0016 full16 pair 182 camera_direction_bound
am2_window_00_frame_150 full16 pair 198 matched
shuttleset_03_scene_0016 full16 pair 183 matched
am3_window_00_frame_0 full16 pair 152 matched
am3_window_00_frame_0 full16 pair 153 camera_direction_bound
am3_window_00_frame_0 full16 pair 154 camera_direction_bound
am3_window_00_frame_0 full16 pair 155 camera_direction_bound
am3_window_00_frame_0 full16 pair 156 camera_direction_bound
shuttleset_03_scene_0016 full16 pair 184 matched
shuttleset_03_scene_0016 full16 pair 185 camera_direction_bound
shuttleset_03_scene_0016 full16 pair 186 camera_direction_bound
shuttleset_03_scene_0016 full16 pair 187 camera_direction_bound
shuttleset_03_scene_0016 full16 pair 188 matched
shuttleset_03_scene_0016 full16 pair 189 camera_direction_bound
shuttleset_03_scene_0016 full16 pair 190 camera_direction_bound
shuttleset_03_scene_0016 full16 pair 191 camera_direction_bound
shuttleset_03_scene_0016 full16 pair 192 camera_direction_bound
shuttleset_03_scene_0016 full16 pair 193 camera_direction_bound
shuttleset_03_scene_0016 full16 pair 194 camera_direction_bound
shuttleset_03_scene_0016 full16 pair 195 matched
shuttleset_03_scene_0016 full16 pair 196 matched
shuttleset_03_scene_0016 full16 pair 197 camera_direction_bound
shuttleset_03_scene_0016 full16 pair 198 matched
shuttleset_03_scene_0016 full16 pair 199 matched
shuttleset_03_scene_0016 full16 pair 200 camera_direction_bound
shuttleset_03_scene_0016 full16 pair 201 camera_direction_bound
shuttleset_03_scene_0016 full16 pair 202 matched
shuttleset_03_scene_0016 full16 pair 203 matched
shuttleset_03_scene_0016 full16 pair 204 camera_direction_bound
shuttleset_03_scene_0016 full16 pair 205 camera_direction_bound
shuttleset_03_scene_0016 full16 pair 206 camera_direction_bound
shuttleset_03_scene_0016 full16 pair 207 camera_direction_bound
shuttleset_03_scene_0016 full16 pair 208 camera_direction_bound
shuttleset_03_scene_0016 full16 pair 209 matched
shuttleset_03_scene_0016 full16 pair 210 camera_direction_bound
shuttleset_03_scene_0016 full16 pair 211 matched
shuttleset_03_scene_0016 full16 pair 212 camera_direction_bound
gxBQ_window_00_frame_5 full16 pair 7 matched
gxBQ_window_00_frame_5 full16 pair 8 camera_direction_bound
shuttleset_03_scene_0016 full16 pair 213 matched
shuttleset_03_scene_0016 full16 pair 214 camera_direction_bound
shuttleset_03_scene_0016 full16 pair 215 camera_direction_bound
am2_window_01_frame_28019 full16 pair 16 matched
am2_window_01_frame_28019 full16 pair 17 camera_direction_bound
shuttleset_03_scene_0016 full16 pair 216 matched
shuttleset_03_scene_0016 full16 pair 217 camera_direction_bound
am3_window_00_frame_0 full16 pair 157 matched
shuttleset_03_scene_0016 full16 pair 218 matched
shuttleset_03_scene_0016 full16 pair 219 matched
shuttleset_03_scene_0016 full16 pair 220 camera_direction_bound
shuttleset_03_scene_0016 full16 pair 221 matched
shuttleset_03_scene_0016 full16 pair 222 camera_direction_bound
shuttleset_03_scene_0016 full16 pair 223 camera_direction_bound
shuttleset_03_scene_0016 full16 pair 224 camera_direction_bound
shuttleset_03_scene_0016 full16 pair 225 camera_direction_bound
am2_window_00_frame_150 full16 pair 199 matched
am2_window_00_frame_150 full16 pair 200 camera_direction_bound
gxBQ_window_00_frame_0 full16 pair 95 matched
shuttleset_03_scene_0016 full16 pair 226 matched
shuttleset_03_scene_0016 full16 pair 227 camera_direction_bound
am2_window_00_frame_150 full16 pair 201 matched
am2_window_00_frame_150 full16 pair 202 camera_direction_bound
am2_window_00_frame_150 full16 pair 203 matched
am2_window_00_frame_150 full16 pair 204 matched
shuttleset_03_scene_0016 full16 pair 228 matched
shuttleset_03_scene_0016 full16 pair 229 camera_direction_bound
gxBQ_window_00_frame_5 full16 pair 9 matched
am2_window_00_frame_150 full16 pair 205 matched
am2_window_00_frame_150 full16 pair 206 camera_direction_bound
am2_window_00_frame_150 full16 pair 207 camera_direction_bound
am2_window_00_frame_150 full16 pair 208 camera_direction_bound
am2_window_00_frame_150 full16 pair 209 matched
shuttleset_03_scene_0016 full16 pair 230 matched
shuttleset_03_scene_0016 full16 pair 231 matched
shuttleset_03_scene_0016 full16 pair 232 camera_direction_bound
shuttleset_03_scene_0016 full16 pair 233 matched
shuttleset_03_scene_0016 full16 pair 234 matched
shuttleset_03_scene_0016 full16 pair 235 matched
shuttleset_03_scene_0016 full16 pair 236 matched
shuttleset_03_scene_0016 full16 pair 237 camera_direction_bound
shuttleset_03_scene_0016 full16 pair 238 matched
shuttleset_03_scene_0016 full16 pair 239 camera_direction_bound
am3_window_00_frame_0 full16 pair 158 matched
am3_window_00_frame_0 full16 pair 159 camera_direction_bound
am3_window_00_frame_0 full16 pair 160 camera_direction_bound
am3_window_00_frame_0 full16 pair 161 camera_direction_bound
am3_window_00_frame_0 full16 pair 162 camera_direction_bound
am3_window_00_frame_0 full16 pair 163 camera_direction_bound
am3_window_00_frame_0 full16 pair 164 camera_direction_bound
am3_window_00_frame_0 full16 pair 165 camera_direction_bound
am3_window_00_frame_0 full16 pair 166 matched
am3_window_00_frame_0 full16 pair 167 camera_direction_bound
am3_window_00_frame_0 full16 pair 168 camera_direction_bound
am3_window_00_frame_0 full16 pair 169 matched
am3_window_00_frame_0 full16 pair 170 camera_direction_bound
am3_window_00_frame_0 full16 pair 171 camera_direction_bound
am3_window_00_frame_0 full16 pair 172 matched
am3_window_00_frame_0 full16 pair 173 camera_direction_bound
am3_window_00_frame_0 full16 pair 174 camera_direction_bound
am3_window_00_frame_0 full16 pair 175 camera_direction_bound
am3_window_00_frame_0 full16 pair 176 camera_direction_bound
am3_window_00_frame_0 full16 pair 177 camera_direction_bound
am3_window_00_frame_0 full16 pair 178 camera_direction_bound
am3_window_00_frame_0 full16 pair 179 camera_direction_bound
am3_window_00_frame_0 full16 pair 180 camera_direction_bound
am3_window_00_frame_0 full16 pair 181 camera_direction_bound
am2_window_00_frame_150 full16 pair 210 matched
gxBQ_window_00_frame_0 full16 pair 96 matched
shuttleset_21_scene_0020 full16 pair 0 matched
am2_window_00_frame_150 full16 pair 211 matched
am2_window_00_frame_150 full16 pair 212 camera_direction_bound
am3_window_00_frame_0 full16 pair 182 matched
am3_window_00_frame_0 full16 pair 183 camera_direction_bound
am3_window_00_frame_0 full16 pair 184 camera_direction_bound
am3_window_00_frame_0 full16 pair 185 camera_direction_bound
am3_window_00_frame_0 full16 pair 186 camera_direction_bound
am2_window_00_frame_150 full16 pair 213 matched
gxBQ_window_00_frame_5 full16 pair 10 matched
gxBQ_window_00_frame_5 full16 pair 11 camera_direction_bound
gxBQ_window_00_frame_5 full16 pair 12 camera_direction_bound
gxBQ_window_00_frame_5 full16 pair 13 camera_direction_bound
gxBQ_window_00_frame_5 full16 pair 14 camera_direction_bound
shuttleset_21_scene_0020 full16 pair 1 matched
shuttleset_21_scene_0020 full16 pair 2 camera_direction_bound
shuttleset_21_scene_0020 full16 pair 3 camera_direction_bound
shuttleset_21_scene_0020 full16 pair 4 matched
shuttleset_21_scene_0020 full16 pair 5 matched
am3_window_00_frame_0 full16 pair 187 matched
gxBQ_window_00_frame_0 full16 pair 97 matched
gxBQ_window_00_frame_0 full16 pair 98 camera_direction_bound
gxBQ_window_00_frame_0 full16 pair 99 camera_direction_bound
shuttleset_21_scene_0020 full16 pair 6 matched
am2_window_00_frame_150 full16 pair 214 matched
am2_window_00_frame_150 full16 pair 215 camera_direction_bound
shuttleset_21_scene_0020 full16 pair 7 matched
shuttleset_21_scene_0020 full16 pair 8 camera_direction_bound
shuttleset_21_scene_0020 full16 pair 9 camera_direction_bound
shuttleset_21_scene_0020 full16 pair 10 camera_direction_bound
shuttleset_21_scene_0020 full16 pair 11 camera_direction_bound
am2_window_00_frame_150 full16 pair 216 matched
am2_window_00_frame_150 full16 pair 217 camera_direction_bound
am2_window_00_frame_150 full16 pair 218 matched
am2_window_00_frame_150 full16 pair 219 camera_direction_bound
gxBQ_window_00_frame_0 full16 pair 100 matched
gxBQ_window_00_frame_0 full16 pair 101 matched
shuttleset_21_scene_0020 full16 pair 12 matched
am2_window_00_frame_150 full16 pair 220 matched
am2_window_00_frame_150 full16 pair 221 camera_direction_bound
am2_window_00_frame_150 full16 pair 222 camera_direction_bound
am2_window_00_frame_150 full16 pair 223 camera_direction_bound
am2_window_00_frame_150 full16 pair 224 matched
am2_window_00_frame_150 full16 pair 225 camera_direction_bound
am2_window_00_frame_150 full16 pair 226 camera_direction_bound
am2_window_00_frame_150 full16 pair 227 matched
am2_window_00_frame_150 full16 pair 228 camera_direction_bound
am2_window_00_frame_150 full16 pair 229 camera_direction_bound
am2_window_00_frame_150 full16 pair 230 matched
am2_window_00_frame_150 full16 pair 231 camera_direction_bound
am2_window_00_frame_150 full16 pair 232 matched
am2_window_00_frame_150 full16 pair 233 camera_direction_bound
am2_window_00_frame_150 full16 pair 234 camera_direction_bound
am2_window_00_frame_150 full16 pair 235 camera_direction_bound
am2_window_00_frame_150 full16 pair 236 camera_direction_bound
am2_window_00_frame_150 full16 pair 237 camera_direction_bound
am2_window_00_frame_150 full16 pair 238 matched
am2_window_00_frame_150 full16 pair 239 matched
gxBQ_window_00_frame_5 full16 pair 15 matched
am3_window_00_frame_0 full16 pair 188 matched
am3_window_00_frame_0 full16 pair 189 camera_direction_bound
am3_window_00_frame_0 full16 pair 190 camera_direction_bound
am3_window_00_frame_0 full16 pair 191 camera_direction_bound
am3_window_00_frame_0 full16 pair 192 camera_direction_bound
am3_window_00_frame_0 full16 pair 193 camera_direction_bound
am3_window_00_frame_0 full16 pair 194 camera_direction_bound
am3_window_00_frame_0 full16 pair 195 camera_direction_bound
shuttleset_21_scene_0020 full16 pair 13 matched
shuttleset_21_scene_0020 full16 pair 14 camera_direction_bound
am2_window_01_frame_28019 full16 pair 18 matched
shuttleset_21_scene_0020 full16 pair 15 matched
shuttleset_21_scene_0020 full16 pair 16 matched
am2_window_01_frame_28019 full16 pair 19 matched
shuttleset_21_scene_0020 full16 pair 17 matched
shuttleset_21_scene_0020 full16 pair 18 camera_direction_bound
gxBQ_window_00_frame_5 full16 pair 16 matched
shuttleset_21_scene_0020 full16 pair 19 matched
gxBQ_window_00_frame_0 full16 pair 102 matched
shuttleset_21_scene_0020 full16 pair 20 matched
shuttleset_21_scene_0020 full16 pair 21 camera_direction_bound
shuttleset_21_scene_0020 full16 pair 22 camera_direction_bound
am2_window_00_frame_150 svd12 pair 1 matched
am2_window_00_frame_150 svd12 pair 2 camera_direction_bound
am2_window_00_frame_150 svd12 pair 3 camera_direction_bound
am2_window_00_frame_150 svd12 pair 5 camera_direction_bound
shuttleset_21_scene_0020 full16 pair 23 matched
shuttleset_21_scene_0020 full16 pair 24 camera_direction_bound
shuttleset_21_scene_0020 full16 pair 25 camera_direction_bound
am2_window_01_frame_28019 full16 pair 20 matched
shuttleset_21_scene_0020 full16 pair 26 matched
shuttleset_21_scene_0020 full16 pair 27 camera_direction_bound
shuttleset_21_scene_0020 full16 pair 28 matched
shuttleset_21_scene_0020 full16 pair 29 camera_direction_bound
am3_window_00_frame_0 full16 pair 196 matched
shuttleset_21_scene_0020 full16 pair 30 matched
gxBQ_window_00_frame_5 full16 pair 17 matched
shuttleset_21_scene_0020 full16 pair 31 matched
gxBQ_window_00_frame_0 full16 pair 103 matched
shuttleset_21_scene_0020 full16 pair 32 matched
shuttleset_21_scene_0020 full16 pair 33 camera_direction_bound
shuttleset_21_scene_0020 full16 pair 34 camera_direction_bound
shuttleset_21_scene_0020 full16 pair 35 camera_direction_bound
shuttleset_21_scene_0020 full16 pair 36 matched
shuttleset_21_scene_0020 full16 pair 37 camera_direction_bound
am2_window_00_frame_150 svd12 pair 6 matched
am2_window_00_frame_150 svd12 pair 9 camera_direction_bound
am2_window_00_frame_150 svd12 pair 10 camera_direction_bound
am2_window_00_frame_150 svd12 pair 11 camera_direction_bound
gxBQ_window_00_frame_5 full16 pair 18 matched
shuttleset_21_scene_0020 full16 pair 38 matched
shuttleset_21_scene_0020 full16 pair 39 matched
am2_window_00_frame_150 svd12 pair 12 matched
shuttleset_21_scene_0020 full16 pair 40 matched
shuttleset_21_scene_0020 full16 pair 41 camera_direction_bound
shuttleset_21_scene_0020 full16 pair 42 camera_direction_bound
shuttleset_21_scene_0020 full16 pair 43 camera_direction_bound
am3_window_00_frame_0 full16 pair 197 matched
am3_window_00_frame_0 full16 pair 198 camera_direction_bound
shuttleset_21_scene_0020 full16 pair 44 matched
shuttleset_21_scene_0020 full16 pair 45 camera_direction_bound
gxBQ_window_00_frame_5 full16 pair 19 matched
gxBQ_window_00_frame_0 full16 pair 104 matched
gxBQ_window_00_frame_0 full16 pair 105 camera_direction_bound
shuttleset_21_scene_0020 full16 pair 46 matched
am2_window_00_frame_150 svd12 pair 13 matched
am2_window_00_frame_150 svd12 pair 14 camera_direction_bound
am3_window_00_frame_0 full16 pair 199 matched
am3_window_00_frame_0 full16 pair 200 camera_direction_bound
am3_window_00_frame_0 full16 pair 201 camera_direction_bound
shuttleset_21_scene_0020 full16 pair 47 matched
shuttleset_21_scene_0020 full16 pair 48 matched
shuttleset_21_scene_0020 full16 pair 49 camera_direction_bound
shuttleset_21_scene_0020 full16 pair 50 matched
shuttleset_21_scene_0020 full16 pair 51 camera_direction_bound
shuttleset_21_scene_0020 full16 pair 52 camera_direction_bound
shuttleset_21_scene_0020 full16 pair 53 camera_direction_bound
gxBQ_window_00_frame_5 full16 pair 20 matched
gxBQ_window_00_frame_5 full16 pair 21 camera_direction_bound
gxBQ_window_00_frame_5 full16 pair 22 camera_direction_bound
gxBQ_window_00_frame_5 full16 pair 23 camera_direction_bound
shuttleset_21_scene_0020 full16 pair 54 matched
shuttleset_21_scene_0020 full16 pair 55 matched
gxBQ_window_00_frame_5 full16 pair 24 matched
shuttleset_21_scene_0020 full16 pair 56 matched
shuttleset_21_scene_0020 full16 pair 57 camera_direction_bound
shuttleset_21_scene_0020 full16 pair 58 camera_direction_bound
shuttleset_21_scene_0020 full16 pair 59 matched
shuttleset_21_scene_0020 full16 pair 60 camera_direction_bound
shuttleset_21_scene_0020 full16 pair 61 camera_direction_bound
shuttleset_21_scene_0020 full16 pair 62 camera_direction_bound
shuttleset_21_scene_0020 full16 pair 63 matched
shuttleset_21_scene_0020 full16 pair 64 camera_direction_bound
shuttleset_21_scene_0020 full16 pair 65 camera_direction_bound
am2_window_01_frame_28019 full16 pair 21 matched
shuttleset_21_scene_0020 full16 pair 66 matched
shuttleset_21_scene_0020 full16 pair 67 camera_direction_bound
shuttleset_21_scene_0020 full16 pair 68 camera_direction_bound
shuttleset_21_scene_0020 full16 pair 69 camera_direction_bound
shuttleset_21_scene_0020 full16 pair 70 camera_direction_bound
shuttleset_21_scene_0020 full16 pair 71 camera_direction_bound
shuttleset_21_scene_0020 full16 pair 72 matched
shuttleset_21_scene_0020 full16 pair 73 camera_direction_bound
shuttleset_21_scene_0020 full16 pair 74 camera_direction_bound
shuttleset_21_scene_0020 full16 pair 75 matched
shuttleset_21_scene_0020 full16 pair 76 matched
shuttleset_21_scene_0020 full16 pair 77 camera_direction_bound
shuttleset_21_scene_0020 full16 pair 78 camera_direction_bound
shuttleset_21_scene_0020 full16 pair 79 camera_direction_bound
shuttleset_21_scene_0020 full16 pair 80 camera_direction_bound
shuttleset_21_scene_0020 full16 pair 81 matched
shuttleset_21_scene_0020 full16 pair 82 camera_direction_bound
gxBQ_window_00_frame_0 full16 pair 106 matched
gxBQ_window_00_frame_0 full16 pair 107 camera_direction_bound
am2_window_00_frame_150 svd12 pair 30 matched
gxBQ_window_00_frame_5 full16 pair 25 matched
shuttleset_21_scene_0020 full16 pair 83 matched
shuttleset_21_scene_0020 full16 pair 84 matched
shuttleset_21_scene_0020 full16 pair 85 camera_direction_bound
shuttleset_21_scene_0020 full16 pair 86 camera_direction_bound
shuttleset_21_scene_0020 full16 pair 87 camera_direction_bound
shuttleset_21_scene_0020 full16 pair 88 camera_direction_bound
shuttleset_21_scene_0020 full16 pair 89 matched
shuttleset_21_scene_0020 full16 pair 90 matched
shuttleset_21_scene_0020 full16 pair 91 matched
shuttleset_21_scene_0020 full16 pair 92 camera_direction_bound
am3_window_00_frame_0 full16 pair 202 matched
shuttleset_21_scene_0020 full16 pair 93 matched
shuttleset_21_scene_0020 full16 pair 94 camera_direction_bound
shuttleset_21_scene_0020 full16 pair 95 camera_direction_bound
shuttleset_21_scene_0020 full16 pair 96 matched
shuttleset_21_scene_0020 full16 pair 97 camera_direction_bound
shuttleset_21_scene_0020 full16 pair 98 camera_direction_bound
shuttleset_21_scene_0020 full16 pair 99 matched
shuttleset_21_scene_0020 full16 pair 100 camera_direction_bound
shuttleset_21_scene_0020 full16 pair 101 camera_direction_bound
shuttleset_21_scene_0020 full16 pair 102 camera_direction_bound
shuttleset_21_scene_0020 full16 pair 103 camera_direction_bound
shuttleset_21_scene_0020 full16 pair 104 matched
shuttleset_21_scene_0020 full16 pair 105 matched
shuttleset_21_scene_0020 full16 pair 106 camera_direction_bound
shuttleset_21_scene_0020 full16 pair 107 matched
shuttleset_21_scene_0020 full16 pair 108 camera_direction_bound
shuttleset_21_scene_0020 full16 pair 109 matched
shuttleset_21_scene_0020 full16 pair 110 matched
shuttleset_21_scene_0020 full16 pair 111 matched
shuttleset_21_scene_0020 full16 pair 112 camera_direction_bound
shuttleset_21_scene_0020 full16 pair 113 matched
gxBQ_window_00_frame_5 full16 pair 26 matched
shuttleset_21_scene_0020 full16 pair 114 matched
shuttleset_21_scene_0020 full16 pair 115 matched
am2_window_00_frame_150 svd12 pair 32 matched
shuttleset_21_scene_0020 full16 pair 116 matched
shuttleset_21_scene_0020 full16 pair 117 camera_direction_bound
gxBQ_window_00_frame_0 full16 pair 108 matched
gxBQ_window_00_frame_0 full16 pair 109 camera_direction_bound
gxBQ_window_00_frame_0 full16 pair 110 camera_direction_bound
shuttleset_21_scene_0020 full16 pair 118 matched
shuttleset_21_scene_0020 full16 pair 119 matched
shuttleset_21_scene_0020 full16 pair 120 matched
shuttleset_21_scene_0020 full16 pair 121 camera_direction_bound
shuttleset_21_scene_0020 full16 pair 122 camera_direction_bound
shuttleset_21_scene_0020 full16 pair 123 camera_direction_bound
shuttleset_21_scene_0020 full16 pair 124 camera_direction_bound
shuttleset_21_scene_0020 full16 pair 125 camera_direction_bound
shuttleset_21_scene_0020 full16 pair 126 camera_direction_bound
shuttleset_21_scene_0020 full16 pair 127 camera_direction_bound
am3_window_00_frame_0 full16 pair 203 matched
am3_window_00_frame_0 full16 pair 204 camera_direction_bound
am3_window_00_frame_0 full16 pair 205 camera_direction_bound
am3_window_00_frame_0 full16 pair 206 camera_direction_bound
am3_window_00_frame_0 full16 pair 207 camera_direction_bound
am3_window_00_frame_0 full16 pair 208 camera_direction_bound
am3_window_00_frame_0 full16 pair 209 camera_direction_bound
am3_window_00_frame_0 full16 pair 210 camera_direction_bound
shuttleset_21_scene_0020 full16 pair 128 matched
shuttleset_21_scene_0020 full16 pair 129 camera_direction_bound
shuttleset_21_scene_0020 full16 pair 130 matched
shuttleset_21_scene_0020 full16 pair 131 matched
shuttleset_21_scene_0020 full16 pair 132 camera_direction_bound
shuttleset_21_scene_0020 full16 pair 133 camera_direction_bound
shuttleset_21_scene_0020 full16 pair 134 camera_direction_bound
shuttleset_21_scene_0020 full16 pair 135 camera_direction_bound
am2_window_01_frame_28019 full16 pair 22 matched
am2_window_01_frame_28019 full16 pair 23 camera_direction_bound
shuttleset_21_scene_0020 full16 pair 136 matched
gxBQ_window_00_frame_5 full16 pair 27 matched
shuttleset_21_scene_0020 full16 pair 137 matched
shuttleset_21_scene_0020 full16 pair 138 camera_direction_bound
shuttleset_21_scene_0020 full16 pair 139 camera_direction_bound
shuttleset_21_scene_0020 full16 pair 140 matched
shuttleset_21_scene_0020 full16 pair 141 camera_direction_bound
am2_window_00_frame_150 svd12 pair 33 matched
am2_window_01_frame_28019 full16 pair 24 matched
am2_window_01_frame_28019 full16 pair 25 camera_direction_bound
am2_window_01_frame_28019 full16 pair 26 camera_direction_bound
shuttleset_21_scene_0020 full16 pair 142 matched
am2_window_01_frame_28019 full16 pair 27 matched
am2_window_01_frame_28019 full16 pair 28 camera_direction_bound
am2_window_01_frame_28019 full16 pair 29 camera_direction_bound
am2_window_01_frame_28019 full16 pair 30 camera_direction_bound
shuttleset_21_scene_0020 full16 pair 143 matched
shuttleset_21_scene_0020 full16 pair 144 camera_direction_bound
shuttleset_21_scene_0020 full16 pair 145 camera_direction_bound
shuttleset_21_scene_0020 full16 pair 146 camera_direction_bound
gxBQ_window_00_frame_0 full16 pair 111 matched
shuttleset_21_scene_0020 full16 pair 147 matched
am2_window_00_frame_150 svd12 pair 35 matched
am2_window_00_frame_150 svd12 pair 36 camera_direction_bound
shuttleset_21_scene_0020 full16 pair 148 matched
shuttleset_21_scene_0020 full16 pair 149 camera_direction_bound
shuttleset_21_scene_0020 full16 pair 150 camera_direction_bound
shuttleset_21_scene_0020 full16 pair 151 camera_direction_bound
shuttleset_21_scene_0020 full16 pair 152 matched
shuttleset_21_scene_0020 full16 pair 153 matched
shuttleset_21_scene_0020 full16 pair 154 camera_direction_bound
shuttleset_21_scene_0020 full16 pair 155 matched
shuttleset_21_scene_0020 full16 pair 156 matched
shuttleset_21_scene_0020 full16 pair 157 matched
shuttleset_21_scene_0020 full16 pair 158 camera_direction_bound
shuttleset_21_scene_0020 full16 pair 159 camera_direction_bound
shuttleset_21_scene_0020 full16 pair 160 camera_direction_bound
shuttleset_21_scene_0020 full16 pair 161 matched
shuttleset_21_scene_0020 full16 pair 162 matched
am2_window_00_frame_150 svd12 pair 39 matched
am2_window_00_frame_150 svd12 pair 40 camera_direction_bound
shuttleset_21_scene_0020 full16 pair 163 matched
shuttleset_21_scene_0020 full16 pair 164 camera_direction_bound
shuttleset_21_scene_0020 full16 pair 165 camera_direction_bound
shuttleset_21_scene_0020 full16 pair 166 camera_direction_bound
gxBQ_window_00_frame_5 full16 pair 28 matched
am3_window_00_frame_0 full16 pair 211 matched
shuttleset_21_scene_0020 full16 pair 167 matched
shuttleset_21_scene_0020 full16 pair 168 matched
shuttleset_21_scene_0020 full16 pair 169 camera_direction_bound
shuttleset_21_scene_0020 full16 pair 170 camera_direction_bound
shuttleset_21_scene_0020 full16 pair 171 camera_direction_bound
shuttleset_21_scene_0020 full16 pair 172 matched
shuttleset_21_scene_0020 full16 pair 173 matched
shuttleset_21_scene_0020 full16 pair 174 camera_direction_bound
shuttleset_21_scene_0020 full16 pair 175 camera_direction_bound
shuttleset_21_scene_0020 full16 pair 176 camera_direction_bound
shuttleset_21_scene_0020 full16 pair 177 matched
shuttleset_21_scene_0020 full16 pair 178 matched
shuttleset_21_scene_0020 full16 pair 179 camera_direction_bound
shuttleset_21_scene_0020 full16 pair 180 camera_direction_bound
shuttleset_21_scene_0020 full16 pair 181 matched
shuttleset_21_scene_0020 full16 pair 182 camera_direction_bound
shuttleset_21_scene_0020 full16 pair 183 matched
shuttleset_21_scene_0020 full16 pair 184 camera_direction_bound
shuttleset_21_scene_0020 full16 pair 185 camera_direction_bound
shuttleset_21_scene_0020 full16 pair 186 camera_direction_bound
shuttleset_21_scene_0020 full16 pair 187 matched
shuttleset_21_scene_0020 full16 pair 188 matched
shuttleset_21_scene_0020 full16 pair 189 camera_direction_bound
shuttleset_21_scene_0020 full16 pair 190 matched
shuttleset_21_scene_0020 full16 pair 191 camera_direction_bound
shuttleset_21_scene_0020 full16 pair 192 matched
shuttleset_21_scene_0020 full16 pair 193 camera_direction_bound
shuttleset_21_scene_0020 full16 pair 194 matched
shuttleset_21_scene_0020 full16 pair 195 matched
shuttleset_21_scene_0020 full16 pair 196 camera_direction_bound
shuttleset_21_scene_0020 full16 pair 197 camera_direction_bound
shuttleset_21_scene_0020 full16 pair 198 camera_direction_bound
shuttleset_21_scene_0020 full16 pair 199 matched
shuttleset_21_scene_0020 full16 pair 200 camera_direction_bound
shuttleset_21_scene_0020 full16 pair 201 camera_direction_bound
shuttleset_21_scene_0020 full16 pair 202 camera_direction_bound
shuttleset_21_scene_0020 full16 pair 203 camera_direction_bound
shuttleset_21_scene_0020 full16 pair 204 matched
shuttleset_21_scene_0020 full16 pair 205 matched
shuttleset_21_scene_0020 full16 pair 206 matched
shuttleset_21_scene_0020 full16 pair 207 matched
shuttleset_21_scene_0020 full16 pair 208 camera_direction_bound
shuttleset_21_scene_0020 full16 pair 209 matched
gxBQ_window_00_frame_5 full16 pair 29 matched
gxBQ_window_00_frame_5 full16 pair 30 camera_direction_bound
gxBQ_window_00_frame_0 full16 pair 112 matched
shuttleset_21_scene_0020 full16 pair 210 matched
am2_window_00_frame_150 svd12 pair 41 matched
am2_window_00_frame_150 svd12 pair 42 camera_direction_bound
am2_window_00_frame_150 svd12 pair 43 camera_direction_bound
am2_window_00_frame_150 svd12 pair 44 matched
am2_window_00_frame_150 svd12 pair 45 camera_direction_bound
shuttleset_21_scene_0020 full16 pair 211 matched
shuttleset_21_scene_0020 full16 pair 212 camera_direction_bound
shuttleset_21_scene_0020 full16 pair 213 camera_direction_bound
shuttleset_21_scene_0020 full16 pair 214 camera_direction_bound
shuttleset_21_scene_0020 full16 pair 215 camera_direction_bound
shuttleset_21_scene_0020 full16 pair 216 camera_direction_bound
shuttleset_21_scene_0020 full16 pair 217 matched
shuttleset_21_scene_0020 full16 pair 218 camera_direction_bound
shuttleset_21_scene_0020 full16 pair 219 matched
shuttleset_21_scene_0020 full16 pair 220 matched
am3_window_00_frame_0 full16 pair 212 matched
am3_window_00_frame_0 full16 pair 213 camera_direction_bound
shuttleset_21_scene_0020 full16 pair 221 matched
shuttleset_21_scene_0020 full16 pair 222 camera_direction_bound
shuttleset_21_scene_0020 full16 pair 223 camera_direction_bound
shuttleset_21_scene_0020 full16 pair 224 matched
shuttleset_21_scene_0020 full16 pair 225 camera_direction_bound
shuttleset_21_scene_0020 full16 pair 226 camera_direction_bound
shuttleset_21_scene_0020 full16 pair 227 matched
shuttleset_21_scene_0020 full16 pair 228 matched
shuttleset_21_scene_0020 full16 pair 229 camera_direction_bound
shuttleset_21_scene_0020 full16 pair 230 matched
shuttleset_21_scene_0020 full16 pair 231 matched
shuttleset_21_scene_0020 full16 pair 232 matched
shuttleset_21_scene_0020 full16 pair 233 camera_direction_bound
shuttleset_21_scene_0020 full16 pair 234 camera_direction_bound
shuttleset_21_scene_0020 full16 pair 235 camera_direction_bound
shuttleset_21_scene_0020 full16 pair 236 camera_direction_bound
shuttleset_21_scene_0020 full16 pair 237 matched
shuttleset_21_scene_0020 full16 pair 238 matched
shuttleset_21_scene_0020 full16 pair 239 matched
gxBQ_window_00_frame_5 full16 pair 31 matched
shuttleset_21_scene_0020 svd12 pair 0 matched
shuttleset_21_scene_0020 svd12 pair 3 camera_direction_bound
am3_window_00_frame_0 full16 pair 214 matched
am3_window_00_frame_0 full16 pair 215 camera_direction_bound
am3_window_00_frame_0 full16 pair 216 camera_direction_bound
shuttleset_21_scene_0020 svd12 pair 4 matched
shuttleset_21_scene_0020 svd12 pair 5 matched
am2_window_00_frame_150 svd12 pair 47 matched
am2_window_00_frame_150 svd12 pair 48 camera_direction_bound
am2_window_00_frame_150 svd12 pair 50 camera_direction_bound
am2_window_01_frame_28019 full16 pair 31 matched
am2_window_01_frame_28019 full16 pair 32 camera_direction_bound
am2_window_01_frame_28019 full16 pair 33 camera_direction_bound
shuttleset_21_scene_0020 svd12 pair 6 matched
gxBQ_window_00_frame_0 full16 pair 113 matched
gxBQ_window_00_frame_0 full16 pair 114 camera_direction_bound
shuttleset_21_scene_0020 svd12 pair 7 matched
shuttleset_21_scene_0020 svd12 pair 9 camera_direction_bound
shuttleset_21_scene_0020 svd12 pair 10 camera_direction_bound
gxBQ_window_00_frame_5 full16 pair 32 matched
gxBQ_window_00_frame_5 full16 pair 33 camera_direction_bound
shuttleset_21_scene_0020 svd12 pair 12 matched
am2_window_01_frame_28019 full16 pair 34 matched
shuttleset_21_scene_0020 svd12 pair 13 matched
shuttleset_21_scene_0020 svd12 pair 14 camera_direction_bound
gxBQ_window_00_frame_0 full16 pair 115 matched
gxBQ_window_00_frame_0 full16 pair 116 camera_direction_bound
gxBQ_window_00_frame_0 full16 pair 117 camera_direction_bound
gxBQ_window_00_frame_0 full16 pair 118 camera_direction_bound
gxBQ_window_00_frame_0 full16 pair 119 camera_direction_bound
gxBQ_window_00_frame_5 full16 pair 34 matched
gxBQ_window_00_frame_5 full16 pair 35 camera_direction_bound
am3_window_00_frame_0 full16 pair 217 matched
am2_window_01_frame_28019 full16 pair 35 matched
am2_window_01_frame_28019 full16 pair 36 camera_direction_bound
am2_window_01_frame_28019 full16 pair 37 camera_direction_bound
am2_window_01_frame_28019 full16 pair 38 camera_direction_bound
am2_window_01_frame_28019 full16 pair 39 camera_direction_bound
shuttleset_21_scene_0020 svd12 pair 15 matched
shuttleset_21_scene_0020 svd12 pair 18 camera_direction_bound
shuttleset_21_scene_0020 svd12 pair 19 matched
shuttleset_21_scene_0020 svd12 pair 20 matched
shuttleset_21_scene_0020 svd12 pair 21 camera_direction_bound
shuttleset_21_scene_0020 svd12 pair 22 camera_direction_bound
shuttleset_21_scene_0020 svd12 pair 24 camera_direction_bound
shuttleset_21_scene_0020 svd12 pair 25 camera_direction_bound
shuttleset_21_scene_0020 svd12 pair 27 camera_direction_bound
am2_window_00_frame_150 svd12 pair 51 matched
am2_window_00_frame_150 svd12 pair 54 camera_direction_bound
am2_window_00_frame_150 svd12 pair 55 camera_direction_bound
am2_window_00_frame_150 svd12 pair 56 camera_direction_bound
shuttleset_21_scene_0020 svd12 pair 28 matched
shuttleset_21_scene_0020 svd12 pair 29 camera_direction_bound
shuttleset_21_scene_0020 svd12 pair 60 camera_direction_bound
shuttleset_21_scene_0020 svd12 pair 61 camera_direction_bound
shuttleset_21_scene_0020 svd12 pair 64 camera_direction_bound
shuttleset_21_scene_0020 svd12 pair 65 camera_direction_bound
shuttleset_21_scene_0020 svd12 pair 66 matched
shuttleset_21_scene_0020 svd12 pair 67 camera_direction_bound
shuttleset_21_scene_0020 svd12 pair 69 camera_direction_bound
shuttleset_21_scene_0020 svd12 pair 70 camera_direction_bound
shuttleset_21_scene_0020 svd12 pair 72 matched
shuttleset_21_scene_0020 svd12 pair 73 camera_direction_bound
shuttleset_21_scene_0020 svd12 pair 74 camera_direction_bound
gxBQ_window_00_frame_5 full16 pair 36 matched
shuttleset_21_scene_0020 svd12 pair 75 matched
shuttleset_21_scene_0020 svd12 pair 76 matched
shuttleset_21_scene_0020 svd12 pair 79 camera_direction_bound
shuttleset_21_scene_0020 svd12 pair 80 camera_direction_bound
am2_window_00_frame_150 svd12 pair 57 matched
shuttleset_21_scene_0020 svd12 pair 81 matched
shuttleset_21_scene_0020 svd12 pair 82 camera_direction_bound
shuttleset_21_scene_0020 svd12 pair 84 matched
shuttleset_21_scene_0020 svd12 pair 85 camera_direction_bound
shuttleset_21_scene_0020 svd12 pair 87 camera_direction_bound
shuttleset_21_scene_0020 svd12 pair 88 camera_direction_bound
shuttleset_21_scene_0020 svd12 pair 89 matched
gxBQ_window_00_frame_5 full16 pair 37 matched
gxBQ_window_00_frame_5 full16 pair 38 camera_direction_bound
am2_window_00_frame_150 svd12 pair 58 matched
am2_window_00_frame_150 svd12 pair 59 camera_direction_bound
am2_window_00_frame_150 svd12 pair 60 camera_direction_bound
shuttleset_21_scene_0020 svd12 pair 90 matched
shuttleset_21_scene_0020 svd12 pair 91 matched
shuttleset_21_scene_0020 svd12 pair 94 camera_direction_bound
shuttleset_21_scene_0020 svd12 pair 95 camera_direction_bound
shuttleset_21_scene_0020 svd12 pair 96 matched
shuttleset_21_scene_0020 svd12 pair 97 camera_direction_bound
shuttleset_21_scene_0020 svd12 pair 99 matched
shuttleset_21_scene_0020 svd12 pair 100 camera_direction_bound
shuttleset_21_scene_0020 svd12 pair 102 camera_direction_bound
shuttleset_21_scene_0020 svd12 pair 103 camera_direction_bound
shuttleset_21_scene_0020 svd12 pair 104 matched
gxBQ_window_00_frame_5 full16 pair 39 matched
shuttleset_21_scene_0020 svd12 pair 105 matched
shuttleset_21_scene_0020 svd12 pair 106 camera_direction_bound
shuttleset_21_scene_0020 svd12 pair 109 matched
shuttleset_21_scene_0020 svd12 pair 110 matched
shuttleset_21_scene_0020 svd12 pair 111 matched
shuttleset_21_scene_0020 svd12 pair 112 camera_direction_bound
shuttleset_21_scene_0020 svd12 pair 114 matched
am3_window_00_frame_0 full16 pair 218 matched
am3_window_00_frame_0 full16 pair 219 camera_direction_bound
am3_window_00_frame_0 full16 pair 220 camera_direction_bound
am3_window_00_frame_0 full16 pair 221 camera_direction_bound
am3_window_00_frame_0 full16 pair 222 camera_direction_bound
am3_window_00_frame_0 full16 pair 223 camera_direction_bound
am3_window_00_frame_0 full16 pair 224 camera_direction_bound
am3_window_00_frame_0 full16 pair 225 camera_direction_bound
shuttleset_21_scene_0020 svd12 pair 115 matched
shuttleset_21_scene_0020 svd12 pair 117 camera_direction_bound
gxBQ_window_00_frame_0 full16 pair 120 matched
shuttleset_21_scene_0020 svd12 pair 118 matched
shuttleset_21_scene_0020 svd12 pair 119 matched
shuttleset_21_scene_0020 svd12 pair 120 matched
shuttleset_21_scene_0020 svd12 pair 121 camera_direction_bound
shuttleset_21_scene_0020 svd12 pair 124 camera_direction_bound
shuttleset_21_scene_0020 svd12 pair 125 camera_direction_bound
shuttleset_21_scene_0020 svd12 pair 126 camera_direction_bound
shuttleset_21_scene_0020 svd12 pair 127 camera_direction_bound
shuttleset_21_scene_0020 svd12 pair 129 camera_direction_bound
shuttleset_21_scene_0020 svd12 pair 130 matched
shuttleset_21_scene_0020 svd12 pair 132 camera_direction_bound
shuttleset_21_scene_0020 svd12 pair 133 camera_direction_bound
shuttleset_21_scene_0020 svd12 pair 134 camera_direction_bound
shuttleset_21_scene_0020 svd12 pair 150 camera_direction_bound
shuttleset_21_scene_0020 svd12 pair 151 camera_direction_bound
shuttleset_21_scene_0020 svd12 pair 154 camera_direction_bound
shuttleset_21_scene_0020 svd12 pair 155 matched
shuttleset_21_scene_0020 svd12 pair 156 matched
shuttleset_21_scene_0020 svd12 pair 157 matched
shuttleset_21_scene_0020 svd12 pair 158 camera_direction_bound
shuttleset_21_scene_0020 svd12 pair 160 camera_direction_bound
shuttleset_21_scene_0020 svd12 pair 162 matched
shuttleset_21_scene_0020 svd12 pair 163 matched
shuttleset_21_scene_0020 svd12 pair 164 camera_direction_bound
shuttleset_21_scene_0020 svd12 pair 165 camera_direction_bound
shuttleset_21_scene_0020 svd12 pair 166 camera_direction_bound
shuttleset_21_scene_0020 svd12 pair 169 camera_direction_bound
shuttleset_21_scene_0020 svd12 pair 170 camera_direction_bound
shuttleset_21_scene_0020 svd12 pair 171 camera_direction_bound
gxBQ_window_00_frame_5 full16 pair 40 matched
gxBQ_window_00_frame_5 full16 pair 41 camera_direction_bound
gxBQ_window_00_frame_5 full16 pair 42 camera_direction_bound
gxBQ_window_00_frame_5 full16 pair 43 camera_direction_bound
gxBQ_window_00_frame_5 full16 pair 44 camera_direction_bound
shuttleset_21_scene_0020 svd12 pair 172 matched
shuttleset_21_scene_0020 svd12 pair 173 matched
shuttleset_21_scene_0020 svd12 pair 175 camera_direction_bound
shuttleset_21_scene_0020 svd12 pair 177 matched
shuttleset_21_scene_0020 svd12 pair 178 matched
shuttleset_21_scene_0020 svd12 pair 179 camera_direction_bound
shuttleset_21_scene_0020 svd12 pair 195 matched
shuttleset_21_scene_0020 svd12 pair 196 camera_direction_bound
am2_window_00_frame_150 svd12 pair 62 matched
am2_window_00_frame_150 svd12 pair 63 camera_direction_bound
am2_window_00_frame_150 svd12 pair 65 camera_direction_bound
shuttleset_21_scene_0020 svd12 pair 199 matched
shuttleset_21_scene_0020 svd12 pair 200 camera_direction_bound
shuttleset_21_scene_0020 svd12 pair 201 camera_direction_bound
shuttleset_21_scene_0020 svd12 pair 202 camera_direction_bound
shuttleset_21_scene_0020 svd12 pair 203 camera_direction_bound
shuttleset_21_scene_0020 svd12 pair 205 matched
shuttleset_21_scene_0020 svd12 pair 206 matched
shuttleset_21_scene_0020 svd12 pair 208 camera_direction_bound
shuttleset_21_scene_0020 svd12 pair 209 matched
shuttleset_21_scene_0020 svd12 pair 210 matched
shuttleset_21_scene_0020 svd12 pair 211 matched
shuttleset_21_scene_0020 svd12 pair 214 camera_direction_bound
shuttleset_21_scene_0020 svd12 pair 215 camera_direction_bound
shuttleset_21_scene_0020 svd12 pair 216 camera_direction_bound
shuttleset_21_scene_0020 svd12 pair 217 matched
shuttleset_21_scene_0020 svd12 pair 218 camera_direction_bound
shuttleset_21_scene_0020 svd12 pair 220 matched
shuttleset_21_scene_0020 svd12 pair 221 matched
shuttleset_21_scene_0020 svd12 pair 223 camera_direction_bound
shuttleset_21_scene_0020 svd12 pair 224 matched
shuttleset_21_scene_0020 svd12 pair 225 camera_direction_bound
shuttleset_21_scene_0020 svd12 pair 226 camera_direction_bound
shuttleset_21_scene_0020 svd12 pair 229 camera_direction_bound
shuttleset_21_scene_0020 svd12 pair 230 matched
shuttleset_21_scene_0020 svd12 pair 231 matched
shuttleset_21_scene_0020 svd12 pair 232 matched
shuttleset_21_scene_0020 svd12 pair 233 camera_direction_bound
shuttleset_21_scene_0020 svd12 pair 235 camera_direction_bound
shuttleset_21_scene_0020 svd12 pair 236 camera_direction_bound
shuttleset_21_scene_0020 svd12 pair 238 matched
shuttleset_21_scene_0020 svd12 pair 239 matched
gxBQ_window_00_frame_0 full16 pair 121 matched
gxBQ_window_00_frame_5 full16 pair 45 matched
am3_window_00_frame_0 full16 pair 226 matched
am2_window_01_frame_28019 full16 pair 40 matched
am2_window_01_frame_28019 full16 pair 41 camera_direction_bound
am2_window_01_frame_28019 full16 pair 42 camera_direction_bound
am2_window_01_frame_28019 full16 pair 43 matched
am2_window_01_frame_28019 full16 pair 44 camera_direction_bound
am2_window_01_frame_28019 full16 pair 45 camera_direction_bound
am2_window_01_frame_28019 full16 pair 46 camera_direction_bound
am2_window_01_frame_28019 full16 pair 47 camera_direction_bound
am2_window_00_frame_150 svd12 pair 66 matched
am2_window_00_frame_150 svd12 pair 69 camera_direction_bound
am2_window_00_frame_150 svd12 pair 70 camera_direction_bound
am2_window_00_frame_150 svd12 pair 71 camera_direction_bound
gxBQ_window_00_frame_5 full16 pair 46 matched
am2_window_00_frame_150 svd12 pair 72 matched
gxBQ_window_00_frame_0 full16 pair 122 matched
gxBQ_window_00_frame_0 full16 pair 123 camera_direction_bound
gxBQ_window_00_frame_0 full16 pair 124 camera_direction_bound
am3_window_00_frame_0 full16 pair 227 matched
am3_window_00_frame_0 full16 pair 228 camera_direction_bound
am2_window_00_frame_150 svd12 pair 73 matched
am2_window_00_frame_150 svd12 pair 74 camera_direction_bound
am2_window_00_frame_150 svd12 pair 90 camera_direction_bound
gxBQ_window_00_frame_5 full16 pair 47 matched
am2_window_01_frame_28019 full16 pair 48 matched
am2_window_00_frame_150 svd12 pair 92 matched
am2_window_00_frame_150 svd12 pair 93 camera_direction_bound
am2_window_00_frame_150 svd12 pair 94 camera_direction_bound
am3_window_00_frame_0 full16 pair 229 matched
am3_window_00_frame_0 full16 pair 230 camera_direction_bound
am3_window_00_frame_0 full16 pair 231 camera_direction_bound
am2_window_01_frame_28019 full16 pair 49 matched
am2_window_01_frame_28019 full16 pair 50 matched
am2_window_01_frame_28019 full16 pair 51 camera_direction_bound
am2_window_00_frame_150 svd12 pair 96 matched
am2_window_00_frame_150 svd12 pair 99 camera_direction_bound
am2_window_00_frame_150 svd12 pair 100 camera_direction_bound
am2_window_00_frame_150 svd12 pair 101 camera_direction_bound
am2_window_00_frame_150 svd12 pair 102 matched
gxBQ_window_00_frame_5 full16 pair 48 matched
gxBQ_window_00_frame_5 full16 pair 49 camera_direction_bound
gxBQ_window_00_frame_5 full16 pair 50 camera_direction_bound
am2_window_00_frame_150 svd12 pair 103 matched
am2_window_00_frame_150 svd12 pair 104 camera_direction_bound
gxBQ_window_00_frame_0 full16 pair 125 matched
gxBQ_window_00_frame_5 full16 pair 51 matched
gxBQ_window_00_frame_5 full16 pair 52 camera_direction_bound
am2_window_01_frame_28019 full16 pair 52 matched
am2_window_01_frame_28019 full16 pair 53 camera_direction_bound
am3_window_00_frame_0 full16 pair 232 matched
am2_window_01_frame_28019 full16 pair 54 matched
am2_window_01_frame_28019 full16 pair 55 camera_direction_bound
am2_window_01_frame_28019 full16 pair 56 camera_direction_bound
am2_window_01_frame_28019 full16 pair 57 matched
am2_window_01_frame_28019 full16 pair 58 camera_direction_bound
am2_window_01_frame_28019 full16 pair 59 camera_direction_bound
am2_window_01_frame_28019 full16 pair 60 camera_direction_bound
am2_window_00_frame_150 svd12 pair 105 matched
am2_window_00_frame_150 svd12 pair 107 camera_direction_bound
gxBQ_window_00_frame_5 full16 pair 53 matched
gxBQ_window_00_frame_5 full16 pair 54 camera_direction_bound
gxBQ_window_00_frame_5 full16 pair 55 camera_direction_bound
gxBQ_window_00_frame_0 full16 pair 126 matched
am3_window_00_frame_0 full16 pair 233 matched
am3_window_00_frame_0 full16 pair 234 camera_direction_bound
am3_window_00_frame_0 full16 pair 235 camera_direction_bound
am3_window_00_frame_0 full16 pair 236 camera_direction_bound
am3_window_00_frame_0 full16 pair 237 camera_direction_bound
am3_window_00_frame_0 full16 pair 238 camera_direction_bound
am3_window_00_frame_0 full16 pair 239 camera_direction_bound
gxBQ_window_00_frame_5 full16 pair 56 matched
am2_window_00_frame_150 svd12 pair 108 matched
gxBQ_window_00_frame_0 full16 pair 127 matched
gxBQ_window_00_frame_5 full16 pair 57 matched
am3_window_00_frame_0 svd12 pair 32 matched
am2_window_00_frame_150 svd12 pair 109 matched
am3_window_00_frame_0 svd12 pair 34 matched
am2_window_01_frame_28019 full16 pair 61 matched
am2_window_01_frame_28019 full16 pair 62 camera_direction_bound
am2_window_00_frame_150 svd12 pair 111 matched
gxBQ_window_00_frame_0 full16 pair 128 matched
am2_window_00_frame_150 svd12 pair 114 matched
am2_window_00_frame_150 svd12 pair 115 camera_direction_bound
gxBQ_window_00_frame_5 full16 pair 58 matched
am3_window_00_frame_0 svd12 pair 35 matched
am3_window_00_frame_0 svd12 pair 37 camera_direction_bound
am3_window_00_frame_0 svd12 pair 38 camera_direction_bound
gxBQ_window_00_frame_0 full16 pair 129 matched
gxBQ_window_00_frame_0 full16 pair 130 camera_direction_bound
gxBQ_window_00_frame_0 full16 pair 131 camera_direction_bound
gxBQ_window_00_frame_5 full16 pair 59 matched
gxBQ_window_00_frame_5 full16 pair 60 camera_direction_bound
am2_window_00_frame_150 svd12 pair 116 matched
am2_window_00_frame_150 svd12 pair 117 camera_direction_bound
am2_window_00_frame_150 svd12 pair 118 camera_direction_bound
am2_window_00_frame_150 svd12 pair 119 matched
am2_window_00_frame_150 svd12 pair 150 camera_direction_bound
am3_window_00_frame_0 svd12 pair 39 matched
am3_window_00_frame_0 svd12 pair 40 camera_direction_bound
am2_window_00_frame_150 svd12 pair 152 matched
am2_window_00_frame_150 svd12 pair 153 camera_direction_bound
am2_window_00_frame_150 svd12 pair 154 camera_direction_bound
am2_window_00_frame_150 svd12 pair 156 camera_direction_bound
am2_window_01_frame_28019 full16 pair 63 matched
am2_window_00_frame_150 svd12 pair 157 matched
am2_window_00_frame_150 svd12 pair 160 camera_direction_bound
am2_window_00_frame_150 svd12 pair 161 camera_direction_bound
am2_window_00_frame_150 svd12 pair 162 matched
am2_window_01_frame_28019 full16 pair 64 matched
am3_window_00_frame_0 svd12 pair 41 matched
am2_window_00_frame_150 svd12 pair 163 matched
am2_window_00_frame_150 svd12 pair 164 camera_direction_bound
am2_window_00_frame_150 svd12 pair 165 camera_direction_bound
am2_window_00_frame_150 svd12 pair 167 camera_direction_bound
am2_window_00_frame_150 svd12 pair 168 camera_direction_bound
am2_window_00_frame_150 svd12 pair 169 camera_direction_bound
am2_window_00_frame_150 svd12 pair 171 camera_direction_bound
am2_window_00_frame_150 svd12 pair 172 camera_direction_bound
am2_window_00_frame_150 svd12 pair 175 camera_direction_bound
am2_window_00_frame_150 svd12 pair 176 camera_direction_bound
am2_window_00_frame_150 svd12 pair 177 camera_direction_bound
am2_window_00_frame_150 svd12 pair 178 camera_direction_bound
am2_window_00_frame_150 svd12 pair 179 camera_direction_bound
am2_window_00_frame_150 svd12 pair 180 camera_direction_bound
gxBQ_window_00_frame_5 full16 pair 61 matched
gxBQ_window_00_frame_5 full16 pair 62 camera_direction_bound
am2_window_01_frame_28019 full16 pair 65 matched
am2_window_01_frame_28019 full16 pair 66 camera_direction_bound
am2_window_01_frame_28019 full16 pair 67 camera_direction_bound
gxBQ_window_00_frame_5 full16 pair 63 matched
gxBQ_window_00_frame_0 full16 pair 132 matched
am2_window_00_frame_150 svd12 pair 182 matched
am2_window_00_frame_150 svd12 pair 183 camera_direction_bound
am2_window_00_frame_150 svd12 pair 184 camera_direction_bound
am2_window_00_frame_150 svd12 pair 186 camera_direction_bound
gxBQ_window_00_frame_5 full16 pair 64 matched
gxBQ_window_00_frame_5 full16 pair 65 camera_direction_bound
am3_window_00_frame_0 svd12 pair 42 matched
gxBQ_window_00_frame_5 full16 pair 66 matched
gxBQ_window_00_frame_5 full16 pair 67 matched
gxBQ_window_00_frame_5 full16 pair 68 camera_direction_bound
gxBQ_window_00_frame_5 full16 pair 69 matched
am2_window_00_frame_150 svd12 pair 187 matched
am2_window_00_frame_150 svd12 pair 190 camera_direction_bound
am2_window_00_frame_150 svd12 pair 191 camera_direction_bound
am2_window_00_frame_150 svd12 pair 192 camera_direction_bound
am2_window_00_frame_150 svd12 pair 193 camera_direction_bound
am2_window_00_frame_150 svd12 pair 194 camera_direction_bound
am3_window_00_frame_0 svd12 pair 43 matched
gxBQ_window_00_frame_0 full16 pair 133 matched
am2_window_00_frame_150 svd12 pair 195 matched
am2_window_00_frame_150 svd12 pair 197 camera_direction_bound
gxBQ_window_00_frame_5 full16 pair 70 matched
gxBQ_window_00_frame_5 full16 pair 71 camera_direction_bound
gxBQ_window_00_frame_5 full16 pair 72 camera_direction_bound
gxBQ_window_00_frame_5 full16 pair 73 camera_direction_bound
gxBQ_window_00_frame_5 full16 pair 74 camera_direction_bound
am2_window_01_frame_28019 full16 pair 68 matched
am2_window_01_frame_28019 full16 pair 69 camera_direction_bound
gxBQ_window_00_frame_5 full16 pair 75 matched
gxBQ_window_00_frame_5 full16 pair 76 matched
am2_window_00_frame_150 svd12 pair 198 matched
gxBQ_window_00_frame_5 full16 pair 77 matched
gxBQ_window_00_frame_5 full16 pair 78 camera_direction_bound
am3_window_00_frame_0 svd12 pair 44 matched
gxBQ_window_00_frame_5 full16 pair 79 matched
gxBQ_window_00_frame_5 full16 pair 80 camera_direction_bound
gxBQ_window_00_frame_5 full16 pair 81 matched
gxBQ_window_00_frame_5 full16 pair 82 matched
am2_window_00_frame_150 svd12 pair 199 matched
am2_window_00_frame_150 svd12 pair 201 matched
am2_window_00_frame_150 svd12 pair 202 camera_direction_bound
gxBQ_window_00_frame_5 full16 pair 83 matched
gxBQ_window_00_frame_5 full16 pair 84 camera_direction_bound
gxBQ_window_00_frame_5 full16 pair 85 camera_direction_bound
am2_window_00_frame_150 svd12 pair 205 matched
am2_window_00_frame_150 svd12 pair 206 camera_direction_bound
am2_window_00_frame_150 svd12 pair 207 camera_direction_bound
am2_window_00_frame_150 svd12 pair 208 camera_direction_bound
am2_window_00_frame_150 svd12 pair 209 matched
gxBQ_window_00_frame_0 full16 pair 134 matched
gxBQ_window_00_frame_5 full16 pair 86 matched
am2_window_01_frame_28019 full16 pair 70 matched
am2_window_00_frame_150 svd12 pair 210 matched
am2_window_00_frame_150 svd12 pair 212 camera_direction_bound
am2_window_00_frame_150 svd12 pair 213 matched
gxBQ_window_00_frame_5 full16 pair 87 matched
am3_window_00_frame_0 svd12 pair 47 matched
am3_window_00_frame_0 svd12 pair 49 camera_direction_bound
am3_window_00_frame_0 svd12 pair 50 camera_direction_bound
gxBQ_window_00_frame_5 full16 pair 88 matched
gxBQ_window_00_frame_5 full16 pair 89 matched
gxBQ_window_00_frame_5 full16 pair 90 camera_direction_bound
am2_window_00_frame_150 svd12 pair 214 matched
am2_window_00_frame_150 svd12 pair 216 matched
am2_window_00_frame_150 svd12 pair 217 camera_direction_bound
am2_window_00_frame_150 svd12 pair 220 matched
am2_window_00_frame_150 svd12 pair 221 camera_direction_bound
am2_window_00_frame_150 svd12 pair 222 camera_direction_bound
am2_window_00_frame_150 svd12 pair 223 camera_direction_bound
am2_window_00_frame_150 svd12 pair 224 matched
am2_window_00_frame_150 svd12 pair 225 camera_direction_bound
am2_window_00_frame_150 svd12 pair 227 matched
am2_window_00_frame_150 svd12 pair 228 camera_direction_bound
am2_window_00_frame_150 svd12 pair 229 camera_direction_bound
am2_window_00_frame_150 svd12 pair 231 camera_direction_bound
am2_window_00_frame_150 svd12 pair 232 matched
am2_window_00_frame_150 svd12 pair 235 camera_direction_bound
am2_window_00_frame_150 svd12 pair 236 camera_direction_bound
am2_window_00_frame_150 svd12 pair 237 camera_direction_bound
am2_window_00_frame_150 svd12 pair 238 matched
am2_window_00_frame_150 svd12 pair 239 matched
gxBQ_window_00_frame_0 full16 pair 135 matched
gxBQ_window_00_frame_0 full16 pair 136 camera_direction_bound
am2_window_01_frame_28019 full16 pair 71 matched
am2_window_01_frame_28019 full16 pair 72 camera_direction_bound
am2_window_01_frame_28019 full16 pair 73 matched
am2_window_01_frame_28019 full16 pair 74 camera_direction_bound
gxBQ_window_00_frame_5 full16 pair 91 matched
gxBQ_window_00_frame_5 full16 pair 92 camera_direction_bound
gxBQ_window_00_frame_5 full16 pair 93 camera_direction_bound
gxBQ_window_00_frame_5 full16 pair 94 camera_direction_bound
gxBQ_window_00_frame_5 full16 pair 95 camera_direction_bound
gxBQ_window_00_frame_5 full16 pair 96 camera_direction_bound
gxBQ_window_00_frame_5 full16 pair 97 camera_direction_bound
gxBQ_window_00_frame_5 full16 pair 98 camera_direction_bound
gxBQ_window_00_frame_5 full16 pair 99 camera_direction_bound
gxBQ_window_00_frame_5 full16 pair 100 camera_direction_bound
gxBQ_window_00_frame_5 full16 pair 101 camera_direction_bound
gxBQ_window_00_frame_5 full16 pair 102 camera_direction_bound
gxBQ_window_00_frame_5 full16 pair 103 camera_direction_bound
gxBQ_window_00_frame_5 full16 pair 104 camera_direction_bound
am3_window_00_frame_0 svd12 pair 52 matched
am3_window_00_frame_0 svd12 pair 53 camera_direction_bound
am3_window_00_frame_0 svd12 pair 54 camera_direction_bound
am3_window_00_frame_0 svd12 pair 55 camera_direction_bound
am3_window_00_frame_0 svd12 pair 56 camera_direction_bound
am3_window_00_frame_0 svd12 pair 57 camera_direction_bound
am3_window_00_frame_0 svd12 pair 58 camera_direction_bound
am3_window_00_frame_0 svd12 pair 59 camera_direction_bound
am3_window_00_frame_0 svd12 pair 77 matched
am3_window_00_frame_0 svd12 pair 78 camera_direction_bound
am3_window_00_frame_0 svd12 pair 80 camera_direction_bound
am2_window_01_frame_28019 full16 pair 75 matched
am3_window_00_frame_0 svd12 pair 82 matched
am3_window_00_frame_0 svd12 pair 83 camera_direction_bound
am3_window_00_frame_0 svd12 pair 84 camera_direction_bound
am3_window_00_frame_0 svd12 pair 85 camera_direction_bound
am3_window_00_frame_0 svd12 pair 86 camera_direction_bound
am3_window_00_frame_0 svd12 pair 87 camera_direction_bound
am3_window_00_frame_0 svd12 pair 88 camera_direction_bound
am3_window_00_frame_0 svd12 pair 89 camera_direction_bound
gxBQ_window_00_frame_5 full16 pair 105 matched
gxBQ_window_00_frame_5 full16 pair 106 camera_direction_bound
am2_window_01_frame_28019 full16 pair 76 matched
gxBQ_window_00_frame_0 full16 pair 137 matched
gxBQ_window_00_frame_5 full16 pair 107 matched
am2_window_01_frame_28019 full16 pair 77 matched
am2_window_01_frame_28019 full16 pair 78 matched
am3_window_00_frame_0 svd12 pair 92 matched
am3_window_00_frame_0 svd12 pair 93 camera_direction_bound
am3_window_00_frame_0 svd12 pair 95 camera_direction_bound
gxBQ_window_00_frame_5 full16 pair 108 matched
am2_window_01_frame_28019 full16 pair 79 matched
am2_window_01_frame_28019 full16 pair 80 camera_direction_bound
gxBQ_window_00_frame_0 full16 pair 138 matched
gxBQ_window_00_frame_5 full16 pair 109 matched
gxBQ_window_00_frame_0 full16 pair 139 matched
am2_window_01_frame_28019 full16 pair 81 matched
am3_window_00_frame_0 svd12 pair 97 matched
am3_window_00_frame_0 svd12 pair 98 camera_direction_bound
am3_window_00_frame_0 svd12 pair 99 camera_direction_bound
am3_window_00_frame_0 svd12 pair 100 camera_direction_bound
am3_window_00_frame_0 svd12 pair 101 camera_direction_bound
am3_window_00_frame_0 svd12 pair 102 camera_direction_bound
am3_window_00_frame_0 svd12 pair 103 camera_direction_bound
am3_window_00_frame_0 svd12 pair 104 camera_direction_bound
am3_window_00_frame_0 svd12 pair 122 camera_direction_bound
gxBQ_window_00_frame_5 full16 pair 110 matched
gxBQ_window_00_frame_5 full16 pair 111 camera_direction_bound
gxBQ_window_00_frame_5 full16 pair 112 camera_direction_bound
gxBQ_window_00_frame_5 full16 pair 113 camera_direction_bound
gxBQ_window_00_frame_5 full16 pair 114 matched
gxBQ_window_00_frame_5 full16 pair 115 camera_direction_bound
am2_window_01_frame_28019 full16 pair 82 matched
am2_window_01_frame_28019 full16 pair 83 matched
am2_window_01_frame_28019 full16 pair 84 camera_direction_bound
gxBQ_window_00_frame_5 full16 pair 116 matched
am2_window_01_frame_28019 full16 pair 85 matched
gxBQ_window_00_frame_0 full16 pair 140 matched
gxBQ_window_00_frame_0 full16 pair 141 camera_direction_bound
am3_window_00_frame_0 svd12 pair 123 matched
am2_window_01_frame_28019 full16 pair 86 matched
am2_window_01_frame_28019 full16 pair 87 camera_direction_bound
am2_window_01_frame_28019 full16 pair 88 camera_direction_bound
am2_window_01_frame_28019 full16 pair 89 matched
gxBQ_window_00_frame_5 full16 pair 117 matched
am2_window_01_frame_28019 full16 pair 90 matched
am3_window_00_frame_0 svd12 pair 125 matched
am2_window_01_frame_28019 full16 pair 91 matched
gxBQ_window_00_frame_5 full16 pair 118 matched
gxBQ_window_00_frame_0 full16 pair 142 matched
am2_window_01_frame_28019 full16 pair 92 matched
am2_window_01_frame_28019 full16 pair 93 matched
gxBQ_window_00_frame_5 full16 pair 119 matched
am3_window_00_frame_0 svd12 pair 126 matched
am3_window_00_frame_0 svd12 pair 128 camera_direction_bound
am2_window_01_frame_28019 full16 pair 94 matched
am2_window_01_frame_28019 full16 pair 95 camera_direction_bound
gxBQ_window_00_frame_5 full16 pair 120 matched
gxBQ_window_00_frame_5 full16 pair 121 camera_direction_bound
am2_window_01_frame_28019 full16 pair 96 matched
gxBQ_window_00_frame_5 full16 pair 122 matched
gxBQ_window_00_frame_5 full16 pair 123 camera_direction_bound
gxBQ_window_00_frame_5 full16 pair 124 matched
gxBQ_window_00_frame_5 full16 pair 125 matched
gxBQ_window_00_frame_5 full16 pair 126 camera_direction_bound
gxBQ_window_00_frame_5 full16 pair 127 camera_direction_bound
gxBQ_window_00_frame_5 full16 pair 128 camera_direction_bound
gxBQ_window_00_frame_5 full16 pair 129 matched
gxBQ_window_00_frame_5 full16 pair 130 camera_direction_bound
gxBQ_window_00_frame_0 full16 pair 143 matched
gxBQ_window_00_frame_0 full16 pair 144 camera_direction_bound
am2_window_01_frame_28019 full16 pair 97 matched
am3_window_00_frame_0 svd12 pair 129 matched
am3_window_00_frame_0 svd12 pair 130 camera_direction_bound
gxBQ_window_00_frame_5 full16 pair 131 matched
gxBQ_window_00_frame_5 full16 pair 132 matched
am2_window_01_frame_28019 full16 pair 98 matched
am2_window_01_frame_28019 full16 pair 99 camera_direction_bound
am3_window_00_frame_0 svd12 pair 131 matched
gxBQ_window_00_frame_5 full16 pair 133 matched
gxBQ_window_00_frame_0 full16 pair 145 matched
gxBQ_window_00_frame_0 full16 pair 146 camera_direction_bound
am2_window_01_frame_28019 full16 pair 100 matched
gxBQ_window_00_frame_5 full16 pair 134 matched
gxBQ_window_00_frame_5 full16 pair 135 camera_direction_bound
gxBQ_window_00_frame_5 full16 pair 136 camera_direction_bound
gxBQ_window_00_frame_5 full16 pair 137 camera_direction_bound
am2_window_01_frame_28019 full16 pair 101 matched
am2_window_01_frame_28019 full16 pair 102 camera_direction_bound
am2_window_01_frame_28019 full16 pair 103 camera_direction_bound
am2_window_01_frame_28019 full16 pair 104 matched
am2_window_01_frame_28019 full16 pair 105 camera_direction_bound
gxBQ_window_00_frame_5 full16 pair 138 matched
gxBQ_window_00_frame_5 full16 pair 139 camera_direction_bound
am3_window_00_frame_0 svd12 pair 132 matched
gxBQ_window_00_frame_5 full16 pair 140 matched
gxBQ_window_00_frame_5 full16 pair 141 camera_direction_bound
gxBQ_window_00_frame_5 full16 pair 142 camera_direction_bound
gxBQ_window_00_frame_5 full16 pair 143 camera_direction_bound
gxBQ_window_00_frame_5 full16 pair 144 matched
gxBQ_window_00_frame_5 full16 pair 145 camera_direction_bound
gxBQ_window_00_frame_5 full16 pair 146 camera_direction_bound
gxBQ_window_00_frame_5 full16 pair 147 camera_direction_bound
gxBQ_window_00_frame_5 full16 pair 148 camera_direction_bound
gxBQ_window_00_frame_5 full16 pair 149 camera_direction_bound
gxBQ_window_00_frame_5 full16 pair 150 matched
gxBQ_window_00_frame_5 full16 pair 151 matched
gxBQ_window_00_frame_5 full16 pair 152 matched
gxBQ_window_00_frame_5 full16 pair 153 camera_direction_bound
gxBQ_window_00_frame_0 full16 pair 147 matched
gxBQ_window_00_frame_5 full16 pair 154 matched
gxBQ_window_00_frame_5 full16 pair 155 camera_direction_bound
gxBQ_window_00_frame_5 full16 pair 156 camera_direction_bound
gxBQ_window_00_frame_5 full16 pair 157 matched
gxBQ_window_00_frame_5 full16 pair 158 matched
gxBQ_window_00_frame_5 full16 pair 159 matched
gxBQ_window_00_frame_5 full16 pair 160 camera_direction_bound
am2_window_01_frame_28019 full16 pair 106 matched
am2_window_01_frame_28019 full16 pair 107 camera_direction_bound
am2_window_01_frame_28019 full16 pair 108 camera_direction_bound
am2_window_01_frame_28019 full16 pair 109 camera_direction_bound
gxBQ_window_00_frame_5 full16 pair 161 matched
am2_window_01_frame_28019 full16 pair 110 matched
am3_window_00_frame_0 svd12 pair 133 matched
gxBQ_window_00_frame_5 full16 pair 162 matched
am2_window_01_frame_28019 full16 pair 111 matched
am2_window_01_frame_28019 full16 pair 112 camera_direction_bound
am2_window_01_frame_28019 full16 pair 113 camera_direction_bound
am2_window_01_frame_28019 full16 pair 114 camera_direction_bound
gxBQ_window_00_frame_5 full16 pair 163 matched
gxBQ_window_00_frame_5 full16 pair 164 matched
gxBQ_window_00_frame_0 full16 pair 148 matched
am3_window_00_frame_0 svd12 pair 134 matched
am3_window_00_frame_0 svd12 pair 137 camera_direction_bound
am3_window_00_frame_0 svd12 pair 138 camera_direction_bound
am3_window_00_frame_0 svd12 pair 140 camera_direction_bound
am3_window_00_frame_0 svd12 pair 141 camera_direction_bound
am3_window_00_frame_0 svd12 pair 143 camera_direction_bound
am3_window_00_frame_0 svd12 pair 144 camera_direction_bound
am3_window_00_frame_0 svd12 pair 145 camera_direction_bound
am3_window_00_frame_0 svd12 pair 146 camera_direction_bound
am3_window_00_frame_0 svd12 pair 147 camera_direction_bound
am3_window_00_frame_0 svd12 pair 148 camera_direction_bound
am3_window_00_frame_0 svd12 pair 149 camera_direction_bound
gxBQ_window_00_frame_5 full16 pair 165 matched
am2_window_01_frame_28019 full16 pair 115 matched
am2_window_01_frame_28019 full16 pair 116 camera_direction_bound
am2_window_01_frame_28019 full16 pair 117 camera_direction_bound
am2_window_01_frame_28019 full16 pair 118 camera_direction_bound
am2_window_01_frame_28019 full16 pair 119 camera_direction_bound
am2_window_01_frame_28019 full16 pair 120 camera_direction_bound
am3_window_00_frame_0 svd12 pair 152 matched
am3_window_00_frame_0 svd12 pair 153 camera_direction_bound
am3_window_00_frame_0 svd12 pair 155 camera_direction_bound
am3_window_00_frame_0 svd12 pair 156 camera_direction_bound
gxBQ_window_00_frame_5 full16 pair 166 matched
am3_window_00_frame_0 svd12 pair 158 matched
am3_window_00_frame_0 svd12 pair 159 camera_direction_bound
am3_window_00_frame_0 svd12 pair 160 camera_direction_bound
am3_window_00_frame_0 svd12 pair 161 camera_direction_bound
am3_window_00_frame_0 svd12 pair 162 camera_direction_bound
am3_window_00_frame_0 svd12 pair 163 camera_direction_bound
am3_window_00_frame_0 svd12 pair 164 camera_direction_bound
am3_window_00_frame_0 svd12 pair 167 camera_direction_bound
am3_window_00_frame_0 svd12 pair 168 camera_direction_bound
am3_window_00_frame_0 svd12 pair 170 camera_direction_bound
am3_window_00_frame_0 svd12 pair 171 camera_direction_bound
am3_window_00_frame_0 svd12 pair 173 camera_direction_bound
am3_window_00_frame_0 svd12 pair 174 camera_direction_bound
am3_window_00_frame_0 svd12 pair 175 camera_direction_bound
am3_window_00_frame_0 svd12 pair 176 camera_direction_bound
am3_window_00_frame_0 svd12 pair 177 camera_direction_bound
am3_window_00_frame_0 svd12 pair 178 camera_direction_bound
am3_window_00_frame_0 svd12 pair 179 camera_direction_bound
gxBQ_window_00_frame_0 full16 pair 149 matched
gxBQ_window_00_frame_5 full16 pair 167 matched
gxBQ_window_00_frame_5 full16 pair 168 camera_direction_bound
am3_window_00_frame_0 svd12 pair 182 matched
am3_window_00_frame_0 svd12 pair 183 camera_direction_bound
am3_window_00_frame_0 svd12 pair 185 camera_direction_bound
am3_window_00_frame_0 svd12 pair 186 camera_direction_bound
am2_window_01_frame_28019 full16 pair 121 matched
am2_window_01_frame_28019 full16 pair 122 camera_direction_bound
am3_window_00_frame_0 svd12 pair 188 matched
am3_window_00_frame_0 svd12 pair 189 camera_direction_bound
am3_window_00_frame_0 svd12 pair 190 camera_direction_bound
am3_window_00_frame_0 svd12 pair 191 camera_direction_bound
am3_window_00_frame_0 svd12 pair 192 camera_direction_bound
am3_window_00_frame_0 svd12 pair 193 camera_direction_bound
am3_window_00_frame_0 svd12 pair 194 camera_direction_bound
gxBQ_window_00_frame_5 full16 pair 169 matched
gxBQ_window_00_frame_5 full16 pair 170 camera_direction_bound
gxBQ_window_00_frame_5 full16 pair 171 camera_direction_bound
gxBQ_window_00_frame_5 full16 pair 172 camera_direction_bound
gxBQ_window_00_frame_5 full16 pair 173 camera_direction_bound
gxBQ_window_00_frame_5 full16 pair 174 camera_direction_bound
gxBQ_window_00_frame_5 full16 pair 175 camera_direction_bound
am2_window_01_frame_28019 full16 pair 123 matched
am2_window_01_frame_28019 full16 pair 124 camera_direction_bound
gxBQ_window_00_frame_0 full16 pair 150 matched
gxBQ_window_00_frame_0 full16 pair 151 camera_direction_bound
am2_window_01_frame_28019 full16 pair 125 matched
am2_window_01_frame_28019 full16 pair 126 matched
am2_window_01_frame_28019 full16 pair 127 camera_direction_bound
am2_window_01_frame_28019 full16 pair 128 camera_direction_bound
am2_window_01_frame_28019 full16 pair 129 camera_direction_bound
gxBQ_window_00_frame_5 full16 pair 176 matched
am3_window_00_frame_0 svd12 pair 197 matched
am3_window_00_frame_0 svd12 pair 198 camera_direction_bound
am3_window_00_frame_0 svd12 pair 200 camera_direction_bound
am3_window_00_frame_0 svd12 pair 201 camera_direction_bound
gxBQ_window_00_frame_0 full16 pair 152 matched
am2_window_01_frame_28019 full16 pair 130 matched
am2_window_01_frame_28019 full16 pair 131 camera_direction_bound
am2_window_01_frame_28019 full16 pair 132 matched
am2_window_01_frame_28019 full16 pair 133 matched
am2_window_01_frame_28019 full16 pair 134 camera_direction_bound
am2_window_01_frame_28019 full16 pair 135 camera_direction_bound
am2_window_01_frame_28019 full16 pair 136 camera_direction_bound
am2_window_01_frame_28019 full16 pair 137 camera_direction_bound
am2_window_01_frame_28019 full16 pair 138 camera_direction_bound
gxBQ_window_00_frame_5 full16 pair 177 matched
gxBQ_window_00_frame_0 full16 pair 153 matched
gxBQ_window_00_frame_0 full16 pair 154 camera_direction_bound
am3_window_00_frame_0 svd12 pair 203 matched
am3_window_00_frame_0 svd12 pair 204 camera_direction_bound
am3_window_00_frame_0 svd12 pair 205 camera_direction_bound
am3_window_00_frame_0 svd12 pair 206 camera_direction_bound
am3_window_00_frame_0 svd12 pair 207 camera_direction_bound
am3_window_00_frame_0 svd12 pair 208 camera_direction_bound
am3_window_00_frame_0 svd12 pair 209 camera_direction_bound
gxBQ_window_00_frame_5 full16 pair 178 matched
am2_window_01_frame_28019 full16 pair 139 matched
gxBQ_window_00_frame_0 full16 pair 155 matched
gxBQ_window_00_frame_0 full16 pair 156 camera_direction_bound
gxBQ_window_00_frame_0 full16 pair 157 camera_direction_bound
gxBQ_window_00_frame_5 full16 pair 179 matched
gxBQ_window_00_frame_5 full16 pair 180 camera_direction_bound
am2_window_01_frame_28019 full16 pair 140 matched
am3_window_00_frame_0 svd12 pair 212 matched
am3_window_00_frame_0 svd12 pair 213 camera_direction_bound
am3_window_00_frame_0 svd12 pair 215 camera_direction_bound
am3_window_00_frame_0 svd12 pair 216 camera_direction_bound
am2_window_01_frame_28019 full16 pair 141 matched
am2_window_01_frame_28019 full16 pair 142 camera_direction_bound
am2_window_01_frame_28019 full16 pair 143 camera_direction_bound
gxBQ_window_00_frame_0 full16 pair 158 matched
gxBQ_window_00_frame_0 full16 pair 159 camera_direction_bound
am2_window_01_frame_28019 full16 pair 144 matched
am2_window_01_frame_28019 full16 pair 145 camera_direction_bound
am2_window_01_frame_28019 full16 pair 146 camera_direction_bound
am2_window_01_frame_28019 full16 pair 147 matched
am2_window_01_frame_28019 full16 pair 148 camera_direction_bound
am2_window_01_frame_28019 full16 pair 149 camera_direction_bound
am2_window_01_frame_28019 full16 pair 150 camera_direction_bound
gxBQ_window_00_frame_0 full16 pair 160 matched
gxBQ_window_00_frame_0 full16 pair 161 camera_direction_bound
gxBQ_window_00_frame_5 full16 pair 181 matched
gxBQ_window_00_frame_5 full16 pair 182 camera_direction_bound
am2_window_01_frame_28019 full16 pair 151 matched
am2_window_01_frame_28019 full16 pair 152 camera_direction_bound
am3_window_00_frame_0 svd12 pair 218 matched
am3_window_00_frame_0 svd12 pair 219 camera_direction_bound
am3_window_00_frame_0 svd12 pair 220 camera_direction_bound
am3_window_00_frame_0 svd12 pair 221 camera_direction_bound
am3_window_00_frame_0 svd12 pair 222 camera_direction_bound
am3_window_00_frame_0 svd12 pair 223 camera_direction_bound
am3_window_00_frame_0 svd12 pair 224 camera_direction_bound
am2_window_01_frame_28019 full16 pair 153 matched
am2_window_01_frame_28019 full16 pair 154 camera_direction_bound
am2_window_01_frame_28019 full16 pair 155 camera_direction_bound
am2_window_01_frame_28019 full16 pair 156 camera_direction_bound
am2_window_01_frame_28019 full16 pair 157 camera_direction_bound
am2_window_01_frame_28019 full16 pair 158 camera_direction_bound
gxBQ_window_00_frame_5 full16 pair 183 matched
gxBQ_window_00_frame_5 full16 pair 184 camera_direction_bound
gxBQ_window_00_frame_0 full16 pair 162 matched
am2_window_01_frame_28019 full16 pair 159 matched
am3_window_00_frame_0 svd12 pair 227 matched
am3_window_00_frame_0 svd12 pair 228 camera_direction_bound
am3_window_00_frame_0 svd12 pair 230 camera_direction_bound
am3_window_00_frame_0 svd12 pair 231 camera_direction_bound
gxBQ_window_00_frame_5 full16 pair 185 matched
gxBQ_window_00_frame_5 full16 pair 186 camera_direction_bound
am2_window_01_frame_28019 full16 pair 160 matched
am2_window_01_frame_28019 full16 pair 161 matched
am2_window_01_frame_28019 full16 pair 162 camera_direction_bound
am2_window_01_frame_28019 full16 pair 163 camera_direction_bound
am2_window_01_frame_28019 full16 pair 164 matched
gxBQ_window_00_frame_0 full16 pair 163 matched
gxBQ_window_00_frame_5 full16 pair 187 matched
am3_window_00_frame_0 svd12 pair 233 matched
am3_window_00_frame_0 svd12 pair 234 camera_direction_bound
am3_window_00_frame_0 svd12 pair 235 camera_direction_bound
am3_window_00_frame_0 svd12 pair 236 camera_direction_bound
am3_window_00_frame_0 svd12 pair 237 camera_direction_bound
am3_window_00_frame_0 svd12 pair 238 camera_direction_bound
am3_window_00_frame_0 svd12 pair 239 camera_direction_bound
gxBQ_window_00_frame_5 full16 pair 188 matched
gxBQ_window_00_frame_5 full16 pair 189 camera_direction_bound
gxBQ_window_00_frame_5 full16 pair 190 matched
am2_window_01_frame_28019 full16 pair 165 matched
am2_window_01_frame_28019 full16 pair 166 camera_direction_bound
gxBQ_window_00_frame_0 full16 pair 164 matched
gxBQ_window_00_frame_0 full16 pair 165 camera_direction_bound
gxBQ_window_00_frame_5 full16 pair 191 matched
gxBQ_window_00_frame_5 full16 pair 192 camera_direction_bound
gxBQ_window_00_frame_5 full16 pair 193 camera_direction_bound
gxBQ_window_00_frame_5 full16 pair 194 camera_direction_bound
gxBQ_window_00_frame_5 full16 pair 195 camera_direction_bound
gxBQ_window_00_frame_0 full16 pair 166 matched
gxBQ_window_00_frame_0 full16 pair 167 camera_direction_bound
gxBQ_window_00_frame_0 full16 pair 168 camera_direction_bound
gxBQ_window_00_frame_0 full16 pair 169 camera_direction_bound
gxBQ_window_00_frame_0 full16 pair 170 camera_direction_bound
gxBQ_window_00_frame_0 full16 pair 171 matched
am2_window_01_frame_28019 full16 pair 167 matched
am2_window_01_frame_28019 full16 pair 168 camera_direction_bound
gxBQ_window_00_frame_5 full16 pair 196 matched
gxBQ_window_00_frame_5 full16 pair 197 camera_direction_bound
gxBQ_window_00_frame_0 full16 pair 172 matched
gxBQ_window_00_frame_0 full16 pair 173 camera_direction_bound
gxBQ_window_00_frame_0 full16 pair 174 matched
gxBQ_window_00_frame_5 full16 pair 198 matched
gxBQ_window_00_frame_5 full16 pair 199 camera_direction_bound
am2_window_01_frame_28019 full16 pair 169 matched
gxBQ_window_00_frame_0 full16 pair 175 matched
gxBQ_window_00_frame_0 full16 pair 176 camera_direction_bound
gxBQ_window_00_frame_0 full16 pair 177 camera_direction_bound
gxBQ_window_00_frame_0 full16 pair 178 camera_direction_bound
gxBQ_window_00_frame_0 full16 pair 179 camera_direction_bound
am2_window_01_frame_28019 full16 pair 170 matched
gxBQ_window_00_frame_0 full16 pair 180 matched
gxBQ_window_00_frame_0 full16 pair 181 camera_direction_bound
am2_window_01_frame_28019 full16 pair 171 matched
gxBQ_window_00_frame_0 full16 pair 182 matched
gxBQ_window_00_frame_0 full16 pair 183 camera_direction_bound
gxBQ_window_00_frame_0 full16 pair 184 camera_direction_bound
gxBQ_window_00_frame_0 full16 pair 185 matched
gxBQ_window_00_frame_0 full16 pair 186 matched
gxBQ_window_00_frame_0 full16 pair 187 camera_direction_bound
gxBQ_window_00_frame_0 full16 pair 188 camera_direction_bound
gxBQ_window_00_frame_0 full16 pair 189 camera_direction_bound
gxBQ_window_00_frame_0 full16 pair 190 camera_direction_bound
gxBQ_window_00_frame_0 full16 pair 191 camera_direction_bound
gxBQ_window_00_frame_5 full16 pair 200 matched
gxBQ_window_00_frame_5 full16 pair 201 camera_direction_bound
gxBQ_window_00_frame_0 full16 pair 192 matched
gxBQ_window_00_frame_0 full16 pair 193 matched
gxBQ_window_00_frame_0 full16 pair 194 matched
gxBQ_window_00_frame_0 full16 pair 195 camera_direction_bound
gxBQ_window_00_frame_5 full16 pair 202 matched
gxBQ_window_00_frame_5 full16 pair 203 matched
gxBQ_window_00_frame_5 full16 pair 204 camera_direction_bound
am2_window_01_frame_28019 full16 pair 172 matched
gxBQ_window_00_frame_5 full16 pair 205 matched
am2_window_01_frame_28019 full16 pair 173 matched
am2_window_01_frame_28019 full16 pair 174 camera_direction_bound
am2_window_01_frame_28019 full16 pair 175 matched
am2_window_01_frame_28019 full16 pair 176 camera_direction_bound
am2_window_01_frame_28019 full16 pair 177 matched
am2_window_01_frame_28019 full16 pair 178 camera_direction_bound
am2_window_01_frame_28019 full16 pair 179 camera_direction_bound
am2_window_01_frame_28019 full16 pair 180 camera_direction_bound
am2_window_01_frame_28019 full16 pair 181 camera_direction_bound
am2_window_01_frame_28019 full16 pair 182 camera_direction_bound
am2_window_01_frame_28019 full16 pair 183 camera_direction_bound
gxBQ_window_00_frame_0 full16 pair 196 matched
gxBQ_window_00_frame_0 full16 pair 197 camera_direction_bound
gxBQ_window_00_frame_5 full16 pair 206 matched
gxBQ_window_00_frame_5 full16 pair 207 camera_direction_bound
gxBQ_window_00_frame_5 full16 pair 208 camera_direction_bound
gxBQ_window_00_frame_5 full16 pair 209 camera_direction_bound
gxBQ_window_00_frame_5 full16 pair 210 camera_direction_bound
gxBQ_window_00_frame_5 full16 pair 211 matched
gxBQ_window_00_frame_5 full16 pair 212 camera_direction_bound
am2_window_01_frame_28019 full16 pair 184 matched
am2_window_01_frame_28019 full16 pair 185 matched
gxBQ_window_00_frame_0 full16 pair 198 matched
am2_window_01_frame_28019 full16 pair 186 matched
am2_window_01_frame_28019 full16 pair 187 camera_direction_bound
am2_window_01_frame_28019 full16 pair 188 camera_direction_bound
am2_window_01_frame_28019 full16 pair 189 camera_direction_bound
am2_window_01_frame_28019 full16 pair 190 matched
am2_window_01_frame_28019 full16 pair 191 camera_direction_bound
am2_window_01_frame_28019 full16 pair 192 camera_direction_bound
am2_window_01_frame_28019 full16 pair 193 camera_direction_bound
am2_window_01_frame_28019 full16 pair 194 camera_direction_bound
am2_window_01_frame_28019 full16 pair 195 camera_direction_bound
gxBQ_window_00_frame_5 full16 pair 213 matched
gxBQ_window_00_frame_5 full16 pair 214 camera_direction_bound
am2_window_01_frame_28019 full16 pair 196 matched
am2_window_01_frame_28019 full16 pair 197 camera_direction_bound
am2_window_01_frame_28019 full16 pair 198 matched
am2_window_01_frame_28019 full16 pair 199 camera_direction_bound
am2_window_01_frame_28019 full16 pair 200 camera_direction_bound
am2_window_01_frame_28019 full16 pair 201 camera_direction_bound
am2_window_01_frame_28019 full16 pair 202 camera_direction_bound
am2_window_01_frame_28019 full16 pair 203 matched
gxBQ_window_00_frame_0 full16 pair 199 matched
gxBQ_window_00_frame_0 full16 pair 200 camera_direction_bound
am2_window_01_frame_28019 full16 pair 204 matched
am2_window_01_frame_28019 full16 pair 205 camera_direction_bound
am2_window_01_frame_28019 full16 pair 206 matched
am2_window_01_frame_28019 full16 pair 207 camera_direction_bound
am2_window_01_frame_28019 full16 pair 208 camera_direction_bound
am2_window_01_frame_28019 full16 pair 209 matched
am2_window_01_frame_28019 full16 pair 210 matched
am2_window_01_frame_28019 full16 pair 211 camera_direction_bound
am2_window_01_frame_28019 full16 pair 212 matched
am2_window_01_frame_28019 full16 pair 213 camera_direction_bound
am2_window_01_frame_28019 full16 pair 214 matched
am2_window_01_frame_28019 full16 pair 215 camera_direction_bound
am2_window_01_frame_28019 full16 pair 216 camera_direction_bound
am2_window_01_frame_28019 full16 pair 217 camera_direction_bound
am2_window_01_frame_28019 full16 pair 218 matched
am2_window_01_frame_28019 full16 pair 219 camera_direction_bound
am2_window_01_frame_28019 full16 pair 220 camera_direction_bound
am2_window_01_frame_28019 full16 pair 221 camera_direction_bound
am2_window_01_frame_28019 full16 pair 222 camera_direction_bound
am2_window_01_frame_28019 full16 pair 223 camera_direction_bound
am2_window_01_frame_28019 full16 pair 224 camera_direction_bound
am2_window_01_frame_28019 full16 pair 225 camera_direction_bound
am2_window_01_frame_28019 full16 pair 226 camera_direction_bound
am2_window_01_frame_28019 full16 pair 227 camera_direction_bound
am2_window_01_frame_28019 full16 pair 228 camera_direction_bound
am2_window_01_frame_28019 full16 pair 229 camera_direction_bound
am2_window_01_frame_28019 full16 pair 230 matched
am2_window_01_frame_28019 full16 pair 231 matched
am2_window_01_frame_28019 full16 pair 232 camera_direction_bound
am2_window_01_frame_28019 full16 pair 233 camera_direction_bound
am2_window_01_frame_28019 full16 pair 234 camera_direction_bound
am2_window_01_frame_28019 full16 pair 235 matched
am2_window_01_frame_28019 full16 pair 236 camera_direction_bound
am2_window_01_frame_28019 full16 pair 237 camera_direction_bound
am2_window_01_frame_28019 full16 pair 238 matched
am2_window_01_frame_28019 full16 pair 239 camera_direction_bound
gxBQ_window_00_frame_5 full16 pair 215 matched
gxBQ_window_00_frame_5 full16 pair 216 camera_direction_bound
gxBQ_window_00_frame_5 full16 pair 217 matched
gxBQ_window_00_frame_5 full16 pair 218 matched
gxBQ_window_00_frame_5 full16 pair 219 camera_direction_bound
gxBQ_window_00_frame_0 full16 pair 201 matched
gxBQ_window_00_frame_0 full16 pair 202 camera_direction_bound
gxBQ_window_00_frame_5 full16 pair 220 matched
gxBQ_window_00_frame_5 full16 pair 221 matched
gxBQ_window_00_frame_5 full16 pair 222 camera_direction_bound
gxBQ_window_00_frame_5 full16 pair 223 camera_direction_bound
gxBQ_window_00_frame_5 full16 pair 224 camera_direction_bound
gxBQ_window_00_frame_5 full16 pair 225 camera_direction_bound
gxBQ_window_00_frame_0 full16 pair 203 matched
gxBQ_window_00_frame_5 full16 pair 226 matched
gxBQ_window_00_frame_5 full16 pair 227 camera_direction_bound
gxBQ_window_00_frame_5 full16 pair 228 matched
gxBQ_window_00_frame_5 full16 pair 229 camera_direction_bound
gxBQ_window_00_frame_0 full16 pair 204 matched
gxBQ_window_00_frame_5 full16 pair 230 matched
gxBQ_window_00_frame_5 full16 pair 231 camera_direction_bound
gxBQ_window_00_frame_5 full16 pair 232 matched
gxBQ_window_00_frame_5 full16 pair 233 matched
gxBQ_window_00_frame_5 full16 pair 234 camera_direction_bound
gxBQ_window_00_frame_5 full16 pair 235 matched
gxBQ_window_00_frame_0 full16 pair 205 matched
gxBQ_window_00_frame_0 full16 pair 206 camera_direction_bound
gxBQ_window_00_frame_0 full16 pair 207 matched
gxBQ_window_00_frame_0 full16 pair 208 camera_direction_bound
gxBQ_window_00_frame_0 full16 pair 209 camera_direction_bound
gxBQ_window_00_frame_0 full16 pair 210 camera_direction_bound
gxBQ_window_00_frame_5 full16 pair 236 matched
gxBQ_window_00_frame_5 full16 pair 237 camera_direction_bound
gxBQ_window_00_frame_5 full16 pair 238 camera_direction_bound
gxBQ_window_00_frame_5 full16 pair 239 camera_direction_bound
gxBQ_window_00_frame_0 full16 pair 211 matched
gxBQ_window_00_frame_0 full16 pair 212 camera_direction_bound
gxBQ_window_00_frame_0 full16 pair 213 matched
gxBQ_window_00_frame_0 full16 pair 214 matched
gxBQ_window_00_frame_0 full16 pair 215 camera_direction_bound
gxBQ_window_00_frame_0 full16 pair 216 matched
gxBQ_window_00_frame_0 full16 pair 217 camera_direction_bound
gxBQ_window_00_frame_0 full16 pair 218 matched
gxBQ_window_00_frame_0 full16 pair 219 matched
gxBQ_window_00_frame_0 full16 pair 220 matched
gxBQ_window_00_frame_0 full16 pair 221 camera_direction_bound
gxBQ_window_00_frame_0 full16 pair 222 matched
gxBQ_window_00_frame_0 full16 pair 223 camera_direction_bound
gxBQ_window_00_frame_0 full16 pair 224 camera_direction_bound
gxBQ_window_00_frame_0 full16 pair 225 camera_direction_bound
gxBQ_window_00_frame_0 full16 pair 226 matched
gxBQ_window_00_frame_0 full16 pair 227 camera_direction_bound
gxBQ_window_00_frame_0 full16 pair 228 matched
gxBQ_window_00_frame_0 full16 pair 229 matched
gxBQ_window_00_frame_0 full16 pair 230 camera_direction_bound
gxBQ_window_00_frame_0 full16 pair 231 matched
gxBQ_window_00_frame_0 full16 pair 232 camera_direction_bound
gxBQ_window_00_frame_0 full16 pair 233 matched
gxBQ_window_00_frame_0 full16 pair 234 matched
gxBQ_window_00_frame_0 full16 pair 235 matched
gxBQ_window_00_frame_0 full16 pair 236 camera_direction_bound
gxBQ_window_00_frame_0 full16 pair 237 matched
gxBQ_window_00_frame_0 full16 pair 238 camera_direction_bound
gxBQ_window_00_frame_0 full16 pair 239 camera_direction_bound
gxBQ_window_00_frame_0 svd12 pair 17 matched
gxBQ_window_00_frame_0 svd12 pair 18 matched
gxBQ_window_00_frame_0 svd12 pair 19 matched
gxBQ_window_00_frame_0 svd12 pair 20 camera_direction_bound
gxBQ_window_00_frame_0 svd12 pair 22 matched
gxBQ_window_00_frame_0 svd12 pair 23 camera_direction_bound
gxBQ_window_00_frame_0 svd12 pair 24 camera_direction_bound
gxBQ_window_00_frame_0 svd12 pair 25 matched
gxBQ_window_00_frame_0 svd12 pair 26 camera_direction_bound
gxBQ_window_00_frame_0 svd12 pair 27 matched
gxBQ_window_00_frame_0 svd12 pair 28 matched
gxBQ_window_00_frame_0 svd12 pair 46 matched
gxBQ_window_00_frame_0 svd12 pair 48 camera_direction_bound
gxBQ_window_00_frame_0 svd12 pair 49 matched
gxBQ_window_00_frame_0 svd12 pair 50 matched
gxBQ_window_00_frame_0 svd12 pair 52 camera_direction_bound
gxBQ_window_00_frame_0 svd12 pair 53 matched
gxBQ_window_00_frame_0 svd12 pair 54 matched
gxBQ_window_00_frame_0 svd12 pair 55 camera_direction_bound
gxBQ_window_00_frame_0 svd12 pair 56 camera_direction_bound
gxBQ_window_00_frame_0 svd12 pair 57 matched
gxBQ_window_00_frame_0 svd12 pair 58 matched
gxBQ_window_00_frame_0 svd12 pair 61 matched
gxBQ_window_00_frame_0 svd12 pair 63 camera_direction_bound
gxBQ_window_00_frame_0 svd12 pair 64 matched
gxBQ_window_00_frame_0 svd12 pair 65 matched
gxBQ_window_00_frame_0 svd12 pair 67 camera_direction_bound
gxBQ_window_00_frame_0 svd12 pair 68 matched
gxBQ_window_00_frame_0 svd12 pair 69 camera_direction_bound
gxBQ_window_00_frame_0 svd12 pair 70 camera_direction_bound
gxBQ_window_00_frame_0 svd12 pair 71 camera_direction_bound
gxBQ_window_00_frame_0 svd12 pair 72 matched
gxBQ_window_00_frame_0 svd12 pair 73 matched
gxBQ_window_00_frame_0 svd12 pair 76 matched
gxBQ_window_00_frame_0 svd12 pair 78 matched
gxBQ_window_00_frame_0 svd12 pair 79 matched
gxBQ_window_00_frame_0 svd12 pair 80 matched
gxBQ_window_00_frame_0 svd12 pair 82 matched
gxBQ_window_00_frame_0 svd12 pair 83 matched
gxBQ_window_00_frame_0 svd12 pair 84 matched
gxBQ_window_00_frame_0 svd12 pair 85 camera_direction_bound
gxBQ_window_00_frame_0 svd12 pair 86 matched
gxBQ_window_00_frame_0 svd12 pair 87 camera_direction_bound
gxBQ_window_00_frame_0 svd12 pair 88 camera_direction_bound
gxBQ_window_00_frame_0 svd12 pair 91 camera_direction_bound
gxBQ_window_00_frame_0 svd12 pair 93 matched
gxBQ_window_00_frame_0 svd12 pair 94 matched
gxBQ_window_00_frame_0 svd12 pair 95 matched
gxBQ_window_00_frame_0 svd12 pair 97 matched
gxBQ_window_00_frame_0 svd12 pair 98 camera_direction_bound
gxBQ_window_00_frame_0 svd12 pair 99 camera_direction_bound
gxBQ_window_00_frame_0 svd12 pair 100 matched
gxBQ_window_00_frame_0 svd12 pair 101 matched
gxBQ_window_00_frame_0 svd12 pair 102 matched
gxBQ_window_00_frame_0 svd12 pair 103 matched
gxBQ_window_00_frame_0 svd12 pair 121 matched
gxBQ_window_00_frame_0 svd12 pair 123 camera_direction_bound
gxBQ_window_00_frame_0 svd12 pair 124 camera_direction_bound
gxBQ_window_00_frame_0 svd12 pair 125 matched
gxBQ_window_00_frame_0 svd12 pair 126 matched
gxBQ_window_00_frame_0 svd12 pair 128 matched
gxBQ_window_00_frame_0 svd12 pair 129 matched
gxBQ_window_00_frame_0 svd12 pair 130 camera_direction_bound
gxBQ_window_00_frame_0 svd12 pair 131 camera_direction_bound
gxBQ_window_00_frame_0 svd12 pair 132 matched
gxBQ_window_00_frame_0 svd12 pair 133 matched
gxBQ_window_00_frame_0 svd12 pair 136 camera_direction_bound
gxBQ_window_00_frame_0 svd12 pair 138 matched
gxBQ_window_00_frame_0 svd12 pair 139 matched
gxBQ_window_00_frame_0 svd12 pair 140 matched
gxBQ_window_00_frame_0 svd12 pair 141 camera_direction_bound
gxBQ_window_00_frame_0 svd12 pair 143 matched
gxBQ_window_00_frame_0 svd12 pair 144 camera_direction_bound
gxBQ_window_00_frame_0 svd12 pair 145 matched
gxBQ_window_00_frame_0 svd12 pair 146 camera_direction_bound
gxBQ_window_00_frame_0 svd12 pair 147 matched
gxBQ_window_00_frame_0 svd12 pair 148 matched
gxBQ_window_00_frame_0 svd12 pair 151 camera_direction_bound
gxBQ_window_00_frame_0 svd12 pair 153 matched
gxBQ_window_00_frame_0 svd12 pair 154 camera_direction_bound
gxBQ_window_00_frame_0 svd12 pair 155 matched
gxBQ_window_00_frame_0 svd12 pair 156 camera_direction_bound
gxBQ_window_00_frame_0 svd12 pair 158 matched
gxBQ_window_00_frame_0 svd12 pair 159 camera_direction_bound
gxBQ_window_00_frame_0 svd12 pair 160 matched
gxBQ_window_00_frame_0 svd12 pair 161 camera_direction_bound
gxBQ_window_00_frame_0 svd12 pair 162 matched
gxBQ_window_00_frame_0 svd12 pair 163 matched
gxBQ_window_00_frame_0 svd12 pair 166 matched
gxBQ_window_00_frame_0 svd12 pair 168 camera_direction_bound
gxBQ_window_00_frame_0 svd12 pair 169 camera_direction_bound
gxBQ_window_00_frame_0 svd12 pair 170 camera_direction_bound
gxBQ_window_00_frame_0 svd12 pair 171 matched
gxBQ_window_00_frame_0 svd12 pair 173 camera_direction_bound
gxBQ_window_00_frame_0 svd12 pair 174 matched
gxBQ_window_00_frame_0 svd12 pair 175 matched
gxBQ_window_00_frame_0 svd12 pair 176 camera_direction_bound
gxBQ_window_00_frame_0 svd12 pair 177 camera_direction_bound
gxBQ_window_00_frame_0 svd12 pair 178 camera_direction_bound
gxBQ_window_00_frame_0 svd12 pair 181 camera_direction_bound
gxBQ_window_00_frame_0 svd12 pair 183 camera_direction_bound
gxBQ_window_00_frame_0 svd12 pair 184 camera_direction_bound
gxBQ_window_00_frame_0 svd12 pair 185 matched
gxBQ_window_00_frame_0 svd12 pair 186 matched
gxBQ_window_00_frame_0 svd12 pair 188 camera_direction_bound
gxBQ_window_00_frame_0 svd12 pair 189 camera_direction_bound
gxBQ_window_00_frame_0 svd12 pair 190 camera_direction_bound
gxBQ_window_00_frame_0 svd12 pair 191 camera_direction_bound
gxBQ_window_00_frame_0 svd12 pair 192 matched
gxBQ_window_00_frame_0 svd12 pair 193 matched
gxBQ_window_00_frame_0 svd12 pair 196 matched
gxBQ_window_00_frame_0 svd12 pair 198 matched
gxBQ_window_00_frame_0 svd12 pair 199 matched
gxBQ_window_00_frame_0 svd12 pair 200 camera_direction_bound
gxBQ_window_00_frame_0 svd12 pair 201 matched
gxBQ_window_00_frame_0 svd12 pair 203 matched
gxBQ_window_00_frame_0 svd12 pair 204 matched
gxBQ_window_00_frame_0 svd12 pair 205 matched
gxBQ_window_00_frame_0 svd12 pair 206 camera_direction_bound
gxBQ_window_00_frame_0 svd12 pair 207 matched
gxBQ_window_00_frame_0 svd12 pair 208 camera_direction_bound
gxBQ_window_00_frame_0 svd12 pair 211 matched
gxBQ_window_00_frame_0 svd12 pair 213 matched
gxBQ_window_00_frame_0 svd12 pair 214 matched
gxBQ_window_00_frame_0 svd12 pair 215 camera_direction_bound
gxBQ_window_00_frame_0 svd12 pair 216 matched
gxBQ_window_00_frame_0 svd12 pair 218 matched
gxBQ_window_00_frame_0 svd12 pair 219 matched
gxBQ_window_00_frame_0 svd12 pair 220 matched
gxBQ_window_00_frame_0 svd12 pair 221 camera_direction_bound
gxBQ_window_00_frame_0 svd12 pair 222 matched
gxBQ_window_00_frame_0 svd12 pair 223 camera_direction_bound
FULL batch wall seconds 6632.385718723293
